2026-10-02 23:15:04,197 - orchestrator - INFO - ✅ Configuración cargada desde config.yaml
2026-10-02 23:15:04,199 - orchestrator - INFO - 🚀 Inicializando Felix Automation Orchestrator
2026-10-02 23:15:04,199 - orchestrator - INFO - ✅ Conectado a BD: ./felix_automation.db
2026-10-02 23:15:09,788 - orchestrator - INFO - ✅ Configuración cargada desde config.yaml
2026-10-02 23:15:09,788 - orchestrator - INFO - 🚀 Inicializando Felix Automation Orchestrator
2026-10-02 23:15:09,788 - orchestrator - INFO - ✅ Conectado a BD: ./felix_automation.db
2026-10-02 23:15:09,789 - agents.multi_platform_auditor_agent - INFO - ✅ Multi-Platform Auditor Agent inicializado
2026-10-02 23:15:09,789 - agents.multi_platform_auditor_agent - INFO - 🔍 Auditando cliente: Raíces de Cauquenes en plataformas: ['web', 'facebook_ads', 'google_ads']
2026-10-02 23:15:09,790 - agents.multi_platform_auditor_agent - INFO -   ⚡ Auditando Web para Raíces de Cauquenes
2026-10-02 23:15:09,791 - agents.multi_platform_auditor_agent - INFO -   🔍 Auditando Google Ads para Raíces de Cauquenes
2026-10-02 23:15:09,791 - agents.multi_platform_auditor_agent - INFO -   📘 Auditando Facebook Ads para Raíces de Cauquenes
2026-10-02 23:15:09,791 - agents.multi_platform_auditor_agent - ERROR - ❌ Error auditando web: SQLite objects created in a thread can only be used in that same thread. The object was created in thread id 139696688402560 and this is thread id 139696676402880.
2026-10-02 23:15:09,791 - agents.multi_platform_auditor_agent - ERROR - ❌ Error auditando google_ads: SQLite objects created in a thread can only be used in that same thread. The object was created in thread id 139696688402560 and this is thread id 139696668010176.
2026-10-02 23:15:09,791 - agents.multi_platform_auditor_agent - ERROR - ❌ Error auditando facebook_ads: SQLite objects created in a thread can only be used in that same thread. The object was created in thread id 139696688402560 and this is thread id 139696676402880.
2026-10-02 23:15:09,792 - agents.multi_platform_auditor_agent - INFO -   💾 Guardando resultados - Score promedio: 0/100
2026-10-02 23:15:09,792 - agents.multi_platform_auditor_agent - INFO - 🔍 Auditando cliente: TechShop Premium en plataformas: ['web', 'facebook_ads', 'google_ads']
2026-10-02 23:15:09,792 - agents.multi_platform_auditor_agent - INFO -   ⚡ Auditando Web para TechShop Premium
2026-10-02 23:15:09,792 - agents.multi_platform_auditor_agent - INFO -   🔍 Auditando Google Ads para TechShop Premium
2026-10-02 23:15:09,792 - agents.multi_platform_auditor_agent - INFO -   📘 Auditando Facebook Ads para TechShop Premium
2026-10-02 23:15:09,792 - agents.multi_platform_auditor_agent - ERROR - ❌ Error auditando web: SQLite objects created in a thread can only be used in that same thread. The object was created in thread id 139696688402560 and this is thread id 139696676402880.
2026-10-02 23:15:09,793 - agents.multi_platform_auditor_agent - ERROR - ❌ Error auditando google_ads: SQLite objects created in a thread can only be used in that same thread. The object was created in thread id 139696688402560 and this is thread id 139696668010176.
2026-10-02 23:15:09,793 - agents.multi_platform_auditor_agent - ERROR - ❌ Error auditando facebook_ads: SQLite objects created in a thread can only be used in that same thread. The object was created in thread id 139696688402560 and this is thread id 139696676402880.
2026-10-02 23:15:09,793 - agents.multi_platform_auditor_agent - INFO -   💾 Guardando resultados - Score promedio: 0/100
2026-10-02 23:15:09,793 - agents.multi_platform_auditor_agent - INFO - 🔍 Auditando cliente: ConsultorLabs en plataformas: ['web', 'facebook_ads', 'google_ads']
2026-10-02 23:15:09,793 - agents.multi_platform_auditor_agent - INFO -   ⚡ Auditando Web para ConsultorLabs
2026-10-02 23:15:09,794 - agents.multi_platform_auditor_agent - INFO -   🔍 Auditando Google Ads para ConsultorLabs
2026-10-02 23:15:09,794 - agents.multi_platform_auditor_agent - INFO -   📘 Auditando Facebook Ads para ConsultorLabs
2026-10-02 23:15:09,794 - agents.multi_platform_auditor_agent - ERROR - ❌ Error auditando web: SQLite objects created in a thread can only be used in that same thread. The object was created in thread id 139696688402560 and this is thread id 139696668010176.
2026-10-02 23:15:09,794 - agents.multi_platform_auditor_agent - ERROR - ❌ Error auditando google_ads: SQLite objects created in a thread can only be used in that same thread. The object was created in thread id 139696688402560 and this is thread id 139696676402880.
2026-10-02 23:15:09,794 - agents.multi_platform_auditor_agent - ERROR - ❌ Error auditando facebook_ads: SQLite objects created in a thread can only be used in that same thread. The object was created in thread id 139696688402560 and this is thread id 139696668010176.
2026-10-02 23:15:09,795 - agents.multi_platform_auditor_agent - INFO -   💾 Guardando resultados - Score promedio: 0/100
2026-10-02 23:15:09,795 - agents.proposal_generator_agent - INFO - ✅ Proposal Generator Agent inicializado
2026-10-02 23:15:09,795 - agents.proposal_generator_agent - INFO - 📝 Generando propuesta para: Raíces de Cauquenes
2026-10-02 23:15:09,797 - orchestrator - INFO - ✅ Propuesta creada: ID 1 para cliente ID 1
2026-10-02 23:15:10,975 - weasyprint.progress - INFO - Step 2 - Fetching and parsing CSS - CSS string
2026-10-02 23:15:11,053 - weasyprint.progress - INFO - Step 2 - Fetching and parsing CSS - CSS string
2026-10-02 23:15:11,077 - weasyprint.progress - INFO - Step 2 - Fetching and parsing CSS - CSS string
2026-10-02 23:15:11,329 - weasyprint.progress - INFO - Step 1 - Fetching and parsing HTML - HTML string
2026-10-02 23:15:11,375 - weasyprint.progress - INFO - Step 2 - Fetching and parsing CSS - CSS string
2026-10-02 23:15:11,379 - weasyprint.progress - INFO - Step 3 - Applying CSS
2026-10-02 23:15:11,386 - weasyprint.progress - INFO - Step 4 - Creating formatting structure
2026-10-02 23:15:11,389 - weasyprint.progress - INFO - Step 5 - Creating layout - Page 1
2026-10-02 23:15:11,494 - weasyprint.progress - INFO - Step 5 - Creating layout - Page 2
2026-10-02 23:15:11,514 - weasyprint.progress - INFO - Step 6 - Creating PDF
2026-10-02 23:15:12,102 - weasyprint.progress - INFO - Step 7 - Adding PDF metadata
2026-10-02 23:15:12,102 - weasyprint - WARNING - Using fontTools instead of HarfBuzz-Subset for font "Inter". This will be unsupported in future versions of WeasyPrint. Please install HarfBuzz-Subset >= 4.1.0 with your package manager.
2026-10-02 23:15:12,104 - fontTools.subset - INFO - maxp pruned
2026-10-02 23:15:12,117 - fontTools.subset - INFO - cmap pruned
2026-10-02 23:15:12,117 - fontTools.subset - INFO - post pruned
2026-10-02 23:15:12,119 - fontTools.subset - INFO - CFF  pruned
2026-10-02 23:15:12,119 - fontTools.subset - INFO - GPOS dropped
2026-10-02 23:15:12,119 - fontTools.subset - INFO - GSUB dropped
2026-10-02 23:15:12,120 - fontTools.subset - INFO - Added .notdef to subset
2026-10-02 23:15:12,121 - fontTools.subset - INFO - Closing glyph list over 'CFF ': 44 glyphs before
2026-10-02 23:15:12,121 - fontTools.subset - INFO - Glyph names: ['.notdef', 'A', 'D', 'I', 'L', 'M', 'N', 'O', 'P', 'Q', 'R', 'S', 'T', 'a', 'c', 'colon', 'd', 'e', 'eacute', 'eight', 'five', 'g', 'i', 'iacute', 'j', 'l', 'm', 'n', 'o', 'oacute', 'p', 'percent', 'plus.case', 'question', 'questiondown', 'r', 's', 'six', 'space', 't', 'u', 'v', 'y', 'zero']
2026-10-02 23:15:12,122 - fontTools.subset - INFO - Glyph IDs:   [0, 2, 84, 197, 282, 293, 301, 322, 376, 383, 385, 398, 412, 508, 587, 598, 615, 619, 659, 690, 701, 721, 738, 768, 775, 792, 798, 845, 854, 873, 891, 917, 982, 1000, 1343, 1349, 1351, 1353, 1433, 1436, 1507, 1537, 1738, 1771]
2026-10-02 23:15:12,125 - fontTools.subset - INFO - Closed glyph list over 'CFF ': 44 glyphs after
2026-10-02 23:15:12,125 - fontTools.subset - INFO - Glyph names: ['.notdef', 'A', 'D', 'I', 'L', 'M', 'N', 'O', 'P', 'Q', 'R', 'S', 'T', 'a', 'c', 'colon', 'd', 'e', 'eacute', 'eight', 'five', 'g', 'i', 'iacute', 'j', 'l', 'm', 'n', 'o', 'oacute', 'p', 'percent', 'plus.case', 'question', 'questiondown', 'r', 's', 'six', 'space', 't', 'u', 'v', 'y', 'zero']
2026-10-02 23:15:12,125 - fontTools.subset - INFO - Glyph IDs:   [0, 2, 84, 197, 282, 293, 301, 322, 376, 383, 385, 398, 412, 508, 587, 598, 615, 619, 659, 690, 701, 721, 738, 768, 775, 792, 798, 845, 854, 873, 891, 917, 982, 1000, 1343, 1349, 1351, 1353, 1433, 1436, 1507, 1537, 1738, 1771]
2026-10-02 23:15:12,127 - fontTools.subset - INFO - Retaining 44 glyphs
2026-10-02 23:15:12,128 - fontTools.subset - INFO - head subsetting not needed
2026-10-02 23:15:12,128 - fontTools.subset - INFO - hhea subsetting not needed
2026-10-02 23:15:12,128 - fontTools.subset - INFO - maxp subsetting not needed
2026-10-02 23:15:12,128 - fontTools.subset - INFO - OS/2 subsetting not needed
2026-10-02 23:15:12,129 - fontTools.subset - INFO - cmap subsetted
2026-10-02 23:15:12,129 - fontTools.subset - INFO - post subsetted
2026-10-02 23:15:12,136 - fontTools.subset - INFO - CFF  subsetted
2026-10-02 23:15:12,137 - fontTools.subset - INFO - hmtx subsetted
2026-10-02 23:15:12,138 - fontTools.subset - INFO - GDEF subsetted
2026-10-02 23:15:12,139 - fontTools.subset - INFO - name subsetting not needed
2026-10-02 23:15:12,139 - fontTools.subset - INFO - head pruned
2026-10-02 23:15:12,139 - fontTools.subset - INFO - OS/2 Unicode ranges pruned: [0, 1, 60]
2026-10-02 23:15:12,139 - fontTools.subset - INFO - OS/2 CodePage ranges pruned: [0]
2026-10-02 23:15:12,171 - fontTools.subset - INFO - CFF  pruned
2026-10-02 23:15:12,171 - fontTools.subset - INFO - GDEF pruned
2026-10-02 23:15:12,171 - fontTools.subset - INFO - name pruned
2026-10-02 23:15:12,205 - weasyprint - WARNING - Using fontTools instead of HarfBuzz-Subset for font "Inter". This will be unsupported in future versions of WeasyPrint. Please install HarfBuzz-Subset >= 4.1.0 with your package manager.
2026-10-02 23:15:12,205 - fontTools.subset - INFO - maxp pruned
2026-10-02 23:15:12,215 - fontTools.subset - INFO - cmap pruned
2026-10-02 23:15:12,215 - fontTools.subset - INFO - post pruned
2026-10-02 23:15:12,217 - fontTools.subset - INFO - CFF  pruned
2026-10-02 23:15:12,217 - fontTools.subset - INFO - GPOS dropped
2026-10-02 23:15:12,217 - fontTools.subset - INFO - GSUB dropped
2026-10-02 23:15:12,218 - fontTools.subset - INFO - Added .notdef to subset
2026-10-02 23:15:12,218 - fontTools.subset - INFO - Closing glyph list over 'CFF ': 74 glyphs before
2026-10-02 23:15:12,218 - fontTools.subset - INFO - Glyph names: ['.notdef', 'A', 'B', 'C', 'D', 'E', 'F', 'G', 'M', 'P', 'Q', 'R', 'S', 'T', 'U', 'W', 'a', 'aacute', 'ampersand', 'arrowright.case', 'asciitilde.case', 'at', 'b', 'bar', 'bullet', 'c', 'colon', 'colon.case', 'comma', 'd', 'dollar', 'e', 'eacute', 'f', 'five', 'four', 'g', 'h', 'hyphen.case', 'i', 'iacute', 'j', 'k', 'l', 'm', 'n', 'nine', 'ntilde', 'o', 'oacute', 'one', 'p', 'parenleft', 'parenleft.case', 'parenright', 'period', 'plus.case', 'q', 'r', 's', 'six', 'slash', 'space', 'space.tf', 't', 'three', 'trademark', 'two', 'u', 'v', 'w', 'y', 'z', 'zero']
2026-10-02 23:15:12,219 - fontTools.subset - INFO - Glyph IDs:   [0, 2, 65, 73, 84, 95, 137, 141, 293, 376, 383, 385, 398, 412, 425, 460, 508, 509, 579, 587, 598, 615, 619, 648, 659, 671, 690, 701, 721, 729, 738, 768, 775, 776, 792, 798, 845, 851, 854, 873, 891, 917, 982, 986, 1000, 1024, 1311, 1343, 1344, 1345, 1347, 1348, 1349, 1351, 1354, 1424, 1427, 1439, 1440, 1447, 1448, 1457, 1458, 1466, 1473, 1503, 1504, 1507, 1508, 1537, 1543, 1555, 1771, 1823]
2026-10-02 23:15:12,223 - fontTools.subset - INFO - Closed glyph list over 'CFF ': 74 glyphs after
2026-10-02 23:15:12,223 - fontTools.subset - INFO - Glyph names: ['.notdef', 'A', 'B', 'C', 'D', 'E', 'F', 'G', 'M', 'P', 'Q', 'R', 'S', 'T', 'U', 'W', 'a', 'aacute', 'ampersand', 'arrowright.case', 'asciitilde.case', 'at', 'b', 'bar', 'bullet', 'c', 'colon', 'colon.case', 'comma', 'd', 'dollar', 'e', 'eacute', 'f', 'five', 'four', 'g', 'h', 'hyphen.case', 'i', 'iacute', 'j', 'k', 'l', 'm', 'n', 'nine', 'ntilde', 'o', 'oacute', 'one', 'p', 'parenleft', 'parenleft.case', 'parenright', 'period', 'plus.case', 'q', 'r', 's', 'six', 'slash', 'space', 'space.tf', 't', 'three', 'trademark', 'two', 'u', 'v', 'w', 'y', 'z', 'zero']
2026-10-02 23:15:12,223 - fontTools.subset - INFO - Glyph IDs:   [0, 2, 65, 73, 84, 95, 137, 141, 293, 376, 383, 385, 398, 412, 425, 460, 508, 509, 579, 587, 598, 615, 619, 648, 659, 671, 690, 701, 721, 729, 738, 768, 775, 776, 792, 798, 845, 851, 854, 873, 891, 917, 982, 986, 1000, 1024, 1311, 1343, 1344, 1345, 1347, 1348, 1349, 1351, 1354, 1424, 1427, 1439, 1440, 1447, 1448, 1457, 1458, 1466, 1473, 1503, 1504, 1507, 1508, 1537, 1543, 1555, 1771, 1823]
2026-10-02 23:15:12,226 - fontTools.subset - INFO - Retaining 74 glyphs
2026-10-02 23:15:12,226 - fontTools.subset - INFO - head subsetting not needed
2026-10-02 23:15:12,226 - fontTools.subset - INFO - hhea subsetting not needed
2026-10-02 23:15:12,226 - fontTools.subset - INFO - maxp subsetting not needed
2026-10-02 23:15:12,226 - fontTools.subset - INFO - OS/2 subsetting not needed
2026-10-02 23:15:12,227 - fontTools.subset - INFO - cmap subsetted
2026-10-02 23:15:12,227 - fontTools.subset - INFO - post subsetted
2026-10-02 23:15:12,235 - fontTools.subset - INFO - CFF  subsetted
2026-10-02 23:15:12,236 - fontTools.subset - INFO - hmtx subsetted
2026-10-02 23:15:12,237 - fontTools.subset - INFO - GDEF subsetted
2026-10-02 23:15:12,238 - fontTools.subset - INFO - name subsetting not needed
2026-10-02 23:15:12,238 - fontTools.subset - INFO - head pruned
2026-10-02 23:15:12,238 - fontTools.subset - INFO - OS/2 Unicode ranges pruned: [0, 1, 31, 35, 60]
2026-10-02 23:15:12,238 - fontTools.subset - INFO - OS/2 CodePage ranges pruned: [0]
2026-10-02 23:15:12,271 - fontTools.subset - INFO - CFF  pruned
2026-10-02 23:15:12,272 - fontTools.subset - INFO - GDEF pruned
2026-10-02 23:15:12,272 - fontTools.subset - INFO - name pruned
2026-10-02 23:15:12,310 - weasyprint - WARNING - Using fontTools instead of HarfBuzz-Subset for font "Noto Color Emoji". This will be unsupported in future versions of WeasyPrint. Please install HarfBuzz-Subset >= 4.1.0 with your package manager.
2026-10-02 23:15:12,311 - fontTools.subset - INFO - maxp pruned
2026-10-02 23:15:12,311 - fontTools.subset - INFO - cmap pruned
2026-10-02 23:15:12,311 - fontTools.subset - INFO - post pruned
2026-10-02 23:15:12,313 - fontTools.subset - INFO - GSUB dropped
2026-10-02 23:15:12,329 - fontTools.subset - INFO - Added .notdef to subset
2026-10-02 23:15:12,332 - fontTools.subset - INFO - Retaining 3 glyphs
2026-10-02 23:15:12,332 - fontTools.subset - INFO - head subsetting not needed
2026-10-02 23:15:12,332 - fontTools.subset - INFO - hhea subsetting not needed
2026-10-02 23:15:12,332 - fontTools.subset - INFO - maxp subsetting not needed
2026-10-02 23:15:12,332 - fontTools.subset - INFO - OS/2 subsetting not needed
2026-10-02 23:15:12,333 - fontTools.subset - INFO - hmtx subsetted
2026-10-02 23:15:12,333 - fontTools.subset - INFO - cmap subsetted
2026-10-02 23:15:12,334 - fontTools.subset - INFO - post subsetted
2026-10-02 23:15:12,464 - fontTools.subset - INFO - CBDT subsetted
2026-10-02 23:15:12,464 - fontTools.subset - INFO - CBLC subsetted
2026-10-02 23:15:12,464 - fontTools.subset - INFO - vhea subsetting not needed
2026-10-02 23:15:12,465 - fontTools.subset - INFO - vmtx subsetted
2026-10-02 23:15:12,465 - fontTools.subset - INFO - name subsetting not needed
2026-10-02 23:15:12,465 - fontTools.subset - INFO - head pruned
2026-10-02 23:15:12,465 - fontTools.subset - INFO - OS/2 Unicode ranges pruned: []
2026-10-02 23:15:12,466 - fontTools.subset - INFO - name pruned
2026-10-02 23:15:12,473 - weasyprint - WARNING - Using fontTools instead of HarfBuzz-Subset for font "Noto Color Emoji". This will be unsupported in future versions of WeasyPrint. Please install HarfBuzz-Subset >= 4.1.0 with your package manager.
2026-10-02 23:15:12,473 - fontTools.subset - INFO - maxp pruned
2026-10-02 23:15:12,473 - fontTools.subset - INFO - cmap pruned
2026-10-02 23:15:12,473 - fontTools.subset - INFO - post pruned
2026-10-02 23:15:12,473 - fontTools.subset - INFO - GSUB dropped
2026-10-02 23:15:12,476 - fontTools.subset - INFO - Added .notdef to subset
2026-10-02 23:15:12,478 - fontTools.subset - INFO - Retaining 2 glyphs
2026-10-02 23:15:12,478 - fontTools.subset - INFO - head subsetting not needed
2026-10-02 23:15:12,478 - fontTools.subset - INFO - hhea subsetting not needed
2026-10-02 23:15:12,478 - fontTools.subset - INFO - maxp subsetting not needed
2026-10-02 23:15:12,478 - fontTools.subset - INFO - OS/2 subsetting not needed
2026-10-02 23:15:12,479 - fontTools.subset - INFO - hmtx subsetted
2026-10-02 23:15:12,479 - fontTools.subset - INFO - cmap subsetted
2026-10-02 23:15:12,479 - fontTools.subset - INFO - post subsetted
2026-10-02 23:15:12,498 - fontTools.subset - INFO - CBDT subsetted
2026-10-02 23:15:12,499 - fontTools.subset - INFO - CBLC subsetted
2026-10-02 23:15:12,499 - fontTools.subset - INFO - vhea subsetting not needed
2026-10-02 23:15:12,499 - fontTools.subset - INFO - vmtx subsetted
2026-10-02 23:15:12,499 - fontTools.subset - INFO - name subsetting not needed
2026-10-02 23:15:12,499 - fontTools.subset - INFO - head pruned
2026-10-02 23:15:12,500 - fontTools.subset - INFO - OS/2 Unicode ranges pruned: []
2026-10-02 23:15:12,500 - fontTools.subset - INFO - name pruned
2026-10-02 23:15:12,514 - agents.proposal_generator_agent - INFO - ✅ PDF generado: data/proposals/PROPUESTA_Raíces_de_Cauquenes_1.pdf
2026-10-02 23:15:12,517 - orchestrator - INFO - ✅ Archivos de propuesta 1 actualizados
2026-10-02 23:15:12,517 - agents.proposal_generator_agent - INFO - ✅ Propuesta generada: ID 1
2026-10-02 23:15:12,517 - agents.proposal_generator_agent - INFO - 📝 Generando propuesta para: TechShop Premium
2026-10-02 23:15:12,519 - orchestrator - INFO - ✅ Propuesta creada: ID 2 para cliente ID 2
2026-10-02 23:15:12,519 - weasyprint.progress - INFO - Step 1 - Fetching and parsing HTML - HTML string
2026-10-02 23:15:12,545 - weasyprint.progress - INFO - Step 2 - Fetching and parsing CSS - CSS string
2026-10-02 23:15:12,549 - weasyprint.progress - INFO - Step 3 - Applying CSS
2026-10-02 23:15:12,552 - weasyprint.progress - INFO - Step 4 - Creating formatting structure
2026-10-02 23:15:12,554 - weasyprint.progress - INFO - Step 5 - Creating layout - Page 1
2026-10-02 23:15:12,583 - weasyprint.progress - INFO - Step 5 - Creating layout - Page 2
2026-10-02 23:15:12,597 - weasyprint.progress - INFO - Step 6 - Creating PDF
2026-10-02 23:15:12,626 - weasyprint.progress - INFO - Step 7 - Adding PDF metadata
2026-10-02 23:15:12,626 - weasyprint - WARNING - Using fontTools instead of HarfBuzz-Subset for font "Inter". This will be unsupported in future versions of WeasyPrint. Please install HarfBuzz-Subset >= 4.1.0 with your package manager.
2026-10-02 23:15:12,627 - fontTools.subset - INFO - maxp pruned
2026-10-02 23:15:12,632 - fontTools.subset - INFO - cmap pruned
2026-10-02 23:15:12,632 - fontTools.subset - INFO - post pruned
2026-10-02 23:15:12,633 - fontTools.subset - INFO - CFF  pruned
2026-10-02 23:15:12,633 - fontTools.subset - INFO - GPOS dropped
2026-10-02 23:15:12,633 - fontTools.subset - INFO - GSUB dropped
2026-10-02 23:15:12,633 - fontTools.subset - INFO - Added .notdef to subset
2026-10-02 23:15:12,633 - fontTools.subset - INFO - Closing glyph list over 'CFF ': 44 glyphs before
2026-10-02 23:15:12,634 - fontTools.subset - INFO - Glyph names: ['.notdef', 'A', 'D', 'I', 'L', 'M', 'N', 'O', 'P', 'Q', 'R', 'S', 'T', 'a', 'c', 'colon', 'd', 'e', 'eacute', 'five', 'g', 'i', 'iacute', 'j', 'l', 'm', 'n', 'o', 'oacute', 'p', 'percent', 'plus.case', 'question', 'questiondown', 'r', 's', 'six', 'space', 't', 'two', 'u', 'v', 'y', 'zero']
2026-10-02 23:15:12,634 - fontTools.subset - INFO - Glyph IDs:   [0, 2, 84, 197, 282, 293, 301, 322, 376, 383, 385, 398, 412, 508, 587, 598, 615, 619, 659, 690, 701, 721, 738, 768, 775, 792, 798, 845, 854, 873, 891, 917, 982, 1000, 1343, 1345, 1349, 1351, 1433, 1436, 1507, 1537, 1738, 1771]
2026-10-02 23:15:12,636 - fontTools.subset - INFO - Closed glyph list over 'CFF ': 44 glyphs after
2026-10-02 23:15:12,636 - fontTools.subset - INFO - Glyph names: ['.notdef', 'A', 'D', 'I', 'L', 'M', 'N', 'O', 'P', 'Q', 'R', 'S', 'T', 'a', 'c', 'colon', 'd', 'e', 'eacute', 'five', 'g', 'i', 'iacute', 'j', 'l', 'm', 'n', 'o', 'oacute', 'p', 'percent', 'plus.case', 'question', 'questiondown', 'r', 's', 'six', 'space', 't', 'two', 'u', 'v', 'y', 'zero']
2026-10-02 23:15:12,636 - fontTools.subset - INFO - Glyph IDs:   [0, 2, 84, 197, 282, 293, 301, 322, 376, 383, 385, 398, 412, 508, 587, 598, 615, 619, 659, 690, 701, 721, 738, 768, 775, 792, 798, 845, 854, 873, 891, 917, 982, 1000, 1343, 1345, 1349, 1351, 1433, 1436, 1507, 1537, 1738, 1771]
2026-10-02 23:15:12,637 - fontTools.subset - INFO - Retaining 44 glyphs
2026-10-02 23:15:12,637 - fontTools.subset - INFO - head subsetting not needed
2026-10-02 23:15:12,638 - fontTools.subset - INFO - hhea subsetting not needed
2026-10-02 23:15:12,638 - fontTools.subset - INFO - maxp subsetting not needed
2026-10-02 23:15:12,638 - fontTools.subset - INFO - OS/2 subsetting not needed
2026-10-02 23:15:12,638 - fontTools.subset - INFO - cmap subsetted
2026-10-02 23:15:12,639 - fontTools.subset - INFO - post subsetted
2026-10-02 23:15:12,643 - fontTools.subset - INFO - CFF  subsetted
2026-10-02 23:15:12,644 - fontTools.subset - INFO - hmtx subsetted
2026-10-02 23:15:12,645 - fontTools.subset - INFO - GDEF subsetted
2026-10-02 23:15:12,645 - fontTools.subset - INFO - name subsetting not needed
2026-10-02 23:15:12,645 - fontTools.subset - INFO - head pruned
2026-10-02 23:15:12,645 - fontTools.subset - INFO - OS/2 Unicode ranges pruned: [0, 1, 60]
2026-10-02 23:15:12,645 - fontTools.subset - INFO - OS/2 CodePage ranges pruned: [0]
2026-10-02 23:15:12,673 - fontTools.subset - INFO - CFF  pruned
2026-10-02 23:15:12,674 - fontTools.subset - INFO - GDEF pruned
2026-10-02 23:15:12,674 - fontTools.subset - INFO - name pruned
2026-10-02 23:15:12,707 - weasyprint - WARNING - Using fontTools instead of HarfBuzz-Subset for font "Inter". This will be unsupported in future versions of WeasyPrint. Please install HarfBuzz-Subset >= 4.1.0 with your package manager.
2026-10-02 23:15:12,708 - fontTools.subset - INFO - maxp pruned
2026-10-02 23:15:12,713 - fontTools.subset - INFO - cmap pruned
2026-10-02 23:15:12,713 - fontTools.subset - INFO - post pruned
2026-10-02 23:15:12,714 - fontTools.subset - INFO - CFF  pruned
2026-10-02 23:15:12,714 - fontTools.subset - INFO - GPOS dropped
2026-10-02 23:15:12,714 - fontTools.subset - INFO - GSUB dropped
2026-10-02 23:15:12,715 - fontTools.subset - INFO - Added .notdef to subset
2026-10-02 23:15:12,715 - fontTools.subset - INFO - Closing glyph list over 'CFF ': 73 glyphs before
2026-10-02 23:15:12,715 - fontTools.subset - INFO - Glyph names: ['.notdef', 'A', 'B', 'C', 'D', 'E', 'F', 'G', 'M', 'P', 'Q', 'R', 'S', 'T', 'U', 'W', 'a', 'aacute', 'ampersand', 'arrowright.case', 'asciitilde.case', 'at', 'b', 'bar', 'bullet', 'c', 'colon', 'colon.case', 'comma', 'd', 'dollar', 'e', 'eacute', 'eight', 'f', 'five', 'four', 'g', 'h', 'hyphen.case', 'i', 'iacute', 'j', 'k', 'l', 'm', 'n', 'ntilde', 'o', 'oacute', 'one', 'p', 'parenleft', 'parenleft.case', 'parenright', 'period', 'plus.case', 'r', 's', 'six', 'slash', 'space', 'space.tf', 't', 'three', 'trademark', 'two', 'u', 'v', 'w', 'y', 'z', 'zero']
2026-10-02 23:15:12,715 - fontTools.subset - INFO - Glyph IDs:   [0, 2, 65, 73, 84, 95, 137, 141, 293, 376, 383, 385, 398, 412, 425, 460, 508, 509, 579, 587, 598, 615, 619, 648, 659, 671, 690, 701, 721, 729, 738, 768, 775, 776, 792, 798, 845, 854, 873, 891, 917, 982, 986, 1000, 1024, 1311, 1343, 1344, 1345, 1347, 1348, 1349, 1351, 1353, 1424, 1427, 1439, 1440, 1447, 1448, 1457, 1458, 1466, 1473, 1503, 1504, 1507, 1508, 1537, 1543, 1555, 1771, 1823]
2026-10-02 23:15:12,719 - fontTools.subset - INFO - Closed glyph list over 'CFF ': 73 glyphs after
2026-10-02 23:15:12,719 - fontTools.subset - INFO - Glyph names: ['.notdef', 'A', 'B', 'C', 'D', 'E', 'F', 'G', 'M', 'P', 'Q', 'R', 'S', 'T', 'U', 'W', 'a', 'aacute', 'ampersand', 'arrowright.case', 'asciitilde.case', 'at', 'b', 'bar', 'bullet', 'c', 'colon', 'colon.case', 'comma', 'd', 'dollar', 'e', 'eacute', 'eight', 'f', 'five', 'four', 'g', 'h', 'hyphen.case', 'i', 'iacute', 'j', 'k', 'l', 'm', 'n', 'ntilde', 'o', 'oacute', 'one', 'p', 'parenleft', 'parenleft.case', 'parenright', 'period', 'plus.case', 'r', 's', 'six', 'slash', 'space', 'space.tf', 't', 'three', 'trademark', 'two', 'u', 'v', 'w', 'y', 'z', 'zero']
2026-10-02 23:15:12,719 - fontTools.subset - INFO - Glyph IDs:   [0, 2, 65, 73, 84, 95, 137, 141, 293, 376, 383, 385, 398, 412, 425, 460, 508, 509, 579, 587, 598, 615, 619, 648, 659, 671, 690, 701, 721, 729, 738, 768, 775, 776, 792, 798, 845, 854, 873, 891, 917, 982, 986, 1000, 1024, 1311, 1343, 1344, 1345, 1347, 1348, 1349, 1351, 1353, 1424, 1427, 1439, 1440, 1447, 1448, 1457, 1458, 1466, 1473, 1503, 1504, 1507, 1508, 1537, 1543, 1555, 1771, 1823]
2026-10-02 23:15:12,720 - fontTools.subset - INFO - Retaining 73 glyphs
2026-10-02 23:15:12,720 - fontTools.subset - INFO - head subsetting not needed
2026-10-02 23:15:12,720 - fontTools.subset - INFO - hhea subsetting not needed
2026-10-02 23:15:12,720 - fontTools.subset - INFO - maxp subsetting not needed
2026-10-02 23:15:12,720 - fontTools.subset - INFO - OS/2 subsetting not needed
2026-10-02 23:15:12,721 - fontTools.subset - INFO - cmap subsetted
2026-10-02 23:15:12,721 - fontTools.subset - INFO - post subsetted
2026-10-02 23:15:12,725 - fontTools.subset - INFO - CFF  subsetted
2026-10-02 23:15:12,727 - fontTools.subset - INFO - hmtx subsetted
2026-10-02 23:15:12,728 - fontTools.subset - INFO - GDEF subsetted
2026-10-02 23:15:12,728 - fontTools.subset - INFO - name subsetting not needed
2026-10-02 23:15:12,728 - fontTools.subset - INFO - head pruned
2026-10-02 23:15:12,728 - fontTools.subset - INFO - OS/2 Unicode ranges pruned: [0, 1, 31, 35, 60]
2026-10-02 23:15:12,728 - fontTools.subset - INFO - OS/2 CodePage ranges pruned: [0]
2026-10-02 23:15:12,759 - fontTools.subset - INFO - CFF  pruned
2026-10-02 23:15:12,759 - fontTools.subset - INFO - GDEF pruned
2026-10-02 23:15:12,759 - fontTools.subset - INFO - name pruned
2026-10-02 23:15:12,797 - weasyprint - WARNING - Using fontTools instead of HarfBuzz-Subset for font "Noto Color Emoji". This will be unsupported in future versions of WeasyPrint. Please install HarfBuzz-Subset >= 4.1.0 with your package manager.
2026-10-02 23:15:12,797 - fontTools.subset - INFO - maxp pruned
2026-10-02 23:15:12,797 - fontTools.subset - INFO - cmap pruned
2026-10-02 23:15:12,798 - fontTools.subset - INFO - post pruned
2026-10-02 23:15:12,798 - fontTools.subset - INFO - GSUB dropped
2026-10-02 23:15:12,801 - fontTools.subset - INFO - Added .notdef to subset
2026-10-02 23:15:12,802 - fontTools.subset - INFO - Retaining 3 glyphs
2026-10-02 23:15:12,802 - fontTools.subset - INFO - head subsetting not needed
2026-10-02 23:15:12,802 - fontTools.subset - INFO - hhea subsetting not needed
2026-10-02 23:15:12,802 - fontTools.subset - INFO - maxp subsetting not needed
2026-10-02 23:15:12,802 - fontTools.subset - INFO - OS/2 subsetting not needed
2026-10-02 23:15:12,804 - fontTools.subset - INFO - hmtx subsetted
2026-10-02 23:15:12,804 - fontTools.subset - INFO - cmap subsetted
2026-10-02 23:15:12,804 - fontTools.subset - INFO - post subsetted
2026-10-02 23:15:12,894 - fontTools.subset - INFO - CBDT subsetted
2026-10-02 23:15:12,894 - fontTools.subset - INFO - CBLC subsetted
2026-10-02 23:15:12,894 - fontTools.subset - INFO - vhea subsetting not needed
2026-10-02 23:15:12,895 - fontTools.subset - INFO - vmtx subsetted
2026-10-02 23:15:12,895 - fontTools.subset - INFO - name subsetting not needed
2026-10-02 23:15:12,895 - fontTools.subset - INFO - head pruned
2026-10-02 23:15:12,896 - fontTools.subset - INFO - OS/2 Unicode ranges pruned: []
2026-10-02 23:15:12,896 - fontTools.subset - INFO - name pruned
2026-10-02 23:15:12,903 - weasyprint - WARNING - Using fontTools instead of HarfBuzz-Subset for font "Noto Color Emoji". This will be unsupported in future versions of WeasyPrint. Please install HarfBuzz-Subset >= 4.1.0 with your package manager.
2026-10-02 23:15:12,903 - fontTools.subset - INFO - maxp pruned
2026-10-02 23:15:12,903 - fontTools.subset - INFO - cmap pruned
2026-10-02 23:15:12,904 - fontTools.subset - INFO - post pruned
2026-10-02 23:15:12,904 - fontTools.subset - INFO - GSUB dropped
2026-10-02 23:15:12,907 - fontTools.subset - INFO - Added .notdef to subset
2026-10-02 23:15:12,908 - fontTools.subset - INFO - Retaining 2 glyphs
2026-10-02 23:15:12,908 - fontTools.subset - INFO - head subsetting not needed
2026-10-02 23:15:12,908 - fontTools.subset - INFO - hhea subsetting not needed
2026-10-02 23:15:12,908 - fontTools.subset - INFO - maxp subsetting not needed
2026-10-02 23:15:12,908 - fontTools.subset - INFO - OS/2 subsetting not needed
2026-10-02 23:15:12,909 - fontTools.subset - INFO - hmtx subsetted
2026-10-02 23:15:12,909 - fontTools.subset - INFO - cmap subsetted
2026-10-02 23:15:12,909 - fontTools.subset - INFO - post subsetted
2026-10-02 23:15:12,979 - fontTools.subset - INFO - CBDT subsetted
2026-10-02 23:15:12,979 - fontTools.subset - INFO - CBLC subsetted
2026-10-02 23:15:12,979 - fontTools.subset - INFO - vhea subsetting not needed
2026-10-02 23:15:12,980 - fontTools.subset - INFO - vmtx subsetted
2026-10-02 23:15:12,980 - fontTools.subset - INFO - name subsetting not needed
2026-10-02 23:15:12,980 - fontTools.subset - INFO - head pruned
2026-10-02 23:15:12,980 - fontTools.subset - INFO - OS/2 Unicode ranges pruned: []
2026-10-02 23:15:12,980 - fontTools.subset - INFO - name pruned
2026-10-02 23:15:12,994 - agents.proposal_generator_agent - INFO - ✅ PDF generado: data/proposals/PROPUESTA_TechShop_Premium_2.pdf
2026-10-02 23:15:12,996 - orchestrator - INFO - ✅ Archivos de propuesta 2 actualizados
2026-10-02 23:15:12,996 - agents.proposal_generator_agent - INFO - ✅ Propuesta generada: ID 2
2026-10-02 23:15:12,996 - agents.proposal_generator_agent - INFO - 📝 Generando propuesta para: ConsultorLabs
2026-10-02 23:15:12,997 - orchestrator - INFO - ✅ Propuesta creada: ID 3 para cliente ID 3
2026-10-02 23:15:12,997 - weasyprint.progress - INFO - Step 1 - Fetching and parsing HTML - HTML string
2026-10-02 23:15:13,023 - weasyprint.progress - INFO - Step 2 - Fetching and parsing CSS - CSS string
2026-10-02 23:15:13,026 - weasyprint.progress - INFO - Step 3 - Applying CSS
2026-10-02 23:15:13,028 - weasyprint.progress - INFO - Step 4 - Creating formatting structure
2026-10-02 23:15:13,031 - weasyprint.progress - INFO - Step 5 - Creating layout - Page 1
2026-10-02 23:15:13,061 - weasyprint.progress - INFO - Step 5 - Creating layout - Page 2
2026-10-02 23:15:13,074 - weasyprint.progress - INFO - Step 6 - Creating PDF
2026-10-02 23:15:13,102 - weasyprint.progress - INFO - Step 7 - Adding PDF metadata
2026-10-02 23:15:13,103 - weasyprint - WARNING - Using fontTools instead of HarfBuzz-Subset for font "Inter". This will be unsupported in future versions of WeasyPrint. Please install HarfBuzz-Subset >= 4.1.0 with your package manager.
2026-10-02 23:15:13,103 - fontTools.subset - INFO - maxp pruned
2026-10-02 23:15:13,108 - fontTools.subset - INFO - cmap pruned
2026-10-02 23:15:13,108 - fontTools.subset - INFO - post pruned
2026-10-02 23:15:13,109 - fontTools.subset - INFO - CFF  pruned
2026-10-02 23:15:13,109 - fontTools.subset - INFO - GPOS dropped
2026-10-02 23:15:13,109 - fontTools.subset - INFO - GSUB dropped
2026-10-02 23:15:13,109 - fontTools.subset - INFO - Added .notdef to subset
2026-10-02 23:15:13,110 - fontTools.subset - INFO - Closing glyph list over 'CFF ': 44 glyphs before
2026-10-02 23:15:13,110 - fontTools.subset - INFO - Glyph names: ['.notdef', 'A', 'D', 'I', 'L', 'M', 'N', 'O', 'P', 'Q', 'R', 'S', 'T', 'a', 'c', 'colon', 'd', 'e', 'eacute', 'five', 'g', 'i', 'iacute', 'j', 'l', 'm', 'n', 'o', 'oacute', 'p', 'percent', 'plus.case', 'question', 'questiondown', 'r', 's', 'six', 'space', 't', 'two', 'u', 'v', 'y', 'zero']
2026-10-02 23:15:13,110 - fontTools.subset - INFO - Glyph IDs:   [0, 2, 84, 197, 282, 293, 301, 322, 376, 383, 385, 398, 412, 508, 587, 598, 615, 619, 659, 690, 701, 721, 738, 768, 775, 792, 798, 845, 854, 873, 891, 917, 982, 1000, 1343, 1345, 1349, 1351, 1433, 1436, 1507, 1537, 1738, 1771]
2026-10-02 23:15:13,112 - fontTools.subset - INFO - Closed glyph list over 'CFF ': 44 glyphs after
2026-10-02 23:15:13,112 - fontTools.subset - INFO - Glyph names: ['.notdef', 'A', 'D', 'I', 'L', 'M', 'N', 'O', 'P', 'Q', 'R', 'S', 'T', 'a', 'c', 'colon', 'd', 'e', 'eacute', 'five', 'g', 'i', 'iacute', 'j', 'l', 'm', 'n', 'o', 'oacute', 'p', 'percent', 'plus.case', 'question', 'questiondown', 'r', 's', 'six', 'space', 't', 'two', 'u', 'v', 'y', 'zero']
2026-10-02 23:15:13,112 - fontTools.subset - INFO - Glyph IDs:   [0, 2, 84, 197, 282, 293, 301, 322, 376, 383, 385, 398, 412, 508, 587, 598, 615, 619, 659, 690, 701, 721, 738, 768, 775, 792, 798, 845, 854, 873, 891, 917, 982, 1000, 1343, 1345, 1349, 1351, 1433, 1436, 1507, 1537, 1738, 1771]
2026-10-02 23:15:13,113 - fontTools.subset - INFO - Retaining 44 glyphs
2026-10-02 23:15:13,113 - fontTools.subset - INFO - head subsetting not needed
2026-10-02 23:15:13,113 - fontTools.subset - INFO - hhea subsetting not needed
2026-10-02 23:15:13,113 - fontTools.subset - INFO - maxp subsetting not needed
2026-10-02 23:15:13,113 - fontTools.subset - INFO - OS/2 subsetting not needed
2026-10-02 23:15:13,114 - fontTools.subset - INFO - cmap subsetted
2026-10-02 23:15:13,114 - fontTools.subset - INFO - post subsetted
2026-10-02 23:15:13,118 - fontTools.subset - INFO - CFF  subsetted
2026-10-02 23:15:13,120 - fontTools.subset - INFO - hmtx subsetted
2026-10-02 23:15:13,121 - fontTools.subset - INFO - GDEF subsetted
2026-10-02 23:15:13,122 - fontTools.subset - INFO - name subsetting not needed
2026-10-02 23:15:13,122 - fontTools.subset - INFO - head pruned
2026-10-02 23:15:13,122 - fontTools.subset - INFO - OS/2 Unicode ranges pruned: [0, 1, 60]
2026-10-02 23:15:13,122 - fontTools.subset - INFO - OS/2 CodePage ranges pruned: [0]
2026-10-02 23:15:13,152 - fontTools.subset - INFO - CFF  pruned
2026-10-02 23:15:13,152 - fontTools.subset - INFO - GDEF pruned
2026-10-02 23:15:13,153 - fontTools.subset - INFO - name pruned
2026-10-02 23:15:13,187 - weasyprint - WARNING - Using fontTools instead of HarfBuzz-Subset for font "Inter". This will be unsupported in future versions of WeasyPrint. Please install HarfBuzz-Subset >= 4.1.0 with your package manager.
2026-10-02 23:15:13,187 - fontTools.subset - INFO - maxp pruned
2026-10-02 23:15:13,192 - fontTools.subset - INFO - cmap pruned
2026-10-02 23:15:13,192 - fontTools.subset - INFO - post pruned
2026-10-02 23:15:13,193 - fontTools.subset - INFO - CFF  pruned
2026-10-02 23:15:13,193 - fontTools.subset - INFO - GPOS dropped
2026-10-02 23:15:13,193 - fontTools.subset - INFO - GSUB dropped
2026-10-02 23:15:13,194 - fontTools.subset - INFO - Added .notdef to subset
2026-10-02 23:15:13,194 - fontTools.subset - INFO - Closing glyph list over 'CFF ': 72 glyphs before
2026-10-02 23:15:13,194 - fontTools.subset - INFO - Glyph names: ['.notdef', 'A', 'B', 'C', 'D', 'E', 'F', 'G', 'L', 'M', 'P', 'Q', 'R', 'S', 'T', 'U', 'W', 'a', 'aacute', 'ampersand', 'arrowright.case', 'asciitilde.case', 'at', 'b', 'bar', 'bullet', 'c', 'colon', 'colon.case', 'comma', 'd', 'dollar', 'e', 'eacute', 'f', 'five', 'g', 'h', 'hyphen.case', 'i', 'iacute', 'j', 'k', 'l', 'm', 'n', 'ntilde', 'o', 'oacute', 'one', 'p', 'parenleft', 'parenleft.case', 'parenright', 'period', 'plus.case', 'r', 's', 'six', 'slash', 'space', 'space.tf', 't', 'three', 'trademark', 'two', 'u', 'v', 'w', 'y', 'z', 'zero']
2026-10-02 23:15:13,194 - fontTools.subset - INFO - Glyph IDs:   [0, 2, 65, 73, 84, 95, 137, 141, 282, 293, 376, 383, 385, 398, 412, 425, 460, 508, 509, 579, 587, 598, 615, 619, 648, 659, 671, 690, 701, 721, 729, 738, 768, 775, 776, 792, 798, 845, 854, 873, 891, 917, 982, 986, 1000, 1024, 1311, 1343, 1344, 1345, 1347, 1349, 1351, 1424, 1427, 1439, 1440, 1447, 1448, 1457, 1458, 1466, 1473, 1503, 1504, 1507, 1508, 1537, 1543, 1555, 1771, 1823]
2026-10-02 23:15:13,197 - fontTools.subset - INFO - Closed glyph list over 'CFF ': 72 glyphs after
2026-10-02 23:15:13,197 - fontTools.subset - INFO - Glyph names: ['.notdef', 'A', 'B', 'C', 'D', 'E', 'F', 'G', 'L', 'M', 'P', 'Q', 'R', 'S', 'T', 'U', 'W', 'a', 'aacute', 'ampersand', 'arrowright.case', 'asciitilde.case', 'at', 'b', 'bar', 'bullet', 'c', 'colon', 'colon.case', 'comma', 'd', 'dollar', 'e', 'eacute', 'f', 'five', 'g', 'h', 'hyphen.case', 'i', 'iacute', 'j', 'k', 'l', 'm', 'n', 'ntilde', 'o', 'oacute', 'one', 'p', 'parenleft', 'parenleft.case', 'parenright', 'period', 'plus.case', 'r', 's', 'six', 'slash', 'space', 'space.tf', 't', 'three', 'trademark', 'two', 'u', 'v', 'w', 'y', 'z', 'zero']
2026-10-02 23:15:13,198 - fontTools.subset - INFO - Glyph IDs:   [0, 2, 65, 73, 84, 95, 137, 141, 282, 293, 376, 383, 385, 398, 412, 425, 460, 508, 509, 579, 587, 598, 615, 619, 648, 659, 671, 690, 701, 721, 729, 738, 768, 775, 776, 792, 798, 845, 854, 873, 891, 917, 982, 986, 1000, 1024, 1311, 1343, 1344, 1345, 1347, 1349, 1351, 1424, 1427, 1439, 1440, 1447, 1448, 1457, 1458, 1466, 1473, 1503, 1504, 1507, 1508, 1537, 1543, 1555, 1771, 1823]
2026-10-02 23:15:13,199 - fontTools.subset - INFO - Retaining 72 glyphs
2026-10-02 23:15:13,199 - fontTools.subset - INFO - head subsetting not needed
2026-10-02 23:15:13,199 - fontTools.subset - INFO - hhea subsetting not needed
2026-10-02 23:15:13,199 - fontTools.subset - INFO - maxp subsetting not needed
2026-10-02 23:15:13,199 - fontTools.subset - INFO - OS/2 subsetting not needed
2026-10-02 23:15:13,200 - fontTools.subset - INFO - cmap subsetted
2026-10-02 23:15:13,200 - fontTools.subset - INFO - post subsetted
2026-10-02 23:15:13,204 - fontTools.subset - INFO - CFF  subsetted
2026-10-02 23:15:13,205 - fontTools.subset - INFO - hmtx subsetted
2026-10-02 23:15:13,206 - fontTools.subset - INFO - GDEF subsetted
2026-10-02 23:15:13,206 - fontTools.subset - INFO - name subsetting not needed
2026-10-02 23:15:13,207 - fontTools.subset - INFO - head pruned
2026-10-02 23:15:13,207 - fontTools.subset - INFO - OS/2 Unicode ranges pruned: [0, 1, 31, 35, 60]
2026-10-02 23:15:13,207 - fontTools.subset - INFO - OS/2 CodePage ranges pruned: [0]
2026-10-02 23:15:13,235 - fontTools.subset - INFO - CFF  pruned
2026-10-02 23:15:13,236 - fontTools.subset - INFO - GDEF pruned
2026-10-02 23:15:13,236 - fontTools.subset - INFO - name pruned
2026-10-02 23:15:13,277 - weasyprint - WARNING - Using fontTools instead of HarfBuzz-Subset for font "Noto Color Emoji". This will be unsupported in future versions of WeasyPrint. Please install HarfBuzz-Subset >= 4.1.0 with your package manager.
2026-10-02 23:15:13,277 - fontTools.subset - INFO - maxp pruned
2026-10-02 23:15:13,277 - fontTools.subset - INFO - cmap pruned
2026-10-02 23:15:13,277 - fontTools.subset - INFO - post pruned
2026-10-02 23:15:13,277 - fontTools.subset - INFO - GSUB dropped
2026-10-02 23:15:13,281 - fontTools.subset - INFO - Added .notdef to subset
2026-10-02 23:15:13,282 - fontTools.subset - INFO - Retaining 3 glyphs
2026-10-02 23:15:13,282 - fontTools.subset - INFO - head subsetting not needed
2026-10-02 23:15:13,282 - fontTools.subset - INFO - hhea subsetting not needed
2026-10-02 23:15:13,283 - fontTools.subset - INFO - maxp subsetting not needed
2026-10-02 23:15:13,283 - fontTools.subset - INFO - OS/2 subsetting not needed
2026-10-02 23:15:13,284 - fontTools.subset - INFO - hmtx subsetted
2026-10-02 23:15:13,284 - fontTools.subset - INFO - cmap subsetted
2026-10-02 23:15:13,284 - fontTools.subset - INFO - post subsetted
2026-10-02 23:15:13,300 - fontTools.subset - INFO - CBDT subsetted
2026-10-02 23:15:13,301 - fontTools.subset - INFO - CBLC subsetted
2026-10-02 23:15:13,301 - fontTools.subset - INFO - vhea subsetting not needed
2026-10-02 23:15:13,301 - fontTools.subset - INFO - vmtx subsetted
2026-10-02 23:15:13,301 - fontTools.subset - INFO - name subsetting not needed
2026-10-02 23:15:13,302 - fontTools.subset - INFO - head pruned
2026-10-02 23:15:13,302 - fontTools.subset - INFO - OS/2 Unicode ranges pruned: []
2026-10-02 23:15:13,302 - fontTools.subset - INFO - name pruned
2026-10-02 23:15:13,310 - weasyprint - WARNING - Using fontTools instead of HarfBuzz-Subset for font "Noto Color Emoji". This will be unsupported in future versions of WeasyPrint. Please install HarfBuzz-Subset >= 4.1.0 with your package manager.
2026-10-02 23:15:13,310 - fontTools.subset - INFO - maxp pruned
2026-10-02 23:15:13,310 - fontTools.subset - INFO - cmap pruned
2026-10-02 23:15:13,310 - fontTools.subset - INFO - post pruned
2026-10-02 23:15:13,310 - fontTools.subset - INFO - GSUB dropped
2026-10-02 23:15:13,314 - fontTools.subset - INFO - Added .notdef to subset
2026-10-02 23:15:13,315 - fontTools.subset - INFO - Retaining 2 glyphs
2026-10-02 23:15:13,315 - fontTools.subset - INFO - head subsetting not needed
2026-10-02 23:15:13,315 - fontTools.subset - INFO - hhea subsetting not needed
2026-10-02 23:15:13,315 - fontTools.subset - INFO - maxp subsetting not needed
2026-10-02 23:15:13,315 - fontTools.subset - INFO - OS/2 subsetting not needed
2026-10-02 23:15:13,316 - fontTools.subset - INFO - hmtx subsetted
2026-10-02 23:15:13,317 - fontTools.subset - INFO - cmap subsetted
2026-10-02 23:15:13,317 - fontTools.subset - INFO - post subsetted
2026-10-02 23:15:13,329 - fontTools.subset - INFO - CBDT subsetted
2026-10-02 23:15:13,330 - fontTools.subset - INFO - CBLC subsetted
2026-10-02 23:15:13,330 - fontTools.subset - INFO - vhea subsetting not needed
2026-10-02 23:15:13,331 - fontTools.subset - INFO - vmtx subsetted
2026-10-02 23:15:13,331 - fontTools.subset - INFO - name subsetting not needed
2026-10-02 23:15:13,331 - fontTools.subset - INFO - head pruned
2026-10-02 23:15:13,331 - fontTools.subset - INFO - OS/2 Unicode ranges pruned: []
2026-10-02 23:15:13,331 - fontTools.subset - INFO - name pruned
2026-10-02 23:15:13,345 - agents.proposal_generator_agent - INFO - ✅ PDF generado: data/proposals/PROPUESTA_ConsultorLabs_3.pdf
2026-10-02 23:15:13,348 - orchestrator - INFO - ✅ Archivos de propuesta 3 actualizados
2026-10-02 23:15:13,348 - agents.proposal_generator_agent - INFO - ✅ Propuesta generada: ID 3
2026-10-02 23:15:13,348 - agents.lead_scorer_agent - INFO - ✅ Lead Scorer Agent inicializado
2026-10-02 23:15:13,348 - agents.lead_scorer_agent - INFO - 🎯 Iniciando scoring de todos los leads...
2026-10-02 23:15:13,350 - orchestrator - INFO - ✅ Lead score guardado - Cliente 1: 16/100 (🔴 BAJO)
2026-10-02 23:15:13,351 - orchestrator - INFO - ✅ Lead score guardado - Cliente 2: 18/100 (🔴 BAJO)
2026-10-02 23:15:13,352 - orchestrator - INFO - ✅ Lead score guardado - Cliente 3: 14/100 (🔴 BAJO)
2026-10-02 23:15:13,352 - agents.lead_scorer_agent - INFO - ✅ Scored 3 leads
2026-10-02 23:15:13,353 - agents.lead_scorer_agent - INFO - ✅ Leads exportados a: data/leads_scored.csv
2026-10-02 23:15:13,353 - agents.lead_scorer_agent - INFO - 🎯 0 leads con score >= 80
2026-10-02 23:15:13,353 - orchestrator - INFO - ✅ Conexión a BD cerrada
2026-10-02 23:17:10,161 - orchestrator - INFO - ✅ Configuración cargada desde config.yaml
2026-10-02 23:17:10,162 - orchestrator - INFO - 🚀 Inicializando Felix Automation Orchestrator
2026-10-02 23:17:10,162 - orchestrator - INFO - ✅ Conectado a BD: ./felix_automation.db
2026-10-02 23:17:10,162 - __main__ - INFO - ✅ Multi-Platform Auditor Agent inicializado
2026-10-02 23:17:10,162 - __main__ - INFO - 🔍 Auditando cliente: Raíces de Cauquenes en plataformas: ['web', 'facebook_ads', 'google_ads']
2026-10-02 23:17:10,163 - __main__ - INFO -   ⚡ Computando Web para Raíces de Cauquenes
2026-10-02 23:17:10,163 - __main__ - INFO -   🔍 Computando Google Ads para Raíces de Cauquenes
2026-10-02 23:17:10,163 - __main__ - INFO -   📘 Computando Facebook Ads para Raíces de Cauquenes
2026-10-02 23:17:10,166 - orchestrator - INFO - ✅ Auditoría creada: web para cliente ID 1 (Audit ID: 1)
2026-10-02 23:17:10,167 - orchestrator - INFO - ✅ Auditoría 1 actualizada - Score: 72/100
2026-10-02 23:17:10,167 - __main__ - INFO -   ✅ web: 72/100
2026-10-02 23:17:10,169 - orchestrator - INFO - ✅ Auditoría creada: google_ads para cliente ID 1 (Audit ID: 2)
2026-10-02 23:17:10,170 - orchestrator - INFO - ✅ Auditoría 2 actualizada - Score: 88/100
2026-10-02 23:17:10,170 - __main__ - INFO -   ✅ google_ads: 88/100
2026-10-02 23:17:10,172 - orchestrator - INFO - ✅ Auditoría creada: facebook_ads para cliente ID 1 (Audit ID: 3)
2026-10-02 23:17:10,174 - orchestrator - INFO - ✅ Auditoría 3 actualizada - Score: 97/100
2026-10-02 23:17:10,174 - __main__ - INFO -   ✅ facebook_ads: 97/100
2026-10-02 23:17:10,174 - __main__ - INFO -   💾 Guardando resultados - Score promedio: 85/100
2026-10-02 23:17:20,678 - orchestrator - INFO - ✅ Configuración cargada desde config.yaml
2026-10-02 23:17:20,679 - orchestrator - INFO - 🚀 Inicializando Felix Automation Orchestrator
2026-10-02 23:17:20,679 - orchestrator - INFO - ✅ Conectado a BD: ./felix_automation.db
2026-10-02 23:17:20,679 - agents.multi_platform_auditor_agent - INFO - ✅ Multi-Platform Auditor Agent inicializado
2026-10-02 23:17:20,679 - agents.multi_platform_auditor_agent - INFO - 🔍 Auditando cliente: Raíces de Cauquenes en plataformas: ['web', 'facebook_ads', 'google_ads']
2026-10-02 23:17:20,683 - agents.multi_platform_auditor_agent - INFO -   ⚡ Computando Web para Raíces de Cauquenes
2026-10-02 23:17:20,683 - agents.multi_platform_auditor_agent - INFO -   📘 Computando Facebook Ads para Raíces de Cauquenes
2026-10-02 23:17:20,683 - agents.multi_platform_auditor_agent - INFO -   🔍 Computando Google Ads para Raíces de Cauquenes
2026-10-02 23:17:20,687 - orchestrator - INFO - ✅ Auditoría creada: web para cliente ID 1 (Audit ID: 4)
2026-10-02 23:17:20,688 - orchestrator - INFO - ✅ Auditoría 4 actualizada - Score: 72/100
2026-10-02 23:17:20,688 - agents.multi_platform_auditor_agent - INFO -   ✅ web: 72/100
2026-10-02 23:17:20,689 - orchestrator - INFO - ✅ Auditoría creada: facebook_ads para cliente ID 1 (Audit ID: 5)
2026-10-02 23:17:20,690 - orchestrator - INFO - ✅ Auditoría 5 actualizada - Score: 97/100
2026-10-02 23:17:20,690 - agents.multi_platform_auditor_agent - INFO -   ✅ facebook_ads: 97/100
2026-10-02 23:17:20,691 - orchestrator - INFO - ✅ Auditoría creada: google_ads para cliente ID 1 (Audit ID: 6)
2026-10-02 23:17:20,692 - orchestrator - INFO - ✅ Auditoría 6 actualizada - Score: 88/100
2026-10-02 23:17:20,692 - agents.multi_platform_auditor_agent - INFO -   ✅ google_ads: 88/100
2026-10-02 23:17:20,692 - agents.multi_platform_auditor_agent - INFO -   💾 Guardando resultados - Score promedio: 85/100
2026-10-02 23:17:20,692 - agents.multi_platform_auditor_agent - INFO - 🔍 Auditando cliente: TechShop Premium en plataformas: ['web', 'facebook_ads', 'google_ads']
2026-10-02 23:17:20,692 - agents.multi_platform_auditor_agent - INFO -   ⚡ Computando Web para TechShop Premium
2026-10-02 23:17:20,692 - agents.multi_platform_auditor_agent - INFO -   📘 Computando Facebook Ads para TechShop Premium
2026-10-02 23:17:20,693 - agents.multi_platform_auditor_agent - INFO -   🔍 Computando Google Ads para TechShop Premium
2026-10-02 23:17:20,695 - orchestrator - INFO - ✅ Auditoría creada: google_ads para cliente ID 2 (Audit ID: 7)
2026-10-02 23:17:20,696 - orchestrator - INFO - ✅ Auditoría 7 actualizada - Score: 88/100
2026-10-02 23:17:20,696 - agents.multi_platform_auditor_agent - INFO -   ✅ google_ads: 88/100
2026-10-02 23:17:20,697 - orchestrator - INFO - ✅ Auditoría creada: facebook_ads para cliente ID 2 (Audit ID: 8)
2026-10-02 23:17:20,698 - orchestrator - INFO - ✅ Auditoría 8 actualizada - Score: 97/100
2026-10-02 23:17:20,698 - agents.multi_platform_auditor_agent - INFO -   ✅ facebook_ads: 97/100
2026-10-02 23:17:20,699 - orchestrator - INFO - ✅ Auditoría creada: web para cliente ID 2 (Audit ID: 9)
2026-10-02 23:17:20,701 - orchestrator - INFO - ✅ Auditoría 9 actualizada - Score: 72/100
2026-10-02 23:17:20,701 - agents.multi_platform_auditor_agent - INFO -   ✅ web: 72/100
2026-10-02 23:17:20,701 - agents.multi_platform_auditor_agent - INFO -   💾 Guardando resultados - Score promedio: 85/100
2026-10-02 23:17:20,701 - agents.multi_platform_auditor_agent - INFO - 🔍 Auditando cliente: ConsultorLabs en plataformas: ['web', 'facebook_ads', 'google_ads']
2026-10-02 23:17:20,701 - agents.multi_platform_auditor_agent - INFO -   ⚡ Computando Web para ConsultorLabs
2026-10-02 23:17:20,701 - agents.multi_platform_auditor_agent - INFO -   📘 Computando Facebook Ads para ConsultorLabs
2026-10-02 23:17:20,701 - agents.multi_platform_auditor_agent - INFO -   🔍 Computando Google Ads para ConsultorLabs
2026-10-02 23:17:20,704 - orchestrator - INFO - ✅ Auditoría creada: web para cliente ID 3 (Audit ID: 10)
2026-10-02 23:17:20,705 - orchestrator - INFO - ✅ Auditoría 10 actualizada - Score: 72/100
2026-10-02 23:17:20,705 - agents.multi_platform_auditor_agent - INFO -   ✅ web: 72/100
2026-10-02 23:17:20,706 - orchestrator - INFO - ✅ Auditoría creada: facebook_ads para cliente ID 3 (Audit ID: 11)
2026-10-02 23:17:20,707 - orchestrator - INFO - ✅ Auditoría 11 actualizada - Score: 97/100
2026-10-02 23:17:20,707 - agents.multi_platform_auditor_agent - INFO -   ✅ facebook_ads: 97/100
2026-10-02 23:17:20,708 - orchestrator - INFO - ✅ Auditoría creada: google_ads para cliente ID 3 (Audit ID: 12)
2026-10-02 23:17:20,709 - orchestrator - INFO - ✅ Auditoría 12 actualizada - Score: 88/100
2026-10-02 23:17:20,709 - agents.multi_platform_auditor_agent - INFO -   ✅ google_ads: 88/100
2026-10-02 23:17:20,709 - agents.multi_platform_auditor_agent - INFO -   💾 Guardando resultados - Score promedio: 85/100
2026-10-02 23:17:20,709 - agents.proposal_generator_agent - INFO - ✅ Proposal Generator Agent inicializado
2026-10-02 23:17:20,709 - agents.proposal_generator_agent - INFO - 📝 Generando propuesta para: Raíces de Cauquenes
2026-10-02 23:17:28,446 - orchestrator - INFO - ✅ Configuración cargada desde config.yaml
2026-10-02 23:17:28,446 - orchestrator - INFO - 🚀 Inicializando Felix Automation Orchestrator
2026-10-02 23:17:28,446 - orchestrator - INFO - ✅ Conectado a BD: ./felix_automation.db
2026-10-02 23:17:28,447 - agents.multi_platform_auditor_agent - INFO - ✅ Multi-Platform Auditor Agent inicializado
2026-10-02 23:17:28,447 - agents.multi_platform_auditor_agent - INFO - 🔍 Auditando cliente: Raíces de Cauquenes en plataformas: ['web', 'facebook_ads', 'google_ads']
2026-10-02 23:17:28,447 - agents.multi_platform_auditor_agent - INFO -   ⚡ Computando Web para Raíces de Cauquenes
2026-10-02 23:17:28,448 - agents.multi_platform_auditor_agent - INFO -   🔍 Computando Google Ads para Raíces de Cauquenes
2026-10-02 23:17:28,448 - agents.multi_platform_auditor_agent - INFO -   📘 Computando Facebook Ads para Raíces de Cauquenes
2026-10-02 23:17:28,451 - orchestrator - INFO - ✅ Auditoría creada: google_ads para cliente ID 1 (Audit ID: 13)
2026-10-02 23:17:28,453 - orchestrator - INFO - ✅ Auditoría 13 actualizada - Score: 88/100
2026-10-02 23:17:28,453 - agents.multi_platform_auditor_agent - INFO -   ✅ google_ads: 88/100
2026-10-02 23:17:28,455 - orchestrator - INFO - ✅ Auditoría creada: web para cliente ID 1 (Audit ID: 14)
2026-10-02 23:17:28,455 - orchestrator - INFO - ✅ Auditoría 14 actualizada - Score: 72/100
2026-10-02 23:17:28,455 - agents.multi_platform_auditor_agent - INFO -   ✅ web: 72/100
2026-10-02 23:17:28,456 - orchestrator - INFO - ✅ Auditoría creada: facebook_ads para cliente ID 1 (Audit ID: 15)
2026-10-02 23:17:28,458 - orchestrator - INFO - ✅ Auditoría 15 actualizada - Score: 97/100
2026-10-02 23:17:28,458 - agents.multi_platform_auditor_agent - INFO -   ✅ facebook_ads: 97/100
2026-10-02 23:17:28,458 - agents.multi_platform_auditor_agent - INFO -   💾 Guardando resultados - Score promedio: 85/100
2026-10-02 23:17:28,458 - agents.multi_platform_auditor_agent - INFO - 🔍 Auditando cliente: TechShop Premium en plataformas: ['web', 'facebook_ads', 'google_ads']
2026-10-02 23:17:28,458 - agents.multi_platform_auditor_agent - INFO -   ⚡ Computando Web para TechShop Premium
2026-10-02 23:17:28,458 - agents.multi_platform_auditor_agent - INFO -   📘 Computando Facebook Ads para TechShop Premium
2026-10-02 23:17:28,459 - agents.multi_platform_auditor_agent - INFO -   🔍 Computando Google Ads para TechShop Premium
2026-10-02 23:17:28,460 - orchestrator - INFO - ✅ Auditoría creada: web para cliente ID 2 (Audit ID: 16)
2026-10-02 23:17:28,461 - orchestrator - INFO - ✅ Auditoría 16 actualizada - Score: 72/100
2026-10-02 23:17:28,461 - agents.multi_platform_auditor_agent - INFO -   ✅ web: 72/100
2026-10-02 23:17:28,463 - orchestrator - INFO - ✅ Auditoría creada: facebook_ads para cliente ID 2 (Audit ID: 17)
2026-10-02 23:17:28,464 - orchestrator - INFO - ✅ Auditoría 17 actualizada - Score: 97/100
2026-10-02 23:17:28,464 - agents.multi_platform_auditor_agent - INFO -   ✅ facebook_ads: 97/100
2026-10-02 23:17:28,465 - orchestrator - INFO - ✅ Auditoría creada: google_ads para cliente ID 2 (Audit ID: 18)
2026-10-02 23:17:28,467 - orchestrator - INFO - ✅ Auditoría 18 actualizada - Score: 88/100
2026-10-02 23:17:28,467 - agents.multi_platform_auditor_agent - INFO -   ✅ google_ads: 88/100
2026-10-02 23:17:28,467 - agents.multi_platform_auditor_agent - INFO -   💾 Guardando resultados - Score promedio: 85/100
2026-10-02 23:17:28,467 - agents.multi_platform_auditor_agent - INFO - 🔍 Auditando cliente: ConsultorLabs en plataformas: ['web', 'facebook_ads', 'google_ads']
2026-10-02 23:17:28,467 - agents.multi_platform_auditor_agent - INFO -   ⚡ Computando Web para ConsultorLabs
2026-10-02 23:17:28,467 - agents.multi_platform_auditor_agent - INFO -   🔍 Computando Google Ads para ConsultorLabs
2026-10-02 23:17:28,467 - agents.multi_platform_auditor_agent - INFO -   📘 Computando Facebook Ads para ConsultorLabs
2026-10-02 23:17:28,469 - orchestrator - INFO - ✅ Auditoría creada: web para cliente ID 3 (Audit ID: 19)
2026-10-02 23:17:28,470 - orchestrator - INFO - ✅ Auditoría 19 actualizada - Score: 72/100
2026-10-02 23:17:28,470 - agents.multi_platform_auditor_agent - INFO -   ✅ web: 72/100
2026-10-02 23:17:28,471 - orchestrator - INFO - ✅ Auditoría creada: google_ads para cliente ID 3 (Audit ID: 20)
2026-10-02 23:17:28,472 - orchestrator - INFO - ✅ Auditoría 20 actualizada - Score: 88/100
2026-10-02 23:17:28,472 - agents.multi_platform_auditor_agent - INFO -   ✅ google_ads: 88/100
2026-10-02 23:17:28,473 - orchestrator - INFO - ✅ Auditoría creada: facebook_ads para cliente ID 3 (Audit ID: 21)
2026-10-02 23:17:28,474 - orchestrator - INFO - ✅ Auditoría 21 actualizada - Score: 97/100
2026-10-02 23:17:28,474 - agents.multi_platform_auditor_agent - INFO -   ✅ facebook_ads: 97/100
2026-10-02 23:17:28,475 - agents.multi_platform_auditor_agent - INFO -   💾 Guardando resultados - Score promedio: 85/100
2026-10-02 23:17:28,475 - agents.proposal_generator_agent - INFO - ✅ Proposal Generator Agent inicializado
2026-10-02 23:17:28,475 - agents.proposal_generator_agent - INFO - 📝 Generando propuesta para: Raíces de Cauquenes
2026-10-02 23:17:28,476 - orchestrator - INFO - ✅ Propuesta creada: ID 4 para cliente ID 1
2026-10-02 23:17:28,926 - weasyprint.progress - INFO - Step 2 - Fetching and parsing CSS - CSS string
2026-10-02 23:17:28,975 - weasyprint.progress - INFO - Step 2 - Fetching and parsing CSS - CSS string
2026-10-02 23:17:28,994 - weasyprint.progress - INFO - Step 2 - Fetching and parsing CSS - CSS string
2026-10-02 23:17:29,100 - weasyprint.progress - INFO - Step 1 - Fetching and parsing HTML - HTML string
2026-10-02 23:17:29,133 - weasyprint.progress - INFO - Step 2 - Fetching and parsing CSS - CSS string
2026-10-02 23:17:29,137 - weasyprint.progress - INFO - Step 3 - Applying CSS
2026-10-02 23:17:29,140 - weasyprint.progress - INFO - Step 4 - Creating formatting structure
2026-10-02 23:17:29,142 - weasyprint.progress - INFO - Step 5 - Creating layout - Page 1
2026-10-02 23:17:29,198 - weasyprint.progress - INFO - Step 5 - Creating layout - Page 2
2026-10-02 23:17:29,213 - weasyprint.progress - INFO - Step 6 - Creating PDF
2026-10-02 23:17:29,376 - weasyprint.progress - INFO - Step 7 - Adding PDF metadata
2026-10-02 23:17:29,376 - weasyprint - WARNING - Using fontTools instead of HarfBuzz-Subset for font "Inter". This will be unsupported in future versions of WeasyPrint. Please install HarfBuzz-Subset >= 4.1.0 with your package manager.
2026-10-02 23:17:29,378 - fontTools.subset - INFO - maxp pruned
2026-10-02 23:17:29,395 - fontTools.subset - INFO - cmap pruned
2026-10-02 23:17:29,395 - fontTools.subset - INFO - post pruned
2026-10-02 23:17:29,398 - fontTools.subset - INFO - CFF  pruned
2026-10-02 23:17:29,398 - fontTools.subset - INFO - GPOS dropped
2026-10-02 23:17:29,398 - fontTools.subset - INFO - GSUB dropped
2026-10-02 23:17:29,399 - fontTools.subset - INFO - Added .notdef to subset
2026-10-02 23:17:29,399 - fontTools.subset - INFO - Closing glyph list over 'CFF ': 43 glyphs before
2026-10-02 23:17:29,399 - fontTools.subset - INFO - Glyph names: ['.notdef', 'A', 'D', 'I', 'L', 'M', 'N', 'O', 'P', 'Q', 'R', 'S', 'T', 'a', 'c', 'colon', 'd', 'e', 'eacute', 'eight', 'five', 'g', 'i', 'iacute', 'j', 'l', 'm', 'n', 'o', 'oacute', 'p', 'percent', 'plus.case', 'question', 'questiondown', 'r', 's', 'six', 'space', 't', 'u', 'v', 'y']
2026-10-02 23:17:29,401 - fontTools.subset - INFO - Glyph IDs:   [0, 2, 84, 197, 282, 293, 301, 322, 376, 383, 385, 398, 412, 508, 587, 598, 615, 619, 659, 690, 701, 721, 738, 768, 775, 792, 798, 845, 854, 873, 891, 917, 982, 1000, 1349, 1351, 1353, 1433, 1436, 1507, 1537, 1738, 1771]
2026-10-02 23:17:29,403 - fontTools.subset - INFO - Closed glyph list over 'CFF ': 43 glyphs after
2026-10-02 23:17:29,404 - fontTools.subset - INFO - Glyph names: ['.notdef', 'A', 'D', 'I', 'L', 'M', 'N', 'O', 'P', 'Q', 'R', 'S', 'T', 'a', 'c', 'colon', 'd', 'e', 'eacute', 'eight', 'five', 'g', 'i', 'iacute', 'j', 'l', 'm', 'n', 'o', 'oacute', 'p', 'percent', 'plus.case', 'question', 'questiondown', 'r', 's', 'six', 'space', 't', 'u', 'v', 'y']
2026-10-02 23:17:29,404 - fontTools.subset - INFO - Glyph IDs:   [0, 2, 84, 197, 282, 293, 301, 322, 376, 383, 385, 398, 412, 508, 587, 598, 615, 619, 659, 690, 701, 721, 738, 768, 775, 792, 798, 845, 854, 873, 891, 917, 982, 1000, 1349, 1351, 1353, 1433, 1436, 1507, 1537, 1738, 1771]
2026-10-02 23:17:29,406 - fontTools.subset - INFO - Retaining 43 glyphs
2026-10-02 23:17:29,407 - fontTools.subset - INFO - head subsetting not needed
2026-10-02 23:17:29,407 - fontTools.subset - INFO - hhea subsetting not needed
2026-10-02 23:17:29,407 - fontTools.subset - INFO - maxp subsetting not needed
2026-10-02 23:17:29,407 - fontTools.subset - INFO - OS/2 subsetting not needed
2026-10-02 23:17:29,408 - fontTools.subset - INFO - cmap subsetted
2026-10-02 23:17:29,408 - fontTools.subset - INFO - post subsetted
2026-10-02 23:17:29,425 - fontTools.subset - INFO - CFF  subsetted
2026-10-02 23:17:29,426 - fontTools.subset - INFO - hmtx subsetted
2026-10-02 23:17:29,427 - fontTools.subset - INFO - GDEF subsetted
2026-10-02 23:17:29,428 - fontTools.subset - INFO - name subsetting not needed
2026-10-02 23:17:29,428 - fontTools.subset - INFO - head pruned
2026-10-02 23:17:29,428 - fontTools.subset - INFO - OS/2 Unicode ranges pruned: [0, 1, 60]
2026-10-02 23:17:29,428 - fontTools.subset - INFO - OS/2 CodePage ranges pruned: [0]
2026-10-02 23:17:29,460 - fontTools.subset - INFO - CFF  pruned
2026-10-02 23:17:29,460 - fontTools.subset - INFO - GDEF pruned
2026-10-02 23:17:29,461 - fontTools.subset - INFO - name pruned
2026-10-02 23:17:29,498 - weasyprint - WARNING - Using fontTools instead of HarfBuzz-Subset for font "Inter". This will be unsupported in future versions of WeasyPrint. Please install HarfBuzz-Subset >= 4.1.0 with your package manager.
2026-10-02 23:17:29,499 - fontTools.subset - INFO - maxp pruned
2026-10-02 23:17:29,508 - fontTools.subset - INFO - cmap pruned
2026-10-02 23:17:29,508 - fontTools.subset - INFO - post pruned
2026-10-02 23:17:29,511 - fontTools.subset - INFO - CFF  pruned
2026-10-02 23:17:29,511 - fontTools.subset - INFO - GPOS dropped
2026-10-02 23:17:29,511 - fontTools.subset - INFO - GSUB dropped
2026-10-02 23:17:29,512 - fontTools.subset - INFO - Added .notdef to subset
2026-10-02 23:17:29,512 - fontTools.subset - INFO - Closing glyph list over 'CFF ': 75 glyphs before
2026-10-02 23:17:29,512 - fontTools.subset - INFO - Glyph names: ['.notdef', 'A', 'B', 'C', 'D', 'E', 'F', 'G', 'M', 'P', 'Q', 'R', 'S', 'T', 'U', 'W', 'a', 'aacute', 'ampersand', 'arrowright.case', 'asciitilde.case', 'at', 'b', 'bar', 'bullet', 'c', 'colon', 'colon.case', 'comma', 'd', 'dollar', 'e', 'eacute', 'f', 'five', 'four', 'g', 'h', 'hyphen.case', 'i', 'iacute', 'j', 'k', 'l', 'm', 'n', 'nine', 'ntilde', 'o', 'oacute', 'one', 'p', 'parenleft', 'parenleft.case', 'parenright', 'period', 'plus.case', 'q', 'r', 's', 'seven', 'six', 'slash', 'space', 'space.tf', 't', 'three', 'trademark', 'two', 'u', 'v', 'w', 'y', 'z', 'zero']
2026-10-02 23:17:29,513 - fontTools.subset - INFO - Glyph IDs:   [0, 2, 65, 73, 84, 95, 137, 141, 293, 376, 383, 385, 398, 412, 425, 460, 508, 509, 579, 587, 598, 615, 619, 648, 659, 671, 690, 701, 721, 729, 738, 768, 775, 776, 792, 798, 845, 851, 854, 873, 891, 917, 982, 986, 1000, 1024, 1311, 1343, 1344, 1345, 1347, 1348, 1349, 1351, 1352, 1354, 1424, 1427, 1439, 1440, 1447, 1448, 1457, 1458, 1466, 1473, 1503, 1504, 1507, 1508, 1537, 1543, 1555, 1771, 1823]
2026-10-02 23:17:29,517 - fontTools.subset - INFO - Closed glyph list over 'CFF ': 75 glyphs after
2026-10-02 23:17:29,518 - fontTools.subset - INFO - Glyph names: ['.notdef', 'A', 'B', 'C', 'D', 'E', 'F', 'G', 'M', 'P', 'Q', 'R', 'S', 'T', 'U', 'W', 'a', 'aacute', 'ampersand', 'arrowright.case', 'asciitilde.case', 'at', 'b', 'bar', 'bullet', 'c', 'colon', 'colon.case', 'comma', 'd', 'dollar', 'e', 'eacute', 'f', 'five', 'four', 'g', 'h', 'hyphen.case', 'i', 'iacute', 'j', 'k', 'l', 'm', 'n', 'nine', 'ntilde', 'o', 'oacute', 'one', 'p', 'parenleft', 'parenleft.case', 'parenright', 'period', 'plus.case', 'q', 'r', 's', 'seven', 'six', 'slash', 'space', 'space.tf', 't', 'three', 'trademark', 'two', 'u', 'v', 'w', 'y', 'z', 'zero']
2026-10-02 23:17:29,518 - fontTools.subset - INFO - Glyph IDs:   [0, 2, 65, 73, 84, 95, 137, 141, 293, 376, 383, 385, 398, 412, 425, 460, 508, 509, 579, 587, 598, 615, 619, 648, 659, 671, 690, 701, 721, 729, 738, 768, 775, 776, 792, 798, 845, 851, 854, 873, 891, 917, 982, 986, 1000, 1024, 1311, 1343, 1344, 1345, 1347, 1348, 1349, 1351, 1352, 1354, 1424, 1427, 1439, 1440, 1447, 1448, 1457, 1458, 1466, 1473, 1503, 1504, 1507, 1508, 1537, 1543, 1555, 1771, 1823]
2026-10-02 23:17:29,523 - fontTools.subset - INFO - Retaining 75 glyphs
2026-10-02 23:17:29,523 - fontTools.subset - INFO - head subsetting not needed
2026-10-02 23:17:29,524 - fontTools.subset - INFO - hhea subsetting not needed
2026-10-02 23:17:29,524 - fontTools.subset - INFO - maxp subsetting not needed
2026-10-02 23:17:29,524 - fontTools.subset - INFO - OS/2 subsetting not needed
2026-10-02 23:17:29,525 - fontTools.subset - INFO - cmap subsetted
2026-10-02 23:17:29,525 - fontTools.subset - INFO - post subsetted
2026-10-02 23:17:29,533 - fontTools.subset - INFO - CFF  subsetted
2026-10-02 23:17:29,535 - fontTools.subset - INFO - hmtx subsetted
2026-10-02 23:17:29,536 - fontTools.subset - INFO - GDEF subsetted
2026-10-02 23:17:29,536 - fontTools.subset - INFO - name subsetting not needed
2026-10-02 23:17:29,536 - fontTools.subset - INFO - head pruned
2026-10-02 23:17:29,536 - fontTools.subset - INFO - OS/2 Unicode ranges pruned: [0, 1, 31, 35, 60]
2026-10-02 23:17:29,536 - fontTools.subset - INFO - OS/2 CodePage ranges pruned: [0]
2026-10-02 23:17:29,573 - fontTools.subset - INFO - CFF  pruned
2026-10-02 23:17:29,574 - fontTools.subset - INFO - GDEF pruned
2026-10-02 23:17:29,574 - fontTools.subset - INFO - name pruned
2026-10-02 23:17:29,617 - weasyprint - WARNING - Using fontTools instead of HarfBuzz-Subset for font "Noto Color Emoji". This will be unsupported in future versions of WeasyPrint. Please install HarfBuzz-Subset >= 4.1.0 with your package manager.
2026-10-02 23:17:29,617 - fontTools.subset - INFO - maxp pruned
2026-10-02 23:17:29,617 - fontTools.subset - INFO - cmap pruned
2026-10-02 23:17:29,617 - fontTools.subset - INFO - post pruned
2026-10-02 23:17:29,618 - fontTools.subset - INFO - GSUB dropped
2026-10-02 23:17:29,635 - fontTools.subset - INFO - Added .notdef to subset
2026-10-02 23:17:29,637 - fontTools.subset - INFO - Retaining 3 glyphs
2026-10-02 23:17:29,638 - fontTools.subset - INFO - head subsetting not needed
2026-10-02 23:17:29,638 - fontTools.subset - INFO - hhea subsetting not needed
2026-10-02 23:17:29,638 - fontTools.subset - INFO - maxp subsetting not needed
2026-10-02 23:17:29,638 - fontTools.subset - INFO - OS/2 subsetting not needed
2026-10-02 23:17:29,639 - fontTools.subset - INFO - hmtx subsetted
2026-10-02 23:17:29,639 - fontTools.subset - INFO - cmap subsetted
2026-10-02 23:17:29,640 - fontTools.subset - INFO - post subsetted
2026-10-02 23:17:29,752 - fontTools.subset - INFO - CBDT subsetted
2026-10-02 23:17:29,752 - fontTools.subset - INFO - CBLC subsetted
2026-10-02 23:17:29,752 - fontTools.subset - INFO - vhea subsetting not needed
2026-10-02 23:17:29,753 - fontTools.subset - INFO - vmtx subsetted
2026-10-02 23:17:29,753 - fontTools.subset - INFO - name subsetting not needed
2026-10-02 23:17:29,754 - fontTools.subset - INFO - head pruned
2026-10-02 23:17:29,754 - fontTools.subset - INFO - OS/2 Unicode ranges pruned: []
2026-10-02 23:17:29,754 - fontTools.subset - INFO - name pruned
2026-10-02 23:17:29,761 - weasyprint - WARNING - Using fontTools instead of HarfBuzz-Subset for font "Noto Color Emoji". This will be unsupported in future versions of WeasyPrint. Please install HarfBuzz-Subset >= 4.1.0 with your package manager.
2026-10-02 23:17:29,761 - fontTools.subset - INFO - maxp pruned
2026-10-02 23:17:29,762 - fontTools.subset - INFO - cmap pruned
2026-10-02 23:17:29,762 - fontTools.subset - INFO - post pruned
2026-10-02 23:17:29,762 - fontTools.subset - INFO - GSUB dropped
2026-10-02 23:17:29,767 - fontTools.subset - INFO - Added .notdef to subset
2026-10-02 23:17:29,768 - fontTools.subset - INFO - Retaining 2 glyphs
2026-10-02 23:17:29,768 - fontTools.subset - INFO - head subsetting not needed
2026-10-02 23:17:29,768 - fontTools.subset - INFO - hhea subsetting not needed
2026-10-02 23:17:29,768 - fontTools.subset - INFO - maxp subsetting not needed
2026-10-02 23:17:29,768 - fontTools.subset - INFO - OS/2 subsetting not needed
2026-10-02 23:17:29,769 - fontTools.subset - INFO - hmtx subsetted
2026-10-02 23:17:29,769 - fontTools.subset - INFO - cmap subsetted
2026-10-02 23:17:29,769 - fontTools.subset - INFO - post subsetted
2026-10-02 23:17:29,800 - fontTools.subset - INFO - CBDT subsetted
2026-10-02 23:17:29,800 - fontTools.subset - INFO - CBLC subsetted
2026-10-02 23:17:29,800 - fontTools.subset - INFO - vhea subsetting not needed
2026-10-02 23:17:29,801 - fontTools.subset - INFO - vmtx subsetted
2026-10-02 23:17:29,801 - fontTools.subset - INFO - name subsetting not needed
2026-10-02 23:17:29,801 - fontTools.subset - INFO - head pruned
2026-10-02 23:17:29,801 - fontTools.subset - INFO - OS/2 Unicode ranges pruned: []
2026-10-02 23:17:29,802 - fontTools.subset - INFO - name pruned
2026-10-02 23:17:29,816 - agents.proposal_generator_agent - INFO - ✅ PDF generado: data/proposals/PROPUESTA_Raíces_de_Cauquenes_4.pdf
2026-10-02 23:17:29,819 - orchestrator - INFO - ✅ Archivos de propuesta 4 actualizados
2026-10-02 23:17:29,819 - agents.proposal_generator_agent - INFO - ✅ Propuesta generada: ID 4
2026-10-02 23:17:29,819 - agents.proposal_generator_agent - INFO - 📝 Generando propuesta para: TechShop Premium
2026-10-02 23:17:29,820 - orchestrator - INFO - ✅ Propuesta creada: ID 5 para cliente ID 2
2026-10-02 23:17:29,820 - weasyprint.progress - INFO - Step 1 - Fetching and parsing HTML - HTML string
2026-10-02 23:17:29,847 - weasyprint.progress - INFO - Step 2 - Fetching and parsing CSS - CSS string
2026-10-02 23:17:29,851 - weasyprint.progress - INFO - Step 3 - Applying CSS
2026-10-02 23:17:29,856 - weasyprint.progress - INFO - Step 4 - Creating formatting structure
2026-10-02 23:17:29,859 - weasyprint.progress - INFO - Step 5 - Creating layout - Page 1
2026-10-02 23:17:29,890 - weasyprint.progress - INFO - Step 5 - Creating layout - Page 2
2026-10-02 23:17:29,903 - weasyprint.progress - INFO - Step 6 - Creating PDF
2026-10-02 23:17:29,934 - weasyprint.progress - INFO - Step 7 - Adding PDF metadata
2026-10-02 23:17:29,934 - weasyprint - WARNING - Using fontTools instead of HarfBuzz-Subset for font "Inter". This will be unsupported in future versions of WeasyPrint. Please install HarfBuzz-Subset >= 4.1.0 with your package manager.
2026-10-02 23:17:29,934 - fontTools.subset - INFO - maxp pruned
2026-10-02 23:17:29,939 - fontTools.subset - INFO - cmap pruned
2026-10-02 23:17:29,939 - fontTools.subset - INFO - post pruned
2026-10-02 23:17:29,940 - fontTools.subset - INFO - CFF  pruned
2026-10-02 23:17:29,940 - fontTools.subset - INFO - GPOS dropped
2026-10-02 23:17:29,940 - fontTools.subset - INFO - GSUB dropped
2026-10-02 23:17:29,941 - fontTools.subset - INFO - Added .notdef to subset
2026-10-02 23:17:29,941 - fontTools.subset - INFO - Closing glyph list over 'CFF ': 45 glyphs before
2026-10-02 23:17:29,941 - fontTools.subset - INFO - Glyph names: ['.notdef', 'A', 'D', 'I', 'L', 'M', 'N', 'O', 'P', 'Q', 'R', 'S', 'T', 'a', 'c', 'colon', 'd', 'e', 'eacute', 'eight', 'five', 'g', 'i', 'iacute', 'j', 'l', 'm', 'n', 'o', 'oacute', 'p', 'percent', 'plus.case', 'question', 'questiondown', 'r', 's', 'six', 'space', 't', 'two', 'u', 'v', 'y', 'zero']
2026-10-02 23:17:29,941 - fontTools.subset - INFO - Glyph IDs:   [0, 2, 84, 197, 282, 293, 301, 322, 376, 383, 385, 398, 412, 508, 587, 598, 615, 619, 659, 690, 701, 721, 738, 768, 775, 792, 798, 845, 854, 873, 891, 917, 982, 1000, 1343, 1345, 1349, 1351, 1353, 1433, 1436, 1507, 1537, 1738, 1771]
2026-10-02 23:17:29,943 - fontTools.subset - INFO - Closed glyph list over 'CFF ': 45 glyphs after
2026-10-02 23:17:29,943 - fontTools.subset - INFO - Glyph names: ['.notdef', 'A', 'D', 'I', 'L', 'M', 'N', 'O', 'P', 'Q', 'R', 'S', 'T', 'a', 'c', 'colon', 'd', 'e', 'eacute', 'eight', 'five', 'g', 'i', 'iacute', 'j', 'l', 'm', 'n', 'o', 'oacute', 'p', 'percent', 'plus.case', 'question', 'questiondown', 'r', 's', 'six', 'space', 't', 'two', 'u', 'v', 'y', 'zero']
2026-10-02 23:17:29,943 - fontTools.subset - INFO - Glyph IDs:   [0, 2, 84, 197, 282, 293, 301, 322, 376, 383, 385, 398, 412, 508, 587, 598, 615, 619, 659, 690, 701, 721, 738, 768, 775, 792, 798, 845, 854, 873, 891, 917, 982, 1000, 1343, 1345, 1349, 1351, 1353, 1433, 1436, 1507, 1537, 1738, 1771]
2026-10-02 23:17:29,945 - fontTools.subset - INFO - Retaining 45 glyphs
2026-10-02 23:17:29,945 - fontTools.subset - INFO - head subsetting not needed
2026-10-02 23:17:29,945 - fontTools.subset - INFO - hhea subsetting not needed
2026-10-02 23:17:29,945 - fontTools.subset - INFO - maxp subsetting not needed
2026-10-02 23:17:29,945 - fontTools.subset - INFO - OS/2 subsetting not needed
2026-10-02 23:17:29,946 - fontTools.subset - INFO - cmap subsetted
2026-10-02 23:17:29,946 - fontTools.subset - INFO - post subsetted
2026-10-02 23:17:29,950 - fontTools.subset - INFO - CFF  subsetted
2026-10-02 23:17:29,951 - fontTools.subset - INFO - hmtx subsetted
2026-10-02 23:17:29,952 - fontTools.subset - INFO - GDEF subsetted
2026-10-02 23:17:29,952 - fontTools.subset - INFO - name subsetting not needed
2026-10-02 23:17:29,953 - fontTools.subset - INFO - head pruned
2026-10-02 23:17:29,953 - fontTools.subset - INFO - OS/2 Unicode ranges pruned: [0, 1, 60]
2026-10-02 23:17:29,953 - fontTools.subset - INFO - OS/2 CodePage ranges pruned: [0]
2026-10-02 23:17:29,979 - fontTools.subset - INFO - CFF  pruned
2026-10-02 23:17:29,980 - fontTools.subset - INFO - GDEF pruned
2026-10-02 23:17:29,980 - fontTools.subset - INFO - name pruned
2026-10-02 23:17:30,012 - weasyprint - WARNING - Using fontTools instead of HarfBuzz-Subset for font "Inter". This will be unsupported in future versions of WeasyPrint. Please install HarfBuzz-Subset >= 4.1.0 with your package manager.
2026-10-02 23:17:30,013 - fontTools.subset - INFO - maxp pruned
2026-10-02 23:17:30,018 - fontTools.subset - INFO - cmap pruned
2026-10-02 23:17:30,018 - fontTools.subset - INFO - post pruned
2026-10-02 23:17:30,020 - fontTools.subset - INFO - CFF  pruned
2026-10-02 23:17:30,020 - fontTools.subset - INFO - GPOS dropped
2026-10-02 23:17:30,020 - fontTools.subset - INFO - GSUB dropped
2026-10-02 23:17:30,020 - fontTools.subset - INFO - Added .notdef to subset
2026-10-02 23:17:30,020 - fontTools.subset - INFO - Closing glyph list over 'CFF ': 73 glyphs before
2026-10-02 23:17:30,020 - fontTools.subset - INFO - Glyph names: ['.notdef', 'A', 'B', 'C', 'D', 'E', 'F', 'G', 'M', 'P', 'Q', 'R', 'S', 'T', 'U', 'W', 'a', 'aacute', 'ampersand', 'arrowright.case', 'asciitilde.case', 'at', 'b', 'bar', 'bullet', 'c', 'colon', 'colon.case', 'comma', 'd', 'dollar', 'e', 'eacute', 'eight', 'f', 'four', 'g', 'h', 'hyphen.case', 'i', 'iacute', 'j', 'k', 'l', 'm', 'n', 'ntilde', 'o', 'oacute', 'one', 'p', 'parenleft', 'parenleft.case', 'parenright', 'period', 'plus.case', 'r', 's', 'seven', 'six', 'slash', 'space', 'space.tf', 't', 'three', 'trademark', 'two', 'u', 'v', 'w', 'y', 'z', 'zero']
2026-10-02 23:17:30,021 - fontTools.subset - INFO - Glyph IDs:   [0, 2, 65, 73, 84, 95, 137, 141, 293, 376, 383, 385, 398, 412, 425, 460, 508, 509, 579, 587, 598, 615, 619, 648, 659, 671, 690, 701, 721, 729, 738, 768, 775, 776, 792, 798, 845, 854, 873, 891, 917, 982, 986, 1000, 1024, 1311, 1343, 1344, 1345, 1347, 1348, 1351, 1352, 1353, 1424, 1427, 1439, 1440, 1447, 1448, 1457, 1458, 1466, 1473, 1503, 1504, 1507, 1508, 1537, 1543, 1555, 1771, 1823]
2026-10-02 23:17:30,024 - fontTools.subset - INFO - Closed glyph list over 'CFF ': 73 glyphs after
2026-10-02 23:17:30,024 - fontTools.subset - INFO - Glyph names: ['.notdef', 'A', 'B', 'C', 'D', 'E', 'F', 'G', 'M', 'P', 'Q', 'R', 'S', 'T', 'U', 'W', 'a', 'aacute', 'ampersand', 'arrowright.case', 'asciitilde.case', 'at', 'b', 'bar', 'bullet', 'c', 'colon', 'colon.case', 'comma', 'd', 'dollar', 'e', 'eacute', 'eight', 'f', 'four', 'g', 'h', 'hyphen.case', 'i', 'iacute', 'j', 'k', 'l', 'm', 'n', 'ntilde', 'o', 'oacute', 'one', 'p', 'parenleft', 'parenleft.case', 'parenright', 'period', 'plus.case', 'r', 's', 'seven', 'six', 'slash', 'space', 'space.tf', 't', 'three', 'trademark', 'two', 'u', 'v', 'w', 'y', 'z', 'zero']
2026-10-02 23:17:30,025 - fontTools.subset - INFO - Glyph IDs:   [0, 2, 65, 73, 84, 95, 137, 141, 293, 376, 383, 385, 398, 412, 425, 460, 508, 509, 579, 587, 598, 615, 619, 648, 659, 671, 690, 701, 721, 729, 738, 768, 775, 776, 792, 798, 845, 854, 873, 891, 917, 982, 986, 1000, 1024, 1311, 1343, 1344, 1345, 1347, 1348, 1351, 1352, 1353, 1424, 1427, 1439, 1440, 1447, 1448, 1457, 1458, 1466, 1473, 1503, 1504, 1507, 1508, 1537, 1543, 1555, 1771, 1823]
2026-10-02 23:17:30,026 - fontTools.subset - INFO - Retaining 73 glyphs
2026-10-02 23:17:30,026 - fontTools.subset - INFO - head subsetting not needed
2026-10-02 23:17:30,026 - fontTools.subset - INFO - hhea subsetting not needed
2026-10-02 23:17:30,026 - fontTools.subset - INFO - maxp subsetting not needed
2026-10-02 23:17:30,026 - fontTools.subset - INFO - OS/2 subsetting not needed
2026-10-02 23:17:30,027 - fontTools.subset - INFO - cmap subsetted
2026-10-02 23:17:30,027 - fontTools.subset - INFO - post subsetted
2026-10-02 23:17:30,032 - fontTools.subset - INFO - CFF  subsetted
2026-10-02 23:17:30,033 - fontTools.subset - INFO - hmtx subsetted
2026-10-02 23:17:30,034 - fontTools.subset - INFO - GDEF subsetted
2026-10-02 23:17:30,034 - fontTools.subset - INFO - name subsetting not needed
2026-10-02 23:17:30,034 - fontTools.subset - INFO - head pruned
2026-10-02 23:17:30,034 - fontTools.subset - INFO - OS/2 Unicode ranges pruned: [0, 1, 31, 35, 60]
2026-10-02 23:17:30,035 - fontTools.subset - INFO - OS/2 CodePage ranges pruned: [0]
2026-10-02 23:17:30,062 - fontTools.subset - INFO - CFF  pruned
2026-10-02 23:17:30,063 - fontTools.subset - INFO - GDEF pruned
2026-10-02 23:17:30,063 - fontTools.subset - INFO - name pruned
2026-10-02 23:17:30,101 - weasyprint - WARNING - Using fontTools instead of HarfBuzz-Subset for font "Noto Color Emoji". This will be unsupported in future versions of WeasyPrint. Please install HarfBuzz-Subset >= 4.1.0 with your package manager.
2026-10-02 23:17:30,102 - fontTools.subset - INFO - maxp pruned
2026-10-02 23:17:30,102 - fontTools.subset - INFO - cmap pruned
2026-10-02 23:17:30,102 - fontTools.subset - INFO - post pruned
2026-10-02 23:17:30,102 - fontTools.subset - INFO - GSUB dropped
2026-10-02 23:17:30,106 - fontTools.subset - INFO - Added .notdef to subset
2026-10-02 23:17:30,107 - fontTools.subset - INFO - Retaining 3 glyphs
2026-10-02 23:17:30,108 - fontTools.subset - INFO - head subsetting not needed
2026-10-02 23:17:30,108 - fontTools.subset - INFO - hhea subsetting not needed
2026-10-02 23:17:30,108 - fontTools.subset - INFO - maxp subsetting not needed
2026-10-02 23:17:30,108 - fontTools.subset - INFO - OS/2 subsetting not needed
2026-10-02 23:17:30,110 - fontTools.subset - INFO - hmtx subsetted
2026-10-02 23:17:30,110 - fontTools.subset - INFO - cmap subsetted
2026-10-02 23:17:30,110 - fontTools.subset - INFO - post subsetted
2026-10-02 23:17:30,222 - fontTools.subset - INFO - CBDT subsetted
2026-10-02 23:17:30,222 - fontTools.subset - INFO - CBLC subsetted
2026-10-02 23:17:30,223 - fontTools.subset - INFO - vhea subsetting not needed
2026-10-02 23:17:30,223 - fontTools.subset - INFO - vmtx subsetted
2026-10-02 23:17:30,223 - fontTools.subset - INFO - name subsetting not needed
2026-10-02 23:17:30,224 - fontTools.subset - INFO - head pruned
2026-10-02 23:17:30,224 - fontTools.subset - INFO - OS/2 Unicode ranges pruned: []
2026-10-02 23:17:30,224 - fontTools.subset - INFO - name pruned
2026-10-02 23:17:30,231 - weasyprint - WARNING - Using fontTools instead of HarfBuzz-Subset for font "Noto Color Emoji". This will be unsupported in future versions of WeasyPrint. Please install HarfBuzz-Subset >= 4.1.0 with your package manager.
2026-10-02 23:17:30,232 - fontTools.subset - INFO - maxp pruned
2026-10-02 23:17:30,232 - fontTools.subset - INFO - cmap pruned
2026-10-02 23:17:30,232 - fontTools.subset - INFO - post pruned
2026-10-02 23:17:30,232 - fontTools.subset - INFO - GSUB dropped
2026-10-02 23:17:30,235 - fontTools.subset - INFO - Added .notdef to subset
2026-10-02 23:17:30,236 - fontTools.subset - INFO - Retaining 2 glyphs
2026-10-02 23:17:30,237 - fontTools.subset - INFO - head subsetting not needed
2026-10-02 23:17:30,237 - fontTools.subset - INFO - hhea subsetting not needed
2026-10-02 23:17:30,237 - fontTools.subset - INFO - maxp subsetting not needed
2026-10-02 23:17:30,237 - fontTools.subset - INFO - OS/2 subsetting not needed
2026-10-02 23:17:30,238 - fontTools.subset - INFO - hmtx subsetted
2026-10-02 23:17:30,238 - fontTools.subset - INFO - cmap subsetted
2026-10-02 23:17:30,238 - fontTools.subset - INFO - post subsetted
2026-10-02 23:17:30,306 - fontTools.subset - INFO - CBDT subsetted
2026-10-02 23:17:30,307 - fontTools.subset - INFO - CBLC subsetted
2026-10-02 23:17:30,307 - fontTools.subset - INFO - vhea subsetting not needed
2026-10-02 23:17:30,308 - fontTools.subset - INFO - vmtx subsetted
2026-10-02 23:17:30,308 - fontTools.subset - INFO - name subsetting not needed
2026-10-02 23:17:30,308 - fontTools.subset - INFO - head pruned
2026-10-02 23:17:30,308 - fontTools.subset - INFO - OS/2 Unicode ranges pruned: []
2026-10-02 23:17:30,308 - fontTools.subset - INFO - name pruned
2026-10-02 23:17:30,322 - agents.proposal_generator_agent - INFO - ✅ PDF generado: data/proposals/PROPUESTA_TechShop_Premium_5.pdf
2026-10-02 23:17:30,328 - orchestrator - INFO - ✅ Archivos de propuesta 5 actualizados
2026-10-02 23:17:30,328 - agents.proposal_generator_agent - INFO - ✅ Propuesta generada: ID 5
2026-10-02 23:17:30,328 - agents.proposal_generator_agent - INFO - 📝 Generando propuesta para: ConsultorLabs
2026-10-02 23:17:30,330 - orchestrator - INFO - ✅ Propuesta creada: ID 6 para cliente ID 3
2026-10-02 23:17:30,330 - weasyprint.progress - INFO - Step 1 - Fetching and parsing HTML - HTML string
2026-10-02 23:17:30,355 - weasyprint.progress - INFO - Step 2 - Fetching and parsing CSS - CSS string
2026-10-02 23:17:30,359 - weasyprint.progress - INFO - Step 3 - Applying CSS
2026-10-02 23:17:30,361 - weasyprint.progress - INFO - Step 4 - Creating formatting structure
2026-10-02 23:17:30,363 - weasyprint.progress - INFO - Step 5 - Creating layout - Page 1
2026-10-02 23:17:30,394 - weasyprint.progress - INFO - Step 5 - Creating layout - Page 2
2026-10-02 23:17:30,408 - weasyprint.progress - INFO - Step 6 - Creating PDF
2026-10-02 23:17:30,438 - weasyprint.progress - INFO - Step 7 - Adding PDF metadata
2026-10-02 23:17:30,438 - weasyprint - WARNING - Using fontTools instead of HarfBuzz-Subset for font "Inter". This will be unsupported in future versions of WeasyPrint. Please install HarfBuzz-Subset >= 4.1.0 with your package manager.
2026-10-02 23:17:30,438 - fontTools.subset - INFO - maxp pruned
2026-10-02 23:17:30,443 - fontTools.subset - INFO - cmap pruned
2026-10-02 23:17:30,443 - fontTools.subset - INFO - post pruned
2026-10-02 23:17:30,445 - fontTools.subset - INFO - CFF  pruned
2026-10-02 23:17:30,445 - fontTools.subset - INFO - GPOS dropped
2026-10-02 23:17:30,445 - fontTools.subset - INFO - GSUB dropped
2026-10-02 23:17:30,445 - fontTools.subset - INFO - Added .notdef to subset
2026-10-02 23:17:30,445 - fontTools.subset - INFO - Closing glyph list over 'CFF ': 45 glyphs before
2026-10-02 23:17:30,445 - fontTools.subset - INFO - Glyph names: ['.notdef', 'A', 'D', 'I', 'L', 'M', 'N', 'O', 'P', 'Q', 'R', 'S', 'T', 'a', 'c', 'colon', 'd', 'e', 'eacute', 'eight', 'five', 'g', 'i', 'iacute', 'j', 'l', 'm', 'n', 'o', 'oacute', 'p', 'percent', 'plus.case', 'question', 'questiondown', 'r', 's', 'six', 'space', 't', 'two', 'u', 'v', 'y', 'zero']
2026-10-02 23:17:30,445 - fontTools.subset - INFO - Glyph IDs:   [0, 2, 84, 197, 282, 293, 301, 322, 376, 383, 385, 398, 412, 508, 587, 598, 615, 619, 659, 690, 701, 721, 738, 768, 775, 792, 798, 845, 854, 873, 891, 917, 982, 1000, 1343, 1345, 1349, 1351, 1353, 1433, 1436, 1507, 1537, 1738, 1771]
2026-10-02 23:17:30,448 - fontTools.subset - INFO - Closed glyph list over 'CFF ': 45 glyphs after
2026-10-02 23:17:30,448 - fontTools.subset - INFO - Glyph names: ['.notdef', 'A', 'D', 'I', 'L', 'M', 'N', 'O', 'P', 'Q', 'R', 'S', 'T', 'a', 'c', 'colon', 'd', 'e', 'eacute', 'eight', 'five', 'g', 'i', 'iacute', 'j', 'l', 'm', 'n', 'o', 'oacute', 'p', 'percent', 'plus.case', 'question', 'questiondown', 'r', 's', 'six', 'space', 't', 'two', 'u', 'v', 'y', 'zero']
2026-10-02 23:17:30,448 - fontTools.subset - INFO - Glyph IDs:   [0, 2, 84, 197, 282, 293, 301, 322, 376, 383, 385, 398, 412, 508, 587, 598, 615, 619, 659, 690, 701, 721, 738, 768, 775, 792, 798, 845, 854, 873, 891, 917, 982, 1000, 1343, 1345, 1349, 1351, 1353, 1433, 1436, 1507, 1537, 1738, 1771]
2026-10-02 23:17:30,449 - fontTools.subset - INFO - Retaining 45 glyphs
2026-10-02 23:17:30,449 - fontTools.subset - INFO - head subsetting not needed
2026-10-02 23:17:30,449 - fontTools.subset - INFO - hhea subsetting not needed
2026-10-02 23:17:30,449 - fontTools.subset - INFO - maxp subsetting not needed
2026-10-02 23:17:30,449 - fontTools.subset - INFO - OS/2 subsetting not needed
2026-10-02 23:17:30,450 - fontTools.subset - INFO - cmap subsetted
2026-10-02 23:17:30,450 - fontTools.subset - INFO - post subsetted
2026-10-02 23:17:30,454 - fontTools.subset - INFO - CFF  subsetted
2026-10-02 23:17:30,455 - fontTools.subset - INFO - hmtx subsetted
2026-10-02 23:17:30,456 - fontTools.subset - INFO - GDEF subsetted
2026-10-02 23:17:30,456 - fontTools.subset - INFO - name subsetting not needed
2026-10-02 23:17:30,456 - fontTools.subset - INFO - head pruned
2026-10-02 23:17:30,457 - fontTools.subset - INFO - OS/2 Unicode ranges pruned: [0, 1, 60]
2026-10-02 23:17:30,457 - fontTools.subset - INFO - OS/2 CodePage ranges pruned: [0]
2026-10-02 23:17:30,483 - fontTools.subset - INFO - CFF  pruned
2026-10-02 23:17:30,483 - fontTools.subset - INFO - GDEF pruned
2026-10-02 23:17:30,483 - fontTools.subset - INFO - name pruned
2026-10-02 23:17:30,517 - weasyprint - WARNING - Using fontTools instead of HarfBuzz-Subset for font "Inter". This will be unsupported in future versions of WeasyPrint. Please install HarfBuzz-Subset >= 4.1.0 with your package manager.
2026-10-02 23:17:30,517 - fontTools.subset - INFO - maxp pruned
2026-10-02 23:17:30,522 - fontTools.subset - INFO - cmap pruned
2026-10-02 23:17:30,522 - fontTools.subset - INFO - post pruned
2026-10-02 23:17:30,523 - fontTools.subset - INFO - CFF  pruned
2026-10-02 23:17:30,523 - fontTools.subset - INFO - GPOS dropped
2026-10-02 23:17:30,523 - fontTools.subset - INFO - GSUB dropped
2026-10-02 23:17:30,524 - fontTools.subset - INFO - Added .notdef to subset
2026-10-02 23:17:30,524 - fontTools.subset - INFO - Closing glyph list over 'CFF ': 72 glyphs before
2026-10-02 23:17:30,524 - fontTools.subset - INFO - Glyph names: ['.notdef', 'A', 'B', 'C', 'D', 'E', 'F', 'G', 'L', 'M', 'P', 'Q', 'R', 'S', 'T', 'U', 'W', 'a', 'aacute', 'ampersand', 'arrowright.case', 'asciitilde.case', 'at', 'b', 'bar', 'bullet', 'c', 'colon', 'colon.case', 'comma', 'd', 'dollar', 'e', 'eacute', 'f', 'g', 'h', 'hyphen.case', 'i', 'iacute', 'j', 'k', 'l', 'm', 'n', 'ntilde', 'o', 'oacute', 'one', 'p', 'parenleft', 'parenleft.case', 'parenright', 'period', 'plus.case', 'r', 's', 'seven', 'six', 'slash', 'space', 'space.tf', 't', 'three', 'trademark', 'two', 'u', 'v', 'w', 'y', 'z', 'zero']
2026-10-02 23:17:30,524 - fontTools.subset - INFO - Glyph IDs:   [0, 2, 65, 73, 84, 95, 137, 141, 282, 293, 376, 383, 385, 398, 412, 425, 460, 508, 509, 579, 587, 598, 615, 619, 648, 659, 671, 690, 701, 721, 729, 738, 768, 775, 776, 792, 798, 845, 854, 873, 891, 917, 982, 986, 1000, 1024, 1311, 1343, 1344, 1345, 1347, 1351, 1352, 1424, 1427, 1439, 1440, 1447, 1448, 1457, 1458, 1466, 1473, 1503, 1504, 1507, 1508, 1537, 1543, 1555, 1771, 1823]
2026-10-02 23:17:30,527 - fontTools.subset - INFO - Closed glyph list over 'CFF ': 72 glyphs after
2026-10-02 23:17:30,527 - fontTools.subset - INFO - Glyph names: ['.notdef', 'A', 'B', 'C', 'D', 'E', 'F', 'G', 'L', 'M', 'P', 'Q', 'R', 'S', 'T', 'U', 'W', 'a', 'aacute', 'ampersand', 'arrowright.case', 'asciitilde.case', 'at', 'b', 'bar', 'bullet', 'c', 'colon', 'colon.case', 'comma', 'd', 'dollar', 'e', 'eacute', 'f', 'g', 'h', 'hyphen.case', 'i', 'iacute', 'j', 'k', 'l', 'm', 'n', 'ntilde', 'o', 'oacute', 'one', 'p', 'parenleft', 'parenleft.case', 'parenright', 'period', 'plus.case', 'r', 's', 'seven', 'six', 'slash', 'space', 'space.tf', 't', 'three', 'trademark', 'two', 'u', 'v', 'w', 'y', 'z', 'zero']
2026-10-02 23:17:30,528 - fontTools.subset - INFO - Glyph IDs:   [0, 2, 65, 73, 84, 95, 137, 141, 282, 293, 376, 383, 385, 398, 412, 425, 460, 508, 509, 579, 587, 598, 615, 619, 648, 659, 671, 690, 701, 721, 729, 738, 768, 775, 776, 792, 798, 845, 854, 873, 891, 917, 982, 986, 1000, 1024, 1311, 1343, 1344, 1345, 1347, 1351, 1352, 1424, 1427, 1439, 1440, 1447, 1448, 1457, 1458, 1466, 1473, 1503, 1504, 1507, 1508, 1537, 1543, 1555, 1771, 1823]
2026-10-02 23:17:30,529 - fontTools.subset - INFO - Retaining 72 glyphs
2026-10-02 23:17:30,529 - fontTools.subset - INFO - head subsetting not needed
2026-10-02 23:17:30,529 - fontTools.subset - INFO - hhea subsetting not needed
2026-10-02 23:17:30,529 - fontTools.subset - INFO - maxp subsetting not needed
2026-10-02 23:17:30,529 - fontTools.subset - INFO - OS/2 subsetting not needed
2026-10-02 23:17:30,530 - fontTools.subset - INFO - cmap subsetted
2026-10-02 23:17:30,530 - fontTools.subset - INFO - post subsetted
2026-10-02 23:17:30,534 - fontTools.subset - INFO - CFF  subsetted
2026-10-02 23:17:30,535 - fontTools.subset - INFO - hmtx subsetted
2026-10-02 23:17:30,536 - fontTools.subset - INFO - GDEF subsetted
2026-10-02 23:17:30,536 - fontTools.subset - INFO - name subsetting not needed
2026-10-02 23:17:30,537 - fontTools.subset - INFO - head pruned
2026-10-02 23:17:30,537 - fontTools.subset - INFO - OS/2 Unicode ranges pruned: [0, 1, 31, 35, 60]
2026-10-02 23:17:30,537 - fontTools.subset - INFO - OS/2 CodePage ranges pruned: [0]
2026-10-02 23:17:30,568 - fontTools.subset - INFO - CFF  pruned
2026-10-02 23:17:30,568 - fontTools.subset - INFO - GDEF pruned
2026-10-02 23:17:30,569 - fontTools.subset - INFO - name pruned
2026-10-02 23:17:30,608 - weasyprint - WARNING - Using fontTools instead of HarfBuzz-Subset for font "Noto Color Emoji". This will be unsupported in future versions of WeasyPrint. Please install HarfBuzz-Subset >= 4.1.0 with your package manager.
2026-10-02 23:17:30,609 - fontTools.subset - INFO - maxp pruned
2026-10-02 23:17:30,609 - fontTools.subset - INFO - cmap pruned
2026-10-02 23:17:30,609 - fontTools.subset - INFO - post pruned
2026-10-02 23:17:30,609 - fontTools.subset - INFO - GSUB dropped
2026-10-02 23:17:30,612 - fontTools.subset - INFO - Added .notdef to subset
2026-10-02 23:17:30,614 - fontTools.subset - INFO - Retaining 3 glyphs
2026-10-02 23:17:30,614 - fontTools.subset - INFO - head subsetting not needed
2026-10-02 23:17:30,614 - fontTools.subset - INFO - hhea subsetting not needed
2026-10-02 23:17:30,614 - fontTools.subset - INFO - maxp subsetting not needed
2026-10-02 23:17:30,614 - fontTools.subset - INFO - OS/2 subsetting not needed
2026-10-02 23:17:30,615 - fontTools.subset - INFO - hmtx subsetted
2026-10-02 23:17:30,616 - fontTools.subset - INFO - cmap subsetted
2026-10-02 23:17:30,616 - fontTools.subset - INFO - post subsetted
2026-10-02 23:17:30,636 - fontTools.subset - INFO - CBDT subsetted
2026-10-02 23:17:30,636 - fontTools.subset - INFO - CBLC subsetted
2026-10-02 23:17:30,636 - fontTools.subset - INFO - vhea subsetting not needed
2026-10-02 23:17:30,637 - fontTools.subset - INFO - vmtx subsetted
2026-10-02 23:17:30,637 - fontTools.subset - INFO - name subsetting not needed
2026-10-02 23:17:30,637 - fontTools.subset - INFO - head pruned
2026-10-02 23:17:30,638 - fontTools.subset - INFO - OS/2 Unicode ranges pruned: []
2026-10-02 23:17:30,638 - fontTools.subset - INFO - name pruned
2026-10-02 23:17:30,646 - weasyprint - WARNING - Using fontTools instead of HarfBuzz-Subset for font "Noto Color Emoji". This will be unsupported in future versions of WeasyPrint. Please install HarfBuzz-Subset >= 4.1.0 with your package manager.
2026-10-02 23:17:30,646 - fontTools.subset - INFO - maxp pruned
2026-10-02 23:17:30,646 - fontTools.subset - INFO - cmap pruned
2026-10-02 23:17:30,646 - fontTools.subset - INFO - post pruned
2026-10-02 23:17:30,646 - fontTools.subset - INFO - GSUB dropped
2026-10-02 23:17:30,650 - fontTools.subset - INFO - Added .notdef to subset
2026-10-02 23:17:30,651 - fontTools.subset - INFO - Retaining 2 glyphs
2026-10-02 23:17:30,651 - fontTools.subset - INFO - head subsetting not needed
2026-10-02 23:17:30,651 - fontTools.subset - INFO - hhea subsetting not needed
2026-10-02 23:17:30,651 - fontTools.subset - INFO - maxp subsetting not needed
2026-10-02 23:17:30,651 - fontTools.subset - INFO - OS/2 subsetting not needed
2026-10-02 23:17:30,652 - fontTools.subset - INFO - hmtx subsetted
2026-10-02 23:17:30,653 - fontTools.subset - INFO - cmap subsetted
2026-10-02 23:17:30,653 - fontTools.subset - INFO - post subsetted
2026-10-02 23:17:30,666 - fontTools.subset - INFO - CBDT subsetted
2026-10-02 23:17:30,667 - fontTools.subset - INFO - CBLC subsetted
2026-10-02 23:17:30,667 - fontTools.subset - INFO - vhea subsetting not needed
2026-10-02 23:17:30,667 - fontTools.subset - INFO - vmtx subsetted
2026-10-02 23:17:30,667 - fontTools.subset - INFO - name subsetting not needed
2026-10-02 23:17:30,668 - fontTools.subset - INFO - head pruned
2026-10-02 23:17:30,668 - fontTools.subset - INFO - OS/2 Unicode ranges pruned: []
2026-10-02 23:17:30,668 - fontTools.subset - INFO - name pruned
2026-10-02 23:17:30,682 - agents.proposal_generator_agent - INFO - ✅ PDF generado: data/proposals/PROPUESTA_ConsultorLabs_6.pdf
2026-10-02 23:17:30,685 - orchestrator - INFO - ✅ Archivos de propuesta 6 actualizados
2026-10-02 23:17:30,685 - agents.proposal_generator_agent - INFO - ✅ Propuesta generada: ID 6
2026-10-02 23:17:30,685 - agents.lead_scorer_agent - INFO - ✅ Lead Scorer Agent inicializado
2026-10-02 23:17:30,685 - agents.lead_scorer_agent - INFO - 🎯 Iniciando scoring de todos los leads...
2026-10-02 23:17:30,686 - orchestrator - INFO - ✅ Lead score guardado - Cliente 1: 81/100 (🟢 ALTO)
2026-10-02 23:17:30,687 - orchestrator - INFO - ✅ Lead score guardado - Cliente 2: 83/100 (🟢 ALTO)
2026-10-02 23:17:30,688 - orchestrator - INFO - ✅ Lead score guardado - Cliente 3: 79/100 (🟡 MEDIO)
2026-10-02 23:17:30,689 - agents.lead_scorer_agent - INFO - ✅ Scored 3 leads
2026-10-02 23:17:30,689 - agents.lead_scorer_agent - INFO - ✅ Leads exportados a: data/leads_scored.csv
2026-10-02 23:17:30,690 - agents.lead_scorer_agent - INFO - 🎯 2 leads con score >= 80
2026-10-02 23:17:30,690 - orchestrator - INFO - ✅ Conexión a BD cerrada
2026-10-03 19:10:14,757 - orchestrator - INFO - ✅ Configuración cargada desde config.yaml
2026-10-03 19:10:14,758 - orchestrator - INFO - 🚀 Inicializando Felix Automation Orchestrator
2026-10-03 19:10:14,758 - orchestrator - INFO - ✅ Conectado a BD: ./felix_automation.db
2026-10-03 19:10:14,846 - orchestrator - INFO - ✅ Conexión a BD cerrada
2026-10-03 19:10:55,313 - orchestrator - INFO - ✅ Configuración cargada desde config.yaml
2026-10-03 19:10:55,313 - orchestrator - INFO - 🚀 Inicializando Felix Automation Orchestrator
2026-10-03 19:10:55,314 - orchestrator - INFO - ✅ Conectado a BD: ./felix_automation.db
2026-10-03 19:10:55,316 - orchestrator - INFO - ✅ Auditoría creada: web para cliente ID 1 (Audit ID: 22)
2026-10-03 19:10:55,319 - orchestrator - INFO - ✅ Auditoría creada: facebook_ads para cliente ID 1 (Audit ID: 23)
2026-10-03 19:10:55,321 - orchestrator - INFO - ✅ Auditoría creada: google_ads para cliente ID 1 (Audit ID: 24)
2026-10-03 19:10:55,323 - orchestrator - INFO - ✅ Auditoría creada: web para cliente ID 2 (Audit ID: 25)
2026-10-03 19:10:55,324 - orchestrator - INFO - ✅ Auditoría creada: facebook_ads para cliente ID 2 (Audit ID: 26)
2026-10-03 19:10:55,325 - orchestrator - INFO - ✅ Auditoría creada: google_ads para cliente ID 2 (Audit ID: 27)
2026-10-03 19:10:55,327 - orchestrator - INFO - ✅ Auditoría creada: web para cliente ID 3 (Audit ID: 28)
2026-10-03 19:10:55,328 - orchestrator - INFO - ✅ Auditoría creada: facebook_ads para cliente ID 3 (Audit ID: 29)
2026-10-03 19:10:55,329 - orchestrator - INFO - ✅ Auditoría creada: google_ads para cliente ID 3 (Audit ID: 30)
2026-10-03 19:10:55,329 - agents.proposal_generator_agent - INFO - ✅ Proposal Generator Agent inicializado
2026-10-03 19:10:55,330 - agents.proposal_generator_agent - INFO - 📝 Generando propuesta para: Raíces de Cauquenes
2026-10-03 19:10:55,331 - orchestrator - INFO - ✅ Propuesta creada: ID 7 para cliente ID 1
2026-10-03 19:10:56,262 - weasyprint.progress - INFO - Step 2 - Fetching and parsing CSS - CSS string
2026-10-03 19:10:56,309 - weasyprint.progress - INFO - Step 2 - Fetching and parsing CSS - CSS string
2026-10-03 19:10:56,324 - weasyprint.progress - INFO - Step 2 - Fetching and parsing CSS - CSS string
2026-10-03 19:10:56,467 - weasyprint.progress - INFO - Step 1 - Fetching and parsing HTML - HTML string
2026-10-03 19:10:56,501 - weasyprint.progress - INFO - Step 2 - Fetching and parsing CSS - CSS string
2026-10-03 19:10:56,504 - weasyprint.progress - INFO - Step 3 - Applying CSS
2026-10-03 19:10:56,507 - weasyprint.progress - INFO - Step 4 - Creating formatting structure
2026-10-03 19:10:56,509 - weasyprint.progress - INFO - Step 5 - Creating layout - Page 1
2026-10-03 19:10:56,560 - weasyprint.progress - INFO - Step 5 - Creating layout - Page 2
2026-10-03 19:10:56,573 - weasyprint.progress - INFO - Step 6 - Creating PDF
2026-10-03 19:10:56,928 - weasyprint.progress - INFO - Step 7 - Adding PDF metadata
2026-10-03 19:10:56,928 - weasyprint - WARNING - Using fontTools instead of HarfBuzz-Subset for font "Inter". This will be unsupported in future versions of WeasyPrint. Please install HarfBuzz-Subset >= 4.1.0 with your package manager.
2026-10-03 19:10:56,930 - fontTools.subset - INFO - maxp pruned
2026-10-03 19:10:56,940 - fontTools.subset - INFO - cmap pruned
2026-10-03 19:10:56,940 - fontTools.subset - INFO - post pruned
2026-10-03 19:10:56,942 - fontTools.subset - INFO - CFF  pruned
2026-10-03 19:10:56,942 - fontTools.subset - INFO - GPOS dropped
2026-10-03 19:10:56,942 - fontTools.subset - INFO - GSUB dropped
2026-10-03 19:10:56,943 - fontTools.subset - INFO - Added .notdef to subset
2026-10-03 19:10:56,943 - fontTools.subset - INFO - Closing glyph list over 'CFF ': 43 glyphs before
2026-10-03 19:10:56,943 - fontTools.subset - INFO - Glyph names: ['.notdef', 'A', 'D', 'I', 'L', 'M', 'N', 'O', 'P', 'Q', 'R', 'S', 'T', 'a', 'c', 'colon', 'd', 'e', 'eacute', 'eight', 'five', 'g', 'i', 'iacute', 'j', 'l', 'm', 'n', 'o', 'oacute', 'p', 'percent', 'plus.case', 'question', 'questiondown', 'r', 's', 'six', 'space', 't', 'u', 'v', 'y']
2026-10-03 19:10:56,944 - fontTools.subset - INFO - Glyph IDs:   [0, 2, 84, 197, 282, 293, 301, 322, 376, 383, 385, 398, 412, 508, 587, 598, 615, 619, 659, 690, 701, 721, 738, 768, 775, 792, 798, 845, 854, 873, 891, 917, 982, 1000, 1349, 1351, 1353, 1433, 1436, 1507, 1537, 1738, 1771]
2026-10-03 19:10:56,947 - fontTools.subset - INFO - Closed glyph list over 'CFF ': 43 glyphs after
2026-10-03 19:10:56,947 - fontTools.subset - INFO - Glyph names: ['.notdef', 'A', 'D', 'I', 'L', 'M', 'N', 'O', 'P', 'Q', 'R', 'S', 'T', 'a', 'c', 'colon', 'd', 'e', 'eacute', 'eight', 'five', 'g', 'i', 'iacute', 'j', 'l', 'm', 'n', 'o', 'oacute', 'p', 'percent', 'plus.case', 'question', 'questiondown', 'r', 's', 'six', 'space', 't', 'u', 'v', 'y']
2026-10-03 19:10:56,947 - fontTools.subset - INFO - Glyph IDs:   [0, 2, 84, 197, 282, 293, 301, 322, 376, 383, 385, 398, 412, 508, 587, 598, 615, 619, 659, 690, 701, 721, 738, 768, 775, 792, 798, 845, 854, 873, 891, 917, 982, 1000, 1349, 1351, 1353, 1433, 1436, 1507, 1537, 1738, 1771]
2026-10-03 19:10:56,949 - fontTools.subset - INFO - Retaining 43 glyphs
2026-10-03 19:10:56,949 - fontTools.subset - INFO - head subsetting not needed
2026-10-03 19:10:56,949 - fontTools.subset - INFO - hhea subsetting not needed
2026-10-03 19:10:56,949 - fontTools.subset - INFO - maxp subsetting not needed
2026-10-03 19:10:56,949 - fontTools.subset - INFO - OS/2 subsetting not needed
2026-10-03 19:10:56,950 - fontTools.subset - INFO - cmap subsetted
2026-10-03 19:10:56,950 - fontTools.subset - INFO - post subsetted
2026-10-03 19:10:56,957 - fontTools.subset - INFO - CFF  subsetted
2026-10-03 19:10:56,958 - fontTools.subset - INFO - hmtx subsetted
2026-10-03 19:10:56,960 - fontTools.subset - INFO - GDEF subsetted
2026-10-03 19:10:56,960 - fontTools.subset - INFO - name subsetting not needed
2026-10-03 19:10:56,961 - fontTools.subset - INFO - head pruned
2026-10-03 19:10:56,961 - fontTools.subset - INFO - OS/2 Unicode ranges pruned: [0, 1, 60]
2026-10-03 19:10:56,961 - fontTools.subset - INFO - OS/2 CodePage ranges pruned: [0]
2026-10-03 19:10:56,995 - fontTools.subset - INFO - CFF  pruned
2026-10-03 19:10:56,995 - fontTools.subset - INFO - GDEF pruned
2026-10-03 19:10:56,996 - fontTools.subset - INFO - name pruned
2026-10-03 19:10:57,026 - weasyprint - WARNING - Using fontTools instead of HarfBuzz-Subset for font "Inter". This will be unsupported in future versions of WeasyPrint. Please install HarfBuzz-Subset >= 4.1.0 with your package manager.
2026-10-03 19:10:57,026 - fontTools.subset - INFO - maxp pruned
2026-10-03 19:10:57,030 - fontTools.subset - INFO - cmap pruned
2026-10-03 19:10:57,030 - fontTools.subset - INFO - post pruned
2026-10-03 19:10:57,032 - fontTools.subset - INFO - CFF  pruned
2026-10-03 19:10:57,032 - fontTools.subset - INFO - GPOS dropped
2026-10-03 19:10:57,032 - fontTools.subset - INFO - GSUB dropped
2026-10-03 19:10:57,032 - fontTools.subset - INFO - Added .notdef to subset
2026-10-03 19:10:57,032 - fontTools.subset - INFO - Closing glyph list over 'CFF ': 74 glyphs before
2026-10-03 19:10:57,032 - fontTools.subset - INFO - Glyph names: ['.notdef', 'A', 'B', 'C', 'D', 'E', 'F', 'G', 'M', 'P', 'Q', 'R', 'S', 'T', 'U', 'W', 'a', 'aacute', 'ampersand', 'arrowright.case', 'asciitilde.case', 'at', 'b', 'bar', 'bullet', 'c', 'colon', 'colon.case', 'comma', 'd', 'dollar', 'e', 'eacute', 'f', 'five', 'four', 'g', 'h', 'hyphen.case', 'i', 'iacute', 'j', 'k', 'l', 'm', 'n', 'nine', 'ntilde', 'o', 'oacute', 'one', 'p', 'parenleft', 'parenleft.case', 'parenright', 'period', 'plus.case', 'q', 'r', 's', 'six', 'slash', 'space', 'space.tf', 't', 'three', 'trademark', 'two', 'u', 'v', 'w', 'y', 'z', 'zero']
2026-10-03 19:10:57,033 - fontTools.subset - INFO - Glyph IDs:   [0, 2, 65, 73, 84, 95, 137, 141, 293, 376, 383, 385, 398, 412, 425, 460, 508, 509, 579, 587, 598, 615, 619, 648, 659, 671, 690, 701, 721, 729, 738, 768, 775, 776, 792, 798, 845, 851, 854, 873, 891, 917, 982, 986, 1000, 1024, 1311, 1343, 1344, 1345, 1347, 1348, 1349, 1351, 1354, 1424, 1427, 1439, 1440, 1447, 1448, 1457, 1458, 1466, 1473, 1503, 1504, 1507, 1508, 1537, 1543, 1555, 1771, 1823]
2026-10-03 19:10:57,036 - fontTools.subset - INFO - Closed glyph list over 'CFF ': 74 glyphs after
2026-10-03 19:10:57,036 - fontTools.subset - INFO - Glyph names: ['.notdef', 'A', 'B', 'C', 'D', 'E', 'F', 'G', 'M', 'P', 'Q', 'R', 'S', 'T', 'U', 'W', 'a', 'aacute', 'ampersand', 'arrowright.case', 'asciitilde.case', 'at', 'b', 'bar', 'bullet', 'c', 'colon', 'colon.case', 'comma', 'd', 'dollar', 'e', 'eacute', 'f', 'five', 'four', 'g', 'h', 'hyphen.case', 'i', 'iacute', 'j', 'k', 'l', 'm', 'n', 'nine', 'ntilde', 'o', 'oacute', 'one', 'p', 'parenleft', 'parenleft.case', 'parenright', 'period', 'plus.case', 'q', 'r', 's', 'six', 'slash', 'space', 'space.tf', 't', 'three', 'trademark', 'two', 'u', 'v', 'w', 'y', 'z', 'zero']
2026-10-03 19:10:57,036 - fontTools.subset - INFO - Glyph IDs:   [0, 2, 65, 73, 84, 95, 137, 141, 293, 376, 383, 385, 398, 412, 425, 460, 508, 509, 579, 587, 598, 615, 619, 648, 659, 671, 690, 701, 721, 729, 738, 768, 775, 776, 792, 798, 845, 851, 854, 873, 891, 917, 982, 986, 1000, 1024, 1311, 1343, 1344, 1345, 1347, 1348, 1349, 1351, 1354, 1424, 1427, 1439, 1440, 1447, 1448, 1457, 1458, 1466, 1473, 1503, 1504, 1507, 1508, 1537, 1543, 1555, 1771, 1823]
2026-10-03 19:10:57,037 - fontTools.subset - INFO - Retaining 74 glyphs
2026-10-03 19:10:57,037 - fontTools.subset - INFO - head subsetting not needed
2026-10-03 19:10:57,037 - fontTools.subset - INFO - hhea subsetting not needed
2026-10-03 19:10:57,037 - fontTools.subset - INFO - maxp subsetting not needed
2026-10-03 19:10:57,037 - fontTools.subset - INFO - OS/2 subsetting not needed
2026-10-03 19:10:57,038 - fontTools.subset - INFO - cmap subsetted
2026-10-03 19:10:57,038 - fontTools.subset - INFO - post subsetted
2026-10-03 19:10:57,041 - fontTools.subset - INFO - CFF  subsetted
2026-10-03 19:10:57,042 - fontTools.subset - INFO - hmtx subsetted
2026-10-03 19:10:57,043 - fontTools.subset - INFO - GDEF subsetted
2026-10-03 19:10:57,043 - fontTools.subset - INFO - name subsetting not needed
2026-10-03 19:10:57,043 - fontTools.subset - INFO - head pruned
2026-10-03 19:10:57,043 - fontTools.subset - INFO - OS/2 Unicode ranges pruned: [0, 1, 31, 35, 60]
2026-10-03 19:10:57,043 - fontTools.subset - INFO - OS/2 CodePage ranges pruned: [0]
2026-10-03 19:10:57,065 - fontTools.subset - INFO - CFF  pruned
2026-10-03 19:10:57,065 - fontTools.subset - INFO - GDEF pruned
2026-10-03 19:10:57,065 - fontTools.subset - INFO - name pruned
2026-10-03 19:10:57,094 - weasyprint - WARNING - Using fontTools instead of HarfBuzz-Subset for font "Noto Color Emoji". This will be unsupported in future versions of WeasyPrint. Please install HarfBuzz-Subset >= 4.1.0 with your package manager.
2026-10-03 19:10:57,094 - fontTools.subset - INFO - maxp pruned
2026-10-03 19:10:57,094 - fontTools.subset - INFO - cmap pruned
2026-10-03 19:10:57,094 - fontTools.subset - INFO - post pruned
2026-10-03 19:10:57,096 - fontTools.subset - INFO - GSUB dropped
2026-10-03 19:10:57,106 - fontTools.subset - INFO - Added .notdef to subset
2026-10-03 19:10:57,107 - fontTools.subset - INFO - Retaining 3 glyphs
2026-10-03 19:10:57,107 - fontTools.subset - INFO - head subsetting not needed
2026-10-03 19:10:57,107 - fontTools.subset - INFO - hhea subsetting not needed
2026-10-03 19:10:57,107 - fontTools.subset - INFO - maxp subsetting not needed
2026-10-03 19:10:57,107 - fontTools.subset - INFO - OS/2 subsetting not needed
2026-10-03 19:10:57,108 - fontTools.subset - INFO - hmtx subsetted
2026-10-03 19:10:57,108 - fontTools.subset - INFO - cmap subsetted
2026-10-03 19:10:57,109 - fontTools.subset - INFO - post subsetted
2026-10-03 19:10:57,133 - fontTools.subset - INFO - CBDT subsetted
2026-10-03 19:10:57,133 - fontTools.subset - INFO - CBLC subsetted
2026-10-03 19:10:57,134 - fontTools.subset - INFO - vhea subsetting not needed
2026-10-03 19:10:57,134 - fontTools.subset - INFO - vmtx subsetted
2026-10-03 19:10:57,134 - fontTools.subset - INFO - name subsetting not needed
2026-10-03 19:10:57,134 - fontTools.subset - INFO - head pruned
2026-10-03 19:10:57,135 - fontTools.subset - INFO - OS/2 Unicode ranges pruned: []
2026-10-03 19:10:57,135 - fontTools.subset - INFO - name pruned
2026-10-03 19:10:57,141 - weasyprint - WARNING - Using fontTools instead of HarfBuzz-Subset for font "Noto Color Emoji". This will be unsupported in future versions of WeasyPrint. Please install HarfBuzz-Subset >= 4.1.0 with your package manager.
2026-10-03 19:10:57,142 - fontTools.subset - INFO - maxp pruned
2026-10-03 19:10:57,142 - fontTools.subset - INFO - cmap pruned
2026-10-03 19:10:57,142 - fontTools.subset - INFO - post pruned
2026-10-03 19:10:57,142 - fontTools.subset - INFO - GSUB dropped
2026-10-03 19:10:57,145 - fontTools.subset - INFO - Added .notdef to subset
2026-10-03 19:10:57,146 - fontTools.subset - INFO - Retaining 2 glyphs
2026-10-03 19:10:57,146 - fontTools.subset - INFO - head subsetting not needed
2026-10-03 19:10:57,146 - fontTools.subset - INFO - hhea subsetting not needed
2026-10-03 19:10:57,146 - fontTools.subset - INFO - maxp subsetting not needed
2026-10-03 19:10:57,146 - fontTools.subset - INFO - OS/2 subsetting not needed
2026-10-03 19:10:57,147 - fontTools.subset - INFO - hmtx subsetted
2026-10-03 19:10:57,147 - fontTools.subset - INFO - cmap subsetted
2026-10-03 19:10:57,147 - fontTools.subset - INFO - post subsetted
2026-10-03 19:10:57,162 - fontTools.subset - INFO - CBDT subsetted
2026-10-03 19:10:57,162 - fontTools.subset - INFO - CBLC subsetted
2026-10-03 19:10:57,162 - fontTools.subset - INFO - vhea subsetting not needed
2026-10-03 19:10:57,163 - fontTools.subset - INFO - vmtx subsetted
2026-10-03 19:10:57,163 - fontTools.subset - INFO - name subsetting not needed
2026-10-03 19:10:57,163 - fontTools.subset - INFO - head pruned
2026-10-03 19:10:57,163 - fontTools.subset - INFO - OS/2 Unicode ranges pruned: []
2026-10-03 19:10:57,164 - fontTools.subset - INFO - name pruned
2026-10-03 19:10:57,177 - agents.proposal_generator_agent - INFO - ✅ PDF generado: data/proposals/PROPUESTA_Raíces_de_Cauquenes_7.pdf
2026-10-03 19:10:57,179 - orchestrator - INFO - ✅ Archivos de propuesta 7 actualizados
2026-10-03 19:10:57,179 - agents.proposal_generator_agent - INFO - ✅ Propuesta generada: ID 7
2026-10-03 19:10:57,179 - agents.lead_scorer_agent - INFO - ✅ Lead Scorer Agent inicializado
2026-10-03 19:10:57,179 - agents.lead_scorer_agent - INFO - 🎯 Iniciando scoring de todos los leads...
2026-10-03 19:10:57,180 - orchestrator - INFO - ✅ Lead score guardado - Cliente 1: 81/100 (🟢 ALTO)
2026-10-03 19:10:57,181 - orchestrator - INFO - ✅ Lead score guardado - Cliente 2: 83/100 (🟢 ALTO)
2026-10-03 19:10:57,182 - orchestrator - INFO - ✅ Lead score guardado - Cliente 3: 79/100 (🟡 MEDIO)
2026-10-03 19:10:57,182 - agents.lead_scorer_agent - INFO - ✅ Scored 3 leads
2026-10-03 19:10:57,183 - agents.lead_scorer_agent - INFO - ✅ Leads exportados a: data/leads_scored.csv
2026-10-03 19:10:57,183 - agents.lead_scorer_agent - INFO - 🎯 3 leads con score >= 75
2026-10-03 19:10:57,183 - agents.lead_scorer_agent - INFO - ✅ Lead Scorer Agent inicializado
2026-10-03 19:10:57,183 - agents.proposal_generator_agent - INFO - ✅ Proposal Generator Agent inicializado
2026-10-03 19:10:57,183 - agents.lead_scorer_agent - INFO - 🎯 Iniciando scoring de todos los leads...
2026-10-03 19:10:57,184 - orchestrator - INFO - ✅ Lead score guardado - Cliente 1: 81/100 (🟢 ALTO)
2026-10-03 19:10:57,185 - orchestrator - INFO - ✅ Lead score guardado - Cliente 2: 83/100 (🟢 ALTO)
2026-10-03 19:10:57,186 - orchestrator - INFO - ✅ Lead score guardado - Cliente 3: 79/100 (🟡 MEDIO)
2026-10-03 19:10:57,186 - agents.lead_scorer_agent - INFO - ✅ Scored 3 leads
2026-10-03 19:10:57,186 - agents.proposal_generator_agent - INFO - 📝 Generando propuesta para: TechShop Premium
2026-10-03 19:10:57,187 - orchestrator - INFO - ✅ Propuesta creada: ID 8 para cliente ID 2
2026-10-03 19:10:57,187 - weasyprint.progress - INFO - Step 1 - Fetching and parsing HTML - HTML string
2026-10-03 19:10:57,212 - weasyprint.progress - INFO - Step 2 - Fetching and parsing CSS - CSS string
2026-10-03 19:10:57,215 - weasyprint.progress - INFO - Step 3 - Applying CSS
2026-10-03 19:10:57,218 - weasyprint.progress - INFO - Step 4 - Creating formatting structure
2026-10-03 19:10:57,220 - weasyprint.progress - INFO - Step 5 - Creating layout - Page 1
2026-10-03 19:10:57,249 - weasyprint.progress - INFO - Step 5 - Creating layout - Page 2
2026-10-03 19:10:57,261 - weasyprint.progress - INFO - Step 6 - Creating PDF
2026-10-03 19:10:57,288 - weasyprint.progress - INFO - Step 7 - Adding PDF metadata
2026-10-03 19:10:57,289 - weasyprint - WARNING - Using fontTools instead of HarfBuzz-Subset for font "Inter". This will be unsupported in future versions of WeasyPrint. Please install HarfBuzz-Subset >= 4.1.0 with your package manager.
2026-10-03 19:10:57,289 - fontTools.subset - INFO - maxp pruned
2026-10-03 19:10:57,293 - fontTools.subset - INFO - cmap pruned
2026-10-03 19:10:57,294 - fontTools.subset - INFO - post pruned
2026-10-03 19:10:57,295 - fontTools.subset - INFO - CFF  pruned
2026-10-03 19:10:57,295 - fontTools.subset - INFO - GPOS dropped
2026-10-03 19:10:57,295 - fontTools.subset - INFO - GSUB dropped
2026-10-03 19:10:57,295 - fontTools.subset - INFO - Added .notdef to subset
2026-10-03 19:10:57,295 - fontTools.subset - INFO - Closing glyph list over 'CFF ': 45 glyphs before
2026-10-03 19:10:57,295 - fontTools.subset - INFO - Glyph names: ['.notdef', 'A', 'D', 'I', 'L', 'M', 'N', 'O', 'P', 'Q', 'R', 'S', 'T', 'a', 'c', 'colon', 'd', 'e', 'eacute', 'eight', 'five', 'g', 'i', 'iacute', 'j', 'l', 'm', 'n', 'o', 'oacute', 'p', 'percent', 'plus.case', 'question', 'questiondown', 'r', 's', 'six', 'space', 't', 'two', 'u', 'v', 'y', 'zero']
2026-10-03 19:10:57,296 - fontTools.subset - INFO - Glyph IDs:   [0, 2, 84, 197, 282, 293, 301, 322, 376, 383, 385, 398, 412, 508, 587, 598, 615, 619, 659, 690, 701, 721, 738, 768, 775, 792, 798, 845, 854, 873, 891, 917, 982, 1000, 1343, 1345, 1349, 1351, 1353, 1433, 1436, 1507, 1537, 1738, 1771]
2026-10-03 19:10:57,298 - fontTools.subset - INFO - Closed glyph list over 'CFF ': 45 glyphs after
2026-10-03 19:10:57,298 - fontTools.subset - INFO - Glyph names: ['.notdef', 'A', 'D', 'I', 'L', 'M', 'N', 'O', 'P', 'Q', 'R', 'S', 'T', 'a', 'c', 'colon', 'd', 'e', 'eacute', 'eight', 'five', 'g', 'i', 'iacute', 'j', 'l', 'm', 'n', 'o', 'oacute', 'p', 'percent', 'plus.case', 'question', 'questiondown', 'r', 's', 'six', 'space', 't', 'two', 'u', 'v', 'y', 'zero']
2026-10-03 19:10:57,298 - fontTools.subset - INFO - Glyph IDs:   [0, 2, 84, 197, 282, 293, 301, 322, 376, 383, 385, 398, 412, 508, 587, 598, 615, 619, 659, 690, 701, 721, 738, 768, 775, 792, 798, 845, 854, 873, 891, 917, 982, 1000, 1343, 1345, 1349, 1351, 1353, 1433, 1436, 1507, 1537, 1738, 1771]
2026-10-03 19:10:57,299 - fontTools.subset - INFO - Retaining 45 glyphs
2026-10-03 19:10:57,299 - fontTools.subset - INFO - head subsetting not needed
2026-10-03 19:10:57,299 - fontTools.subset - INFO - hhea subsetting not needed
2026-10-03 19:10:57,299 - fontTools.subset - INFO - maxp subsetting not needed
2026-10-03 19:10:57,299 - fontTools.subset - INFO - OS/2 subsetting not needed
2026-10-03 19:10:57,300 - fontTools.subset - INFO - cmap subsetted
2026-10-03 19:10:57,300 - fontTools.subset - INFO - post subsetted
2026-10-03 19:10:57,304 - fontTools.subset - INFO - CFF  subsetted
2026-10-03 19:10:57,305 - fontTools.subset - INFO - hmtx subsetted
2026-10-03 19:10:57,306 - fontTools.subset - INFO - GDEF subsetted
2026-10-03 19:10:57,306 - fontTools.subset - INFO - name subsetting not needed
2026-10-03 19:10:57,306 - fontTools.subset - INFO - head pruned
2026-10-03 19:10:57,307 - fontTools.subset - INFO - OS/2 Unicode ranges pruned: [0, 1, 60]
2026-10-03 19:10:57,307 - fontTools.subset - INFO - OS/2 CodePage ranges pruned: [0]
2026-10-03 19:10:57,332 - fontTools.subset - INFO - CFF  pruned
2026-10-03 19:10:57,332 - fontTools.subset - INFO - GDEF pruned
2026-10-03 19:10:57,332 - fontTools.subset - INFO - name pruned
2026-10-03 19:10:57,364 - weasyprint - WARNING - Using fontTools instead of HarfBuzz-Subset for font "Inter". This will be unsupported in future versions of WeasyPrint. Please install HarfBuzz-Subset >= 4.1.0 with your package manager.
2026-10-03 19:10:57,364 - fontTools.subset - INFO - maxp pruned
2026-10-03 19:10:57,369 - fontTools.subset - INFO - cmap pruned
2026-10-03 19:10:57,369 - fontTools.subset - INFO - post pruned
2026-10-03 19:10:57,370 - fontTools.subset - INFO - CFF  pruned
2026-10-03 19:10:57,370 - fontTools.subset - INFO - GPOS dropped
2026-10-03 19:10:57,370 - fontTools.subset - INFO - GSUB dropped
2026-10-03 19:10:57,371 - fontTools.subset - INFO - Added .notdef to subset
2026-10-03 19:10:57,371 - fontTools.subset - INFO - Closing glyph list over 'CFF ': 73 glyphs before
2026-10-03 19:10:57,371 - fontTools.subset - INFO - Glyph names: ['.notdef', 'A', 'B', 'C', 'D', 'E', 'F', 'G', 'M', 'P', 'Q', 'R', 'S', 'T', 'U', 'W', 'a', 'aacute', 'ampersand', 'arrowright.case', 'asciitilde.case', 'at', 'b', 'bar', 'bullet', 'c', 'colon', 'colon.case', 'comma', 'd', 'dollar', 'e', 'eacute', 'eight', 'f', 'four', 'g', 'h', 'hyphen.case', 'i', 'iacute', 'j', 'k', 'l', 'm', 'n', 'nine', 'ntilde', 'o', 'oacute', 'one', 'p', 'parenleft', 'parenleft.case', 'parenright', 'period', 'plus.case', 'r', 's', 'six', 'slash', 'space', 'space.tf', 't', 'three', 'trademark', 'two', 'u', 'v', 'w', 'y', 'z', 'zero']
2026-10-03 19:10:57,371 - fontTools.subset - INFO - Glyph IDs:   [0, 2, 65, 73, 84, 95, 137, 141, 293, 376, 383, 385, 398, 412, 425, 460, 508, 509, 579, 587, 598, 615, 619, 648, 659, 671, 690, 701, 721, 729, 738, 768, 775, 776, 792, 798, 845, 854, 873, 891, 917, 982, 986, 1000, 1024, 1311, 1343, 1344, 1345, 1347, 1348, 1351, 1353, 1354, 1424, 1427, 1439, 1440, 1447, 1448, 1457, 1458, 1466, 1473, 1503, 1504, 1507, 1508, 1537, 1543, 1555, 1771, 1823]
2026-10-03 19:10:57,374 - fontTools.subset - INFO - Closed glyph list over 'CFF ': 73 glyphs after
2026-10-03 19:10:57,374 - fontTools.subset - INFO - Glyph names: ['.notdef', 'A', 'B', 'C', 'D', 'E', 'F', 'G', 'M', 'P', 'Q', 'R', 'S', 'T', 'U', 'W', 'a', 'aacute', 'ampersand', 'arrowright.case', 'asciitilde.case', 'at', 'b', 'bar', 'bullet', 'c', 'colon', 'colon.case', 'comma', 'd', 'dollar', 'e', 'eacute', 'eight', 'f', 'four', 'g', 'h', 'hyphen.case', 'i', 'iacute', 'j', 'k', 'l', 'm', 'n', 'nine', 'ntilde', 'o', 'oacute', 'one', 'p', 'parenleft', 'parenleft.case', 'parenright', 'period', 'plus.case', 'r', 's', 'six', 'slash', 'space', 'space.tf', 't', 'three', 'trademark', 'two', 'u', 'v', 'w', 'y', 'z', 'zero']
2026-10-03 19:10:57,374 - fontTools.subset - INFO - Glyph IDs:   [0, 2, 65, 73, 84, 95, 137, 141, 293, 376, 383, 385, 398, 412, 425, 460, 508, 509, 579, 587, 598, 615, 619, 648, 659, 671, 690, 701, 721, 729, 738, 768, 775, 776, 792, 798, 845, 854, 873, 891, 917, 982, 986, 1000, 1024, 1311, 1343, 1344, 1345, 1347, 1348, 1351, 1353, 1354, 1424, 1427, 1439, 1440, 1447, 1448, 1457, 1458, 1466, 1473, 1503, 1504, 1507, 1508, 1537, 1543, 1555, 1771, 1823]
2026-10-03 19:10:57,376 - fontTools.subset - INFO - Retaining 73 glyphs
2026-10-03 19:10:57,376 - fontTools.subset - INFO - head subsetting not needed
2026-10-03 19:10:57,376 - fontTools.subset - INFO - hhea subsetting not needed
2026-10-03 19:10:57,376 - fontTools.subset - INFO - maxp subsetting not needed
2026-10-03 19:10:57,376 - fontTools.subset - INFO - OS/2 subsetting not needed
2026-10-03 19:10:57,377 - fontTools.subset - INFO - cmap subsetted
2026-10-03 19:10:57,377 - fontTools.subset - INFO - post subsetted
2026-10-03 19:10:57,381 - fontTools.subset - INFO - CFF  subsetted
2026-10-03 19:10:57,382 - fontTools.subset - INFO - hmtx subsetted
2026-10-03 19:10:57,383 - fontTools.subset - INFO - GDEF subsetted
2026-10-03 19:10:57,383 - fontTools.subset - INFO - name subsetting not needed
2026-10-03 19:10:57,383 - fontTools.subset - INFO - head pruned
2026-10-03 19:10:57,383 - fontTools.subset - INFO - OS/2 Unicode ranges pruned: [0, 1, 31, 35, 60]
2026-10-03 19:10:57,383 - fontTools.subset - INFO - OS/2 CodePage ranges pruned: [0]
2026-10-03 19:10:57,410 - fontTools.subset - INFO - CFF  pruned
2026-10-03 19:10:57,410 - fontTools.subset - INFO - GDEF pruned
2026-10-03 19:10:57,411 - fontTools.subset - INFO - name pruned
2026-10-03 19:10:57,447 - weasyprint - WARNING - Using fontTools instead of HarfBuzz-Subset for font "Noto Color Emoji". This will be unsupported in future versions of WeasyPrint. Please install HarfBuzz-Subset >= 4.1.0 with your package manager.
2026-10-03 19:10:57,447 - fontTools.subset - INFO - maxp pruned
2026-10-03 19:10:57,447 - fontTools.subset - INFO - cmap pruned
2026-10-03 19:10:57,447 - fontTools.subset - INFO - post pruned
2026-10-03 19:10:57,447 - fontTools.subset - INFO - GSUB dropped
2026-10-03 19:10:57,450 - fontTools.subset - INFO - Added .notdef to subset
2026-10-03 19:10:57,452 - fontTools.subset - INFO - Retaining 3 glyphs
2026-10-03 19:10:57,452 - fontTools.subset - INFO - head subsetting not needed
2026-10-03 19:10:57,452 - fontTools.subset - INFO - hhea subsetting not needed
2026-10-03 19:10:57,452 - fontTools.subset - INFO - maxp subsetting not needed
2026-10-03 19:10:57,452 - fontTools.subset - INFO - OS/2 subsetting not needed
2026-10-03 19:10:57,453 - fontTools.subset - INFO - hmtx subsetted
2026-10-03 19:10:57,453 - fontTools.subset - INFO - cmap subsetted
2026-10-03 19:10:57,454 - fontTools.subset - INFO - post subsetted
2026-10-03 19:10:57,475 - fontTools.subset - INFO - CBDT subsetted
2026-10-03 19:10:57,475 - fontTools.subset - INFO - CBLC subsetted
2026-10-03 19:10:57,476 - fontTools.subset - INFO - vhea subsetting not needed
2026-10-03 19:10:57,476 - fontTools.subset - INFO - vmtx subsetted
2026-10-03 19:10:57,476 - fontTools.subset - INFO - name subsetting not needed
2026-10-03 19:10:57,476 - fontTools.subset - INFO - head pruned
2026-10-03 19:10:57,477 - fontTools.subset - INFO - OS/2 Unicode ranges pruned: []
2026-10-03 19:10:57,477 - fontTools.subset - INFO - name pruned
2026-10-03 19:10:57,484 - weasyprint - WARNING - Using fontTools instead of HarfBuzz-Subset for font "Noto Color Emoji". This will be unsupported in future versions of WeasyPrint. Please install HarfBuzz-Subset >= 4.1.0 with your package manager.
2026-10-03 19:10:57,484 - fontTools.subset - INFO - maxp pruned
2026-10-03 19:10:57,484 - fontTools.subset - INFO - cmap pruned
2026-10-03 19:10:57,485 - fontTools.subset - INFO - post pruned
2026-10-03 19:10:57,485 - fontTools.subset - INFO - GSUB dropped
2026-10-03 19:10:57,488 - fontTools.subset - INFO - Added .notdef to subset
2026-10-03 19:10:57,489 - fontTools.subset - INFO - Retaining 2 glyphs
2026-10-03 19:10:57,489 - fontTools.subset - INFO - head subsetting not needed
2026-10-03 19:10:57,489 - fontTools.subset - INFO - hhea subsetting not needed
2026-10-03 19:10:57,489 - fontTools.subset - INFO - maxp subsetting not needed
2026-10-03 19:10:57,489 - fontTools.subset - INFO - OS/2 subsetting not needed
2026-10-03 19:10:57,490 - fontTools.subset - INFO - hmtx subsetted
2026-10-03 19:10:57,490 - fontTools.subset - INFO - cmap subsetted
2026-10-03 19:10:57,490 - fontTools.subset - INFO - post subsetted
2026-10-03 19:10:57,548 - fontTools.subset - INFO - CBDT subsetted
2026-10-03 19:10:57,548 - fontTools.subset - INFO - CBLC subsetted
2026-10-03 19:10:57,548 - fontTools.subset - INFO - vhea subsetting not needed
2026-10-03 19:10:57,549 - fontTools.subset - INFO - vmtx subsetted
2026-10-03 19:10:57,549 - fontTools.subset - INFO - name subsetting not needed
2026-10-03 19:10:57,550 - fontTools.subset - INFO - head pruned
2026-10-03 19:10:57,550 - fontTools.subset - INFO - OS/2 Unicode ranges pruned: []
2026-10-03 19:10:57,550 - fontTools.subset - INFO - name pruned
2026-10-03 19:10:57,563 - agents.proposal_generator_agent - INFO - ✅ PDF generado: data/proposals/PROPUESTA_TechShop_Premium_8.pdf
2026-10-03 19:10:57,565 - orchestrator - INFO - ✅ Archivos de propuesta 8 actualizados
2026-10-03 19:10:57,565 - agents.proposal_generator_agent - INFO - ✅ Propuesta generada: ID 8
2026-10-03 19:10:57,565 - agents.proposal_generator_agent - INFO - 📝 Generando propuesta para: Raíces de Cauquenes
2026-10-03 19:10:57,567 - orchestrator - INFO - ✅ Propuesta creada: ID 9 para cliente ID 1
2026-10-03 19:10:57,567 - weasyprint.progress - INFO - Step 1 - Fetching and parsing HTML - HTML string
2026-10-03 19:10:57,591 - weasyprint.progress - INFO - Step 2 - Fetching and parsing CSS - CSS string
2026-10-03 19:10:57,594 - weasyprint.progress - INFO - Step 3 - Applying CSS
2026-10-03 19:10:57,596 - weasyprint.progress - INFO - Step 4 - Creating formatting structure
2026-10-03 19:10:57,598 - weasyprint.progress - INFO - Step 5 - Creating layout - Page 1
2026-10-03 19:10:57,627 - weasyprint.progress - INFO - Step 5 - Creating layout - Page 2
2026-10-03 19:10:57,639 - weasyprint.progress - INFO - Step 6 - Creating PDF
2026-10-03 19:10:57,671 - weasyprint.progress - INFO - Step 7 - Adding PDF metadata
2026-10-03 19:10:57,671 - weasyprint - WARNING - Using fontTools instead of HarfBuzz-Subset for font "Inter". This will be unsupported in future versions of WeasyPrint. Please install HarfBuzz-Subset >= 4.1.0 with your package manager.
2026-10-03 19:10:57,671 - fontTools.subset - INFO - maxp pruned
2026-10-03 19:10:57,676 - fontTools.subset - INFO - cmap pruned
2026-10-03 19:10:57,676 - fontTools.subset - INFO - post pruned
2026-10-03 19:10:57,677 - fontTools.subset - INFO - CFF  pruned
2026-10-03 19:10:57,678 - fontTools.subset - INFO - GPOS dropped
2026-10-03 19:10:57,678 - fontTools.subset - INFO - GSUB dropped
2026-10-03 19:10:57,678 - fontTools.subset - INFO - Added .notdef to subset
2026-10-03 19:10:57,678 - fontTools.subset - INFO - Closing glyph list over 'CFF ': 43 glyphs before
2026-10-03 19:10:57,678 - fontTools.subset - INFO - Glyph names: ['.notdef', 'A', 'D', 'I', 'L', 'M', 'N', 'O', 'P', 'Q', 'R', 'S', 'T', 'a', 'c', 'colon', 'd', 'e', 'eacute', 'eight', 'five', 'g', 'i', 'iacute', 'j', 'l', 'm', 'n', 'o', 'oacute', 'p', 'percent', 'plus.case', 'question', 'questiondown', 'r', 's', 'six', 'space', 't', 'u', 'v', 'y']
2026-10-03 19:10:57,678 - fontTools.subset - INFO - Glyph IDs:   [0, 2, 84, 197, 282, 293, 301, 322, 376, 383, 385, 398, 412, 508, 587, 598, 615, 619, 659, 690, 701, 721, 738, 768, 775, 792, 798, 845, 854, 873, 891, 917, 982, 1000, 1349, 1351, 1353, 1433, 1436, 1507, 1537, 1738, 1771]
2026-10-03 19:10:57,680 - fontTools.subset - INFO - Closed glyph list over 'CFF ': 43 glyphs after
2026-10-03 19:10:57,680 - fontTools.subset - INFO - Glyph names: ['.notdef', 'A', 'D', 'I', 'L', 'M', 'N', 'O', 'P', 'Q', 'R', 'S', 'T', 'a', 'c', 'colon', 'd', 'e', 'eacute', 'eight', 'five', 'g', 'i', 'iacute', 'j', 'l', 'm', 'n', 'o', 'oacute', 'p', 'percent', 'plus.case', 'question', 'questiondown', 'r', 's', 'six', 'space', 't', 'u', 'v', 'y']
2026-10-03 19:10:57,681 - fontTools.subset - INFO - Glyph IDs:   [0, 2, 84, 197, 282, 293, 301, 322, 376, 383, 385, 398, 412, 508, 587, 598, 615, 619, 659, 690, 701, 721, 738, 768, 775, 792, 798, 845, 854, 873, 891, 917, 982, 1000, 1349, 1351, 1353, 1433, 1436, 1507, 1537, 1738, 1771]
2026-10-03 19:10:57,682 - fontTools.subset - INFO - Retaining 43 glyphs
2026-10-03 19:10:57,682 - fontTools.subset - INFO - head subsetting not needed
2026-10-03 19:10:57,682 - fontTools.subset - INFO - hhea subsetting not needed
2026-10-03 19:10:57,682 - fontTools.subset - INFO - maxp subsetting not needed
2026-10-03 19:10:57,682 - fontTools.subset - INFO - OS/2 subsetting not needed
2026-10-03 19:10:57,683 - fontTools.subset - INFO - cmap subsetted
2026-10-03 19:10:57,683 - fontTools.subset - INFO - post subsetted
2026-10-03 19:10:57,686 - fontTools.subset - INFO - CFF  subsetted
2026-10-03 19:10:57,688 - fontTools.subset - INFO - hmtx subsetted
2026-10-03 19:10:57,689 - fontTools.subset - INFO - GDEF subsetted
2026-10-03 19:10:57,689 - fontTools.subset - INFO - name subsetting not needed
2026-10-03 19:10:57,689 - fontTools.subset - INFO - head pruned
2026-10-03 19:10:57,689 - fontTools.subset - INFO - OS/2 Unicode ranges pruned: [0, 1, 60]
2026-10-03 19:10:57,689 - fontTools.subset - INFO - OS/2 CodePage ranges pruned: [0]
2026-10-03 19:10:57,714 - fontTools.subset - INFO - CFF  pruned
2026-10-03 19:10:57,714 - fontTools.subset - INFO - GDEF pruned
2026-10-03 19:10:57,714 - fontTools.subset - INFO - name pruned
2026-10-03 19:10:57,745 - weasyprint - WARNING - Using fontTools instead of HarfBuzz-Subset for font "Inter". This will be unsupported in future versions of WeasyPrint. Please install HarfBuzz-Subset >= 4.1.0 with your package manager.
2026-10-03 19:10:57,746 - fontTools.subset - INFO - maxp pruned
2026-10-03 19:10:57,750 - fontTools.subset - INFO - cmap pruned
2026-10-03 19:10:57,750 - fontTools.subset - INFO - post pruned
2026-10-03 19:10:57,751 - fontTools.subset - INFO - CFF  pruned
2026-10-03 19:10:57,751 - fontTools.subset - INFO - GPOS dropped
2026-10-03 19:10:57,751 - fontTools.subset - INFO - GSUB dropped
2026-10-03 19:10:57,752 - fontTools.subset - INFO - Added .notdef to subset
2026-10-03 19:10:57,752 - fontTools.subset - INFO - Closing glyph list over 'CFF ': 74 glyphs before
2026-10-03 19:10:57,752 - fontTools.subset - INFO - Glyph names: ['.notdef', 'A', 'B', 'C', 'D', 'E', 'F', 'G', 'M', 'P', 'Q', 'R', 'S', 'T', 'U', 'W', 'a', 'aacute', 'ampersand', 'arrowright.case', 'asciitilde.case', 'at', 'b', 'bar', 'bullet', 'c', 'colon', 'colon.case', 'comma', 'd', 'dollar', 'e', 'eacute', 'f', 'five', 'four', 'g', 'h', 'hyphen.case', 'i', 'iacute', 'j', 'k', 'l', 'm', 'n', 'nine', 'ntilde', 'o', 'oacute', 'one', 'p', 'parenleft', 'parenleft.case', 'parenright', 'period', 'plus.case', 'q', 'r', 's', 'six', 'slash', 'space', 'space.tf', 't', 'three', 'trademark', 'two', 'u', 'v', 'w', 'y', 'z', 'zero']
2026-10-03 19:10:57,752 - fontTools.subset - INFO - Glyph IDs:   [0, 2, 65, 73, 84, 95, 137, 141, 293, 376, 383, 385, 398, 412, 425, 460, 508, 509, 579, 587, 598, 615, 619, 648, 659, 671, 690, 701, 721, 729, 738, 768, 775, 776, 792, 798, 845, 851, 854, 873, 891, 917, 982, 986, 1000, 1024, 1311, 1343, 1344, 1345, 1347, 1348, 1349, 1351, 1354, 1424, 1427, 1439, 1440, 1447, 1448, 1457, 1458, 1466, 1473, 1503, 1504, 1507, 1508, 1537, 1543, 1555, 1771, 1823]
2026-10-03 19:10:57,756 - fontTools.subset - INFO - Closed glyph list over 'CFF ': 74 glyphs after
2026-10-03 19:10:57,756 - fontTools.subset - INFO - Glyph names: ['.notdef', 'A', 'B', 'C', 'D', 'E', 'F', 'G', 'M', 'P', 'Q', 'R', 'S', 'T', 'U', 'W', 'a', 'aacute', 'ampersand', 'arrowright.case', 'asciitilde.case', 'at', 'b', 'bar', 'bullet', 'c', 'colon', 'colon.case', 'comma', 'd', 'dollar', 'e', 'eacute', 'f', 'five', 'four', 'g', 'h', 'hyphen.case', 'i', 'iacute', 'j', 'k', 'l', 'm', 'n', 'nine', 'ntilde', 'o', 'oacute', 'one', 'p', 'parenleft', 'parenleft.case', 'parenright', 'period', 'plus.case', 'q', 'r', 's', 'six', 'slash', 'space', 'space.tf', 't', 'three', 'trademark', 'two', 'u', 'v', 'w', 'y', 'z', 'zero']
2026-10-03 19:10:57,756 - fontTools.subset - INFO - Glyph IDs:   [0, 2, 65, 73, 84, 95, 137, 141, 293, 376, 383, 385, 398, 412, 425, 460, 508, 509, 579, 587, 598, 615, 619, 648, 659, 671, 690, 701, 721, 729, 738, 768, 775, 776, 792, 798, 845, 851, 854, 873, 891, 917, 982, 986, 1000, 1024, 1311, 1343, 1344, 1345, 1347, 1348, 1349, 1351, 1354, 1424, 1427, 1439, 1440, 1447, 1448, 1457, 1458, 1466, 1473, 1503, 1504, 1507, 1508, 1537, 1543, 1555, 1771, 1823]
2026-10-03 19:10:57,757 - fontTools.subset - INFO - Retaining 74 glyphs
2026-10-03 19:10:57,757 - fontTools.subset - INFO - head subsetting not needed
2026-10-03 19:10:57,757 - fontTools.subset - INFO - hhea subsetting not needed
2026-10-03 19:10:57,757 - fontTools.subset - INFO - maxp subsetting not needed
2026-10-03 19:10:57,757 - fontTools.subset - INFO - OS/2 subsetting not needed
2026-10-03 19:10:57,758 - fontTools.subset - INFO - cmap subsetted
2026-10-03 19:10:57,758 - fontTools.subset - INFO - post subsetted
2026-10-03 19:10:57,762 - fontTools.subset - INFO - CFF  subsetted
2026-10-03 19:10:57,763 - fontTools.subset - INFO - hmtx subsetted
2026-10-03 19:10:57,764 - fontTools.subset - INFO - GDEF subsetted
2026-10-03 19:10:57,764 - fontTools.subset - INFO - name subsetting not needed
2026-10-03 19:10:57,765 - fontTools.subset - INFO - head pruned
2026-10-03 19:10:57,765 - fontTools.subset - INFO - OS/2 Unicode ranges pruned: [0, 1, 31, 35, 60]
2026-10-03 19:10:57,765 - fontTools.subset - INFO - OS/2 CodePage ranges pruned: [0]
2026-10-03 19:10:57,791 - fontTools.subset - INFO - CFF  pruned
2026-10-03 19:10:57,792 - fontTools.subset - INFO - GDEF pruned
2026-10-03 19:10:57,792 - fontTools.subset - INFO - name pruned
2026-10-03 19:10:57,827 - weasyprint - WARNING - Using fontTools instead of HarfBuzz-Subset for font "Noto Color Emoji". This will be unsupported in future versions of WeasyPrint. Please install HarfBuzz-Subset >= 4.1.0 with your package manager.
2026-10-03 19:10:57,827 - fontTools.subset - INFO - maxp pruned
2026-10-03 19:10:57,827 - fontTools.subset - INFO - cmap pruned
2026-10-03 19:10:57,828 - fontTools.subset - INFO - post pruned
2026-10-03 19:10:57,828 - fontTools.subset - INFO - GSUB dropped
2026-10-03 19:10:57,831 - fontTools.subset - INFO - Added .notdef to subset
2026-10-03 19:10:57,832 - fontTools.subset - INFO - Retaining 3 glyphs
2026-10-03 19:10:57,832 - fontTools.subset - INFO - head subsetting not needed
2026-10-03 19:10:57,832 - fontTools.subset - INFO - hhea subsetting not needed
2026-10-03 19:10:57,832 - fontTools.subset - INFO - maxp subsetting not needed
2026-10-03 19:10:57,832 - fontTools.subset - INFO - OS/2 subsetting not needed
2026-10-03 19:10:57,834 - fontTools.subset - INFO - hmtx subsetted
2026-10-03 19:10:57,834 - fontTools.subset - INFO - cmap subsetted
2026-10-03 19:10:57,834 - fontTools.subset - INFO - post subsetted
2026-10-03 19:10:57,853 - fontTools.subset - INFO - CBDT subsetted
2026-10-03 19:10:57,854 - fontTools.subset - INFO - CBLC subsetted
2026-10-03 19:10:57,854 - fontTools.subset - INFO - vhea subsetting not needed
2026-10-03 19:10:57,854 - fontTools.subset - INFO - vmtx subsetted
2026-10-03 19:10:57,854 - fontTools.subset - INFO - name subsetting not needed
2026-10-03 19:10:57,855 - fontTools.subset - INFO - head pruned
2026-10-03 19:10:57,855 - fontTools.subset - INFO - OS/2 Unicode ranges pruned: []
2026-10-03 19:10:57,855 - fontTools.subset - INFO - name pruned
2026-10-03 19:10:57,862 - weasyprint - WARNING - Using fontTools instead of HarfBuzz-Subset for font "Noto Color Emoji". This will be unsupported in future versions of WeasyPrint. Please install HarfBuzz-Subset >= 4.1.0 with your package manager.
2026-10-03 19:10:57,862 - fontTools.subset - INFO - maxp pruned
2026-10-03 19:10:57,862 - fontTools.subset - INFO - cmap pruned
2026-10-03 19:10:57,862 - fontTools.subset - INFO - post pruned
2026-10-03 19:10:57,862 - fontTools.subset - INFO - GSUB dropped
2026-10-03 19:10:57,865 - fontTools.subset - INFO - Added .notdef to subset
2026-10-03 19:10:57,867 - fontTools.subset - INFO - Retaining 2 glyphs
2026-10-03 19:10:57,867 - fontTools.subset - INFO - head subsetting not needed
2026-10-03 19:10:57,867 - fontTools.subset - INFO - hhea subsetting not needed
2026-10-03 19:10:57,867 - fontTools.subset - INFO - maxp subsetting not needed
2026-10-03 19:10:57,867 - fontTools.subset - INFO - OS/2 subsetting not needed
2026-10-03 19:10:57,868 - fontTools.subset - INFO - hmtx subsetted
2026-10-03 19:10:57,868 - fontTools.subset - INFO - cmap subsetted
2026-10-03 19:10:57,868 - fontTools.subset - INFO - post subsetted
2026-10-03 19:10:57,880 - fontTools.subset - INFO - CBDT subsetted
2026-10-03 19:10:57,880 - fontTools.subset - INFO - CBLC subsetted
2026-10-03 19:10:57,881 - fontTools.subset - INFO - vhea subsetting not needed
2026-10-03 19:10:57,881 - fontTools.subset - INFO - vmtx subsetted
2026-10-03 19:10:57,881 - fontTools.subset - INFO - name subsetting not needed
2026-10-03 19:10:57,881 - fontTools.subset - INFO - head pruned
2026-10-03 19:10:57,881 - fontTools.subset - INFO - OS/2 Unicode ranges pruned: []
2026-10-03 19:10:57,882 - fontTools.subset - INFO - name pruned
2026-10-03 19:10:57,895 - agents.proposal_generator_agent - INFO - ✅ PDF generado: data/proposals/PROPUESTA_Raíces_de_Cauquenes_9.pdf
2026-10-03 19:10:57,897 - orchestrator - INFO - ✅ Archivos de propuesta 9 actualizados
2026-10-03 19:10:57,897 - agents.proposal_generator_agent - INFO - ✅ Propuesta generada: ID 9
2026-10-03 19:10:57,898 - agents.proposal_generator_agent - INFO - 📝 Generando propuesta para: ConsultorLabs
2026-10-03 19:10:57,899 - orchestrator - INFO - ✅ Propuesta creada: ID 10 para cliente ID 3
2026-10-03 19:10:57,899 - weasyprint.progress - INFO - Step 1 - Fetching and parsing HTML - HTML string
2026-10-03 19:10:57,925 - weasyprint.progress - INFO - Step 2 - Fetching and parsing CSS - CSS string
2026-10-03 19:10:57,928 - weasyprint.progress - INFO - Step 3 - Applying CSS
2026-10-03 19:10:57,930 - weasyprint.progress - INFO - Step 4 - Creating formatting structure
2026-10-03 19:10:57,932 - weasyprint.progress - INFO - Step 5 - Creating layout - Page 1
2026-10-03 19:10:57,963 - weasyprint.progress - INFO - Step 5 - Creating layout - Page 2
2026-10-03 19:10:57,977 - weasyprint.progress - INFO - Step 6 - Creating PDF
2026-10-03 19:10:58,006 - weasyprint.progress - INFO - Step 7 - Adding PDF metadata
2026-10-03 19:10:58,006 - weasyprint - WARNING - Using fontTools instead of HarfBuzz-Subset for font "Inter". This will be unsupported in future versions of WeasyPrint. Please install HarfBuzz-Subset >= 4.1.0 with your package manager.
2026-10-03 19:10:58,006 - fontTools.subset - INFO - maxp pruned
2026-10-03 19:10:58,011 - fontTools.subset - INFO - cmap pruned
2026-10-03 19:10:58,011 - fontTools.subset - INFO - post pruned
2026-10-03 19:10:58,012 - fontTools.subset - INFO - CFF  pruned
2026-10-03 19:10:58,012 - fontTools.subset - INFO - GPOS dropped
2026-10-03 19:10:58,012 - fontTools.subset - INFO - GSUB dropped
2026-10-03 19:10:58,013 - fontTools.subset - INFO - Added .notdef to subset
2026-10-03 19:10:58,013 - fontTools.subset - INFO - Closing glyph list over 'CFF ': 45 glyphs before
2026-10-03 19:10:58,013 - fontTools.subset - INFO - Glyph names: ['.notdef', 'A', 'D', 'I', 'L', 'M', 'N', 'O', 'P', 'Q', 'R', 'S', 'T', 'a', 'c', 'colon', 'd', 'e', 'eacute', 'eight', 'five', 'g', 'i', 'iacute', 'j', 'l', 'm', 'n', 'o', 'oacute', 'p', 'percent', 'plus.case', 'question', 'questiondown', 'r', 's', 'six', 'space', 't', 'two', 'u', 'v', 'y', 'zero']
2026-10-03 19:10:58,013 - fontTools.subset - INFO - Glyph IDs:   [0, 2, 84, 197, 282, 293, 301, 322, 376, 383, 385, 398, 412, 508, 587, 598, 615, 619, 659, 690, 701, 721, 738, 768, 775, 792, 798, 845, 854, 873, 891, 917, 982, 1000, 1343, 1345, 1349, 1351, 1353, 1433, 1436, 1507, 1537, 1738, 1771]
2026-10-03 19:10:58,015 - fontTools.subset - INFO - Closed glyph list over 'CFF ': 45 glyphs after
2026-10-03 19:10:58,015 - fontTools.subset - INFO - Glyph names: ['.notdef', 'A', 'D', 'I', 'L', 'M', 'N', 'O', 'P', 'Q', 'R', 'S', 'T', 'a', 'c', 'colon', 'd', 'e', 'eacute', 'eight', 'five', 'g', 'i', 'iacute', 'j', 'l', 'm', 'n', 'o', 'oacute', 'p', 'percent', 'plus.case', 'question', 'questiondown', 'r', 's', 'six', 'space', 't', 'two', 'u', 'v', 'y', 'zero']
2026-10-03 19:10:58,015 - fontTools.subset - INFO - Glyph IDs:   [0, 2, 84, 197, 282, 293, 301, 322, 376, 383, 385, 398, 412, 508, 587, 598, 615, 619, 659, 690, 701, 721, 738, 768, 775, 792, 798, 845, 854, 873, 891, 917, 982, 1000, 1343, 1345, 1349, 1351, 1353, 1433, 1436, 1507, 1537, 1738, 1771]
2026-10-03 19:10:58,017 - fontTools.subset - INFO - Retaining 45 glyphs
2026-10-03 19:10:58,017 - fontTools.subset - INFO - head subsetting not needed
2026-10-03 19:10:58,017 - fontTools.subset - INFO - hhea subsetting not needed
2026-10-03 19:10:58,017 - fontTools.subset - INFO - maxp subsetting not needed
2026-10-03 19:10:58,017 - fontTools.subset - INFO - OS/2 subsetting not needed
2026-10-03 19:10:58,018 - fontTools.subset - INFO - cmap subsetted
2026-10-03 19:10:58,018 - fontTools.subset - INFO - post subsetted
2026-10-03 19:10:58,021 - fontTools.subset - INFO - CFF  subsetted
2026-10-03 19:10:58,023 - fontTools.subset - INFO - hmtx subsetted
2026-10-03 19:10:58,024 - fontTools.subset - INFO - GDEF subsetted
2026-10-03 19:10:58,024 - fontTools.subset - INFO - name subsetting not needed
2026-10-03 19:10:58,024 - fontTools.subset - INFO - head pruned
2026-10-03 19:10:58,024 - fontTools.subset - INFO - OS/2 Unicode ranges pruned: [0, 1, 60]
2026-10-03 19:10:58,024 - fontTools.subset - INFO - OS/2 CodePage ranges pruned: [0]
2026-10-03 19:10:58,048 - fontTools.subset - INFO - CFF  pruned
2026-10-03 19:10:58,048 - fontTools.subset - INFO - GDEF pruned
2026-10-03 19:10:58,048 - fontTools.subset - INFO - name pruned
2026-10-03 19:10:58,073 - weasyprint - WARNING - Using fontTools instead of HarfBuzz-Subset for font "Inter". This will be unsupported in future versions of WeasyPrint. Please install HarfBuzz-Subset >= 4.1.0 with your package manager.
2026-10-03 19:10:58,074 - fontTools.subset - INFO - maxp pruned
2026-10-03 19:10:58,077 - fontTools.subset - INFO - cmap pruned
2026-10-03 19:10:58,077 - fontTools.subset - INFO - post pruned
2026-10-03 19:10:58,078 - fontTools.subset - INFO - CFF  pruned
2026-10-03 19:10:58,078 - fontTools.subset - INFO - GPOS dropped
2026-10-03 19:10:58,078 - fontTools.subset - INFO - GSUB dropped
2026-10-03 19:10:58,079 - fontTools.subset - INFO - Added .notdef to subset
2026-10-03 19:10:58,079 - fontTools.subset - INFO - Closing glyph list over 'CFF ': 72 glyphs before
2026-10-03 19:10:58,079 - fontTools.subset - INFO - Glyph names: ['.notdef', 'A', 'B', 'C', 'D', 'E', 'F', 'G', 'L', 'M', 'P', 'Q', 'R', 'S', 'T', 'U', 'W', 'a', 'aacute', 'ampersand', 'arrowright.case', 'asciitilde.case', 'at', 'b', 'bar', 'bullet', 'c', 'colon', 'colon.case', 'comma', 'd', 'dollar', 'e', 'eacute', 'f', 'g', 'h', 'hyphen.case', 'i', 'iacute', 'j', 'k', 'l', 'm', 'n', 'nine', 'ntilde', 'o', 'oacute', 'one', 'p', 'parenleft', 'parenleft.case', 'parenright', 'period', 'plus.case', 'r', 's', 'six', 'slash', 'space', 'space.tf', 't', 'three', 'trademark', 'two', 'u', 'v', 'w', 'y', 'z', 'zero']
2026-10-03 19:10:58,079 - fontTools.subset - INFO - Glyph IDs:   [0, 2, 65, 73, 84, 95, 137, 141, 282, 293, 376, 383, 385, 398, 412, 425, 460, 508, 509, 579, 587, 598, 615, 619, 648, 659, 671, 690, 701, 721, 729, 738, 768, 775, 776, 792, 798, 845, 854, 873, 891, 917, 982, 986, 1000, 1024, 1311, 1343, 1344, 1345, 1347, 1351, 1354, 1424, 1427, 1439, 1440, 1447, 1448, 1457, 1458, 1466, 1473, 1503, 1504, 1507, 1508, 1537, 1543, 1555, 1771, 1823]
2026-10-03 19:10:58,081 - fontTools.subset - INFO - Closed glyph list over 'CFF ': 72 glyphs after
2026-10-03 19:10:58,081 - fontTools.subset - INFO - Glyph names: ['.notdef', 'A', 'B', 'C', 'D', 'E', 'F', 'G', 'L', 'M', 'P', 'Q', 'R', 'S', 'T', 'U', 'W', 'a', 'aacute', 'ampersand', 'arrowright.case', 'asciitilde.case', 'at', 'b', 'bar', 'bullet', 'c', 'colon', 'colon.case', 'comma', 'd', 'dollar', 'e', 'eacute', 'f', 'g', 'h', 'hyphen.case', 'i', 'iacute', 'j', 'k', 'l', 'm', 'n', 'nine', 'ntilde', 'o', 'oacute', 'one', 'p', 'parenleft', 'parenleft.case', 'parenright', 'period', 'plus.case', 'r', 's', 'six', 'slash', 'space', 'space.tf', 't', 'three', 'trademark', 'two', 'u', 'v', 'w', 'y', 'z', 'zero']
2026-10-03 19:10:58,082 - fontTools.subset - INFO - Glyph IDs:   [0, 2, 65, 73, 84, 95, 137, 141, 282, 293, 376, 383, 385, 398, 412, 425, 460, 508, 509, 579, 587, 598, 615, 619, 648, 659, 671, 690, 701, 721, 729, 738, 768, 775, 776, 792, 798, 845, 854, 873, 891, 917, 982, 986, 1000, 1024, 1311, 1343, 1344, 1345, 1347, 1351, 1354, 1424, 1427, 1439, 1440, 1447, 1448, 1457, 1458, 1466, 1473, 1503, 1504, 1507, 1508, 1537, 1543, 1555, 1771, 1823]
2026-10-03 19:10:58,083 - fontTools.subset - INFO - Retaining 72 glyphs
2026-10-03 19:10:58,083 - fontTools.subset - INFO - head subsetting not needed
2026-10-03 19:10:58,083 - fontTools.subset - INFO - hhea subsetting not needed
2026-10-03 19:10:58,083 - fontTools.subset - INFO - maxp subsetting not needed
2026-10-03 19:10:58,083 - fontTools.subset - INFO - OS/2 subsetting not needed
2026-10-03 19:10:58,083 - fontTools.subset - INFO - cmap subsetted
2026-10-03 19:10:58,083 - fontTools.subset - INFO - post subsetted
2026-10-03 19:10:58,087 - fontTools.subset - INFO - CFF  subsetted
2026-10-03 19:10:58,088 - fontTools.subset - INFO - hmtx subsetted
2026-10-03 19:10:58,089 - fontTools.subset - INFO - GDEF subsetted
2026-10-03 19:10:58,089 - fontTools.subset - INFO - name subsetting not needed
2026-10-03 19:10:58,089 - fontTools.subset - INFO - head pruned
2026-10-03 19:10:58,089 - fontTools.subset - INFO - OS/2 Unicode ranges pruned: [0, 1, 31, 35, 60]
2026-10-03 19:10:58,089 - fontTools.subset - INFO - OS/2 CodePage ranges pruned: [0]
2026-10-03 19:10:58,112 - fontTools.subset - INFO - CFF  pruned
2026-10-03 19:10:58,112 - fontTools.subset - INFO - GDEF pruned
2026-10-03 19:10:58,113 - fontTools.subset - INFO - name pruned
2026-10-03 19:10:58,141 - weasyprint - WARNING - Using fontTools instead of HarfBuzz-Subset for font "Noto Color Emoji". This will be unsupported in future versions of WeasyPrint. Please install HarfBuzz-Subset >= 4.1.0 with your package manager.
2026-10-03 19:10:58,141 - fontTools.subset - INFO - maxp pruned
2026-10-03 19:10:58,141 - fontTools.subset - INFO - cmap pruned
2026-10-03 19:10:58,141 - fontTools.subset - INFO - post pruned
2026-10-03 19:10:58,141 - fontTools.subset - INFO - GSUB dropped
2026-10-03 19:10:58,144 - fontTools.subset - INFO - Added .notdef to subset
2026-10-03 19:10:58,145 - fontTools.subset - INFO - Retaining 3 glyphs
2026-10-03 19:10:58,145 - fontTools.subset - INFO - head subsetting not needed
2026-10-03 19:10:58,145 - fontTools.subset - INFO - hhea subsetting not needed
2026-10-03 19:10:58,145 - fontTools.subset - INFO - maxp subsetting not needed
2026-10-03 19:10:58,145 - fontTools.subset - INFO - OS/2 subsetting not needed
2026-10-03 19:10:58,146 - fontTools.subset - INFO - hmtx subsetted
2026-10-03 19:10:58,146 - fontTools.subset - INFO - cmap subsetted
2026-10-03 19:10:58,146 - fontTools.subset - INFO - post subsetted
2026-10-03 19:10:58,166 - fontTools.subset - INFO - CBDT subsetted
2026-10-03 19:10:58,166 - fontTools.subset - INFO - CBLC subsetted
2026-10-03 19:10:58,166 - fontTools.subset - INFO - vhea subsetting not needed
2026-10-03 19:10:58,167 - fontTools.subset - INFO - vmtx subsetted
2026-10-03 19:10:58,167 - fontTools.subset - INFO - name subsetting not needed
2026-10-03 19:10:58,167 - fontTools.subset - INFO - head pruned
2026-10-03 19:10:58,167 - fontTools.subset - INFO - OS/2 Unicode ranges pruned: []
2026-10-03 19:10:58,167 - fontTools.subset - INFO - name pruned
2026-10-03 19:10:58,172 - weasyprint - WARNING - Using fontTools instead of HarfBuzz-Subset for font "Noto Color Emoji". This will be unsupported in future versions of WeasyPrint. Please install HarfBuzz-Subset >= 4.1.0 with your package manager.
2026-10-03 19:10:58,173 - fontTools.subset - INFO - maxp pruned
2026-10-03 19:10:58,173 - fontTools.subset - INFO - cmap pruned
2026-10-03 19:10:58,173 - fontTools.subset - INFO - post pruned
2026-10-03 19:10:58,173 - fontTools.subset - INFO - GSUB dropped
2026-10-03 19:10:58,176 - fontTools.subset - INFO - Added .notdef to subset
2026-10-03 19:10:58,177 - fontTools.subset - INFO - Retaining 2 glyphs
2026-10-03 19:10:58,177 - fontTools.subset - INFO - head subsetting not needed
2026-10-03 19:10:58,177 - fontTools.subset - INFO - hhea subsetting not needed
2026-10-03 19:10:58,177 - fontTools.subset - INFO - maxp subsetting not needed
2026-10-03 19:10:58,177 - fontTools.subset - INFO - OS/2 subsetting not needed
2026-10-03 19:10:58,178 - fontTools.subset - INFO - hmtx subsetted
2026-10-03 19:10:58,178 - fontTools.subset - INFO - cmap subsetted
2026-10-03 19:10:58,179 - fontTools.subset - INFO - post subsetted
2026-10-03 19:10:58,188 - fontTools.subset - INFO - CBDT subsetted
2026-10-03 19:10:58,188 - fontTools.subset - INFO - CBLC subsetted
2026-10-03 19:10:58,188 - fontTools.subset - INFO - vhea subsetting not needed
2026-10-03 19:10:58,188 - fontTools.subset - INFO - vmtx subsetted
2026-10-03 19:10:58,188 - fontTools.subset - INFO - name subsetting not needed
2026-10-03 19:10:58,189 - fontTools.subset - INFO - head pruned
2026-10-03 19:10:58,189 - fontTools.subset - INFO - OS/2 Unicode ranges pruned: []
2026-10-03 19:10:58,189 - fontTools.subset - INFO - name pruned
2026-10-03 19:10:58,199 - agents.proposal_generator_agent - INFO - ✅ PDF generado: data/proposals/PROPUESTA_ConsultorLabs_10.pdf
2026-10-03 19:10:58,201 - orchestrator - INFO - ✅ Archivos de propuesta 10 actualizados
2026-10-03 19:10:58,201 - agents.proposal_generator_agent - INFO - ✅ Propuesta generada: ID 10
2026-10-03 19:10:58,202 - orchestrator - INFO - ✅ Conexión a BD cerrada
2026-10-03 19:11:01,886 - orchestrator - INFO - ✅ Configuración cargada desde config.yaml
2026-10-03 19:11:01,886 - orchestrator - INFO - 🚀 Inicializando Felix Automation Orchestrator
2026-10-03 19:11:01,887 - orchestrator - INFO - ✅ Conectado a BD: ./felix_automation.db
2026-10-03 19:11:01,889 - orchestrator - INFO - ✅ Auditoría creada: web para cliente ID 1 (Audit ID: 31)
2026-10-03 19:11:01,891 - orchestrator - INFO - ✅ Auditoría creada: facebook_ads para cliente ID 1 (Audit ID: 32)
2026-10-03 19:11:01,893 - orchestrator - INFO - ✅ Auditoría creada: google_ads para cliente ID 1 (Audit ID: 33)
2026-10-03 19:11:01,894 - orchestrator - INFO - ✅ Auditoría creada: web para cliente ID 2 (Audit ID: 34)
2026-10-03 19:11:01,895 - orchestrator - INFO - ✅ Auditoría creada: facebook_ads para cliente ID 2 (Audit ID: 35)
2026-10-03 19:11:01,897 - orchestrator - INFO - ✅ Auditoría creada: google_ads para cliente ID 2 (Audit ID: 36)
2026-10-03 19:11:01,898 - orchestrator - INFO - ✅ Auditoría creada: web para cliente ID 3 (Audit ID: 37)
2026-10-03 19:11:01,900 - orchestrator - INFO - ✅ Auditoría creada: facebook_ads para cliente ID 3 (Audit ID: 38)
2026-10-03 19:11:01,901 - orchestrator - INFO - ✅ Auditoría creada: google_ads para cliente ID 3 (Audit ID: 39)
2026-10-03 19:11:01,901 - agents.proposal_generator_agent - INFO - ✅ Proposal Generator Agent inicializado
2026-10-03 19:11:01,901 - agents.proposal_generator_agent - INFO - 📝 Generando propuesta para: Raíces de Cauquenes
2026-10-03 19:11:01,903 - orchestrator - INFO - ✅ Propuesta creada: ID 11 para cliente ID 1
2026-10-03 19:11:02,290 - weasyprint.progress - INFO - Step 2 - Fetching and parsing CSS - CSS string
2026-10-03 19:11:02,328 - weasyprint.progress - INFO - Step 2 - Fetching and parsing CSS - CSS string
2026-10-03 19:11:02,343 - weasyprint.progress - INFO - Step 2 - Fetching and parsing CSS - CSS string
2026-10-03 19:11:02,447 - weasyprint.progress - INFO - Step 1 - Fetching and parsing HTML - HTML string
2026-10-03 19:11:02,482 - weasyprint.progress - INFO - Step 2 - Fetching and parsing CSS - CSS string
2026-10-03 19:11:02,486 - weasyprint.progress - INFO - Step 3 - Applying CSS
2026-10-03 19:11:02,490 - weasyprint.progress - INFO - Step 4 - Creating formatting structure
2026-10-03 19:11:02,492 - weasyprint.progress - INFO - Step 5 - Creating layout - Page 1
2026-10-03 19:11:02,540 - weasyprint.progress - INFO - Step 5 - Creating layout - Page 2
2026-10-03 19:11:02,554 - weasyprint.progress - INFO - Step 6 - Creating PDF
2026-10-03 19:11:02,611 - weasyprint.progress - INFO - Step 7 - Adding PDF metadata
2026-10-03 19:11:02,612 - weasyprint - WARNING - Using fontTools instead of HarfBuzz-Subset for font "Inter". This will be unsupported in future versions of WeasyPrint. Please install HarfBuzz-Subset >= 4.1.0 with your package manager.
2026-10-03 19:11:02,613 - fontTools.subset - INFO - maxp pruned
2026-10-03 19:11:02,618 - fontTools.subset - INFO - cmap pruned
2026-10-03 19:11:02,618 - fontTools.subset - INFO - post pruned
2026-10-03 19:11:02,620 - fontTools.subset - INFO - CFF  pruned
2026-10-03 19:11:02,620 - fontTools.subset - INFO - GPOS dropped
2026-10-03 19:11:02,620 - fontTools.subset - INFO - GSUB dropped
2026-10-03 19:11:02,620 - fontTools.subset - INFO - Added .notdef to subset
2026-10-03 19:11:02,621 - fontTools.subset - INFO - Closing glyph list over 'CFF ': 43 glyphs before
2026-10-03 19:11:02,621 - fontTools.subset - INFO - Glyph names: ['.notdef', 'A', 'D', 'I', 'L', 'M', 'N', 'O', 'P', 'Q', 'R', 'S', 'T', 'a', 'c', 'colon', 'd', 'e', 'eacute', 'eight', 'five', 'g', 'i', 'iacute', 'j', 'l', 'm', 'n', 'o', 'oacute', 'p', 'percent', 'plus.case', 'question', 'questiondown', 'r', 's', 'six', 'space', 't', 'u', 'v', 'y']
2026-10-03 19:11:02,621 - fontTools.subset - INFO - Glyph IDs:   [0, 2, 84, 197, 282, 293, 301, 322, 376, 383, 385, 398, 412, 508, 587, 598, 615, 619, 659, 690, 701, 721, 738, 768, 775, 792, 798, 845, 854, 873, 891, 917, 982, 1000, 1349, 1351, 1353, 1433, 1436, 1507, 1537, 1738, 1771]
2026-10-03 19:11:02,623 - fontTools.subset - INFO - Closed glyph list over 'CFF ': 43 glyphs after
2026-10-03 19:11:02,623 - fontTools.subset - INFO - Glyph names: ['.notdef', 'A', 'D', 'I', 'L', 'M', 'N', 'O', 'P', 'Q', 'R', 'S', 'T', 'a', 'c', 'colon', 'd', 'e', 'eacute', 'eight', 'five', 'g', 'i', 'iacute', 'j', 'l', 'm', 'n', 'o', 'oacute', 'p', 'percent', 'plus.case', 'question', 'questiondown', 'r', 's', 'six', 'space', 't', 'u', 'v', 'y']
2026-10-03 19:11:02,623 - fontTools.subset - INFO - Glyph IDs:   [0, 2, 84, 197, 282, 293, 301, 322, 376, 383, 385, 398, 412, 508, 587, 598, 615, 619, 659, 690, 701, 721, 738, 768, 775, 792, 798, 845, 854, 873, 891, 917, 982, 1000, 1349, 1351, 1353, 1433, 1436, 1507, 1537, 1738, 1771]
2026-10-03 19:11:02,625 - fontTools.subset - INFO - Retaining 43 glyphs
2026-10-03 19:11:02,625 - fontTools.subset - INFO - head subsetting not needed
2026-10-03 19:11:02,625 - fontTools.subset - INFO - hhea subsetting not needed
2026-10-03 19:11:02,625 - fontTools.subset - INFO - maxp subsetting not needed
2026-10-03 19:11:02,625 - fontTools.subset - INFO - OS/2 subsetting not needed
2026-10-03 19:11:02,626 - fontTools.subset - INFO - cmap subsetted
2026-10-03 19:11:02,626 - fontTools.subset - INFO - post subsetted
2026-10-03 19:11:02,630 - fontTools.subset - INFO - CFF  subsetted
2026-10-03 19:11:02,631 - fontTools.subset - INFO - hmtx subsetted
2026-10-03 19:11:02,632 - fontTools.subset - INFO - GDEF subsetted
2026-10-03 19:11:02,633 - fontTools.subset - INFO - name subsetting not needed
2026-10-03 19:11:02,633 - fontTools.subset - INFO - head pruned
2026-10-03 19:11:02,633 - fontTools.subset - INFO - OS/2 Unicode ranges pruned: [0, 1, 60]
2026-10-03 19:11:02,633 - fontTools.subset - INFO - OS/2 CodePage ranges pruned: [0]
2026-10-03 19:11:02,660 - fontTools.subset - INFO - CFF  pruned
2026-10-03 19:11:02,660 - fontTools.subset - INFO - GDEF pruned
2026-10-03 19:11:02,661 - fontTools.subset - INFO - name pruned
2026-10-03 19:11:02,694 - weasyprint - WARNING - Using fontTools instead of HarfBuzz-Subset for font "Inter". This will be unsupported in future versions of WeasyPrint. Please install HarfBuzz-Subset >= 4.1.0 with your package manager.
2026-10-03 19:11:02,694 - fontTools.subset - INFO - maxp pruned
2026-10-03 19:11:02,699 - fontTools.subset - INFO - cmap pruned
2026-10-03 19:11:02,699 - fontTools.subset - INFO - post pruned
2026-10-03 19:11:02,700 - fontTools.subset - INFO - CFF  pruned
2026-10-03 19:11:02,700 - fontTools.subset - INFO - GPOS dropped
2026-10-03 19:11:02,700 - fontTools.subset - INFO - GSUB dropped
2026-10-03 19:11:02,701 - fontTools.subset - INFO - Added .notdef to subset
2026-10-03 19:11:02,701 - fontTools.subset - INFO - Closing glyph list over 'CFF ': 74 glyphs before
2026-10-03 19:11:02,701 - fontTools.subset - INFO - Glyph names: ['.notdef', 'A', 'B', 'C', 'D', 'E', 'F', 'G', 'M', 'P', 'Q', 'R', 'S', 'T', 'U', 'W', 'a', 'aacute', 'ampersand', 'arrowright.case', 'asciitilde.case', 'at', 'b', 'bar', 'bullet', 'c', 'colon', 'colon.case', 'comma', 'd', 'dollar', 'e', 'eacute', 'f', 'five', 'four', 'g', 'h', 'hyphen.case', 'i', 'iacute', 'j', 'k', 'l', 'm', 'n', 'nine', 'ntilde', 'o', 'oacute', 'one', 'p', 'parenleft', 'parenleft.case', 'parenright', 'period', 'plus.case', 'q', 'r', 's', 'six', 'slash', 'space', 'space.tf', 't', 'three', 'trademark', 'two', 'u', 'v', 'w', 'y', 'z', 'zero']
2026-10-03 19:11:02,701 - fontTools.subset - INFO - Glyph IDs:   [0, 2, 65, 73, 84, 95, 137, 141, 293, 376, 383, 385, 398, 412, 425, 460, 508, 509, 579, 587, 598, 615, 619, 648, 659, 671, 690, 701, 721, 729, 738, 768, 775, 776, 792, 798, 845, 851, 854, 873, 891, 917, 982, 986, 1000, 1024, 1311, 1343, 1344, 1345, 1347, 1348, 1349, 1351, 1354, 1424, 1427, 1439, 1440, 1447, 1448, 1457, 1458, 1466, 1473, 1503, 1504, 1507, 1508, 1537, 1543, 1555, 1771, 1823]
2026-10-03 19:11:02,705 - fontTools.subset - INFO - Closed glyph list over 'CFF ': 74 glyphs after
2026-10-03 19:11:02,705 - fontTools.subset - INFO - Glyph names: ['.notdef', 'A', 'B', 'C', 'D', 'E', 'F', 'G', 'M', 'P', 'Q', 'R', 'S', 'T', 'U', 'W', 'a', 'aacute', 'ampersand', 'arrowright.case', 'asciitilde.case', 'at', 'b', 'bar', 'bullet', 'c', 'colon', 'colon.case', 'comma', 'd', 'dollar', 'e', 'eacute', 'f', 'five', 'four', 'g', 'h', 'hyphen.case', 'i', 'iacute', 'j', 'k', 'l', 'm', 'n', 'nine', 'ntilde', 'o', 'oacute', 'one', 'p', 'parenleft', 'parenleft.case', 'parenright', 'period', 'plus.case', 'q', 'r', 's', 'six', 'slash', 'space', 'space.tf', 't', 'three', 'trademark', 'two', 'u', 'v', 'w', 'y', 'z', 'zero']
2026-10-03 19:11:02,705 - fontTools.subset - INFO - Glyph IDs:   [0, 2, 65, 73, 84, 95, 137, 141, 293, 376, 383, 385, 398, 412, 425, 460, 508, 509, 579, 587, 598, 615, 619, 648, 659, 671, 690, 701, 721, 729, 738, 768, 775, 776, 792, 798, 845, 851, 854, 873, 891, 917, 982, 986, 1000, 1024, 1311, 1343, 1344, 1345, 1347, 1348, 1349, 1351, 1354, 1424, 1427, 1439, 1440, 1447, 1448, 1457, 1458, 1466, 1473, 1503, 1504, 1507, 1508, 1537, 1543, 1555, 1771, 1823]
2026-10-03 19:11:02,706 - fontTools.subset - INFO - Retaining 74 glyphs
2026-10-03 19:11:02,706 - fontTools.subset - INFO - head subsetting not needed
2026-10-03 19:11:02,706 - fontTools.subset - INFO - hhea subsetting not needed
2026-10-03 19:11:02,706 - fontTools.subset - INFO - maxp subsetting not needed
2026-10-03 19:11:02,706 - fontTools.subset - INFO - OS/2 subsetting not needed
2026-10-03 19:11:02,707 - fontTools.subset - INFO - cmap subsetted
2026-10-03 19:11:02,707 - fontTools.subset - INFO - post subsetted
2026-10-03 19:11:02,711 - fontTools.subset - INFO - CFF  subsetted
2026-10-03 19:11:02,713 - fontTools.subset - INFO - hmtx subsetted
2026-10-03 19:11:02,714 - fontTools.subset - INFO - GDEF subsetted
2026-10-03 19:11:02,714 - fontTools.subset - INFO - name subsetting not needed
2026-10-03 19:11:02,714 - fontTools.subset - INFO - head pruned
2026-10-03 19:11:02,714 - fontTools.subset - INFO - OS/2 Unicode ranges pruned: [0, 1, 31, 35, 60]
2026-10-03 19:11:02,714 - fontTools.subset - INFO - OS/2 CodePage ranges pruned: [0]
2026-10-03 19:11:02,743 - fontTools.subset - INFO - CFF  pruned
2026-10-03 19:11:02,743 - fontTools.subset - INFO - GDEF pruned
2026-10-03 19:11:02,743 - fontTools.subset - INFO - name pruned
2026-10-03 19:11:02,781 - weasyprint - WARNING - Using fontTools instead of HarfBuzz-Subset for font "Noto Color Emoji". This will be unsupported in future versions of WeasyPrint. Please install HarfBuzz-Subset >= 4.1.0 with your package manager.
2026-10-03 19:11:02,781 - fontTools.subset - INFO - maxp pruned
2026-10-03 19:11:02,781 - fontTools.subset - INFO - cmap pruned
2026-10-03 19:11:02,781 - fontTools.subset - INFO - post pruned
2026-10-03 19:11:02,782 - fontTools.subset - INFO - GSUB dropped
2026-10-03 19:11:02,791 - fontTools.subset - INFO - Added .notdef to subset
2026-10-03 19:11:02,792 - fontTools.subset - INFO - Retaining 3 glyphs
2026-10-03 19:11:02,792 - fontTools.subset - INFO - head subsetting not needed
2026-10-03 19:11:02,792 - fontTools.subset - INFO - hhea subsetting not needed
2026-10-03 19:11:02,792 - fontTools.subset - INFO - maxp subsetting not needed
2026-10-03 19:11:02,792 - fontTools.subset - INFO - OS/2 subsetting not needed
2026-10-03 19:11:02,793 - fontTools.subset - INFO - hmtx subsetted
2026-10-03 19:11:02,794 - fontTools.subset - INFO - cmap subsetted
2026-10-03 19:11:02,794 - fontTools.subset - INFO - post subsetted
2026-10-03 19:11:02,822 - fontTools.subset - INFO - CBDT subsetted
2026-10-03 19:11:02,822 - fontTools.subset - INFO - CBLC subsetted
2026-10-03 19:11:02,822 - fontTools.subset - INFO - vhea subsetting not needed
2026-10-03 19:11:02,823 - fontTools.subset - INFO - vmtx subsetted
2026-10-03 19:11:02,823 - fontTools.subset - INFO - name subsetting not needed
2026-10-03 19:11:02,823 - fontTools.subset - INFO - head pruned
2026-10-03 19:11:02,824 - fontTools.subset - INFO - OS/2 Unicode ranges pruned: []
2026-10-03 19:11:02,824 - fontTools.subset - INFO - name pruned
2026-10-03 19:11:02,831 - weasyprint - WARNING - Using fontTools instead of HarfBuzz-Subset for font "Noto Color Emoji". This will be unsupported in future versions of WeasyPrint. Please install HarfBuzz-Subset >= 4.1.0 with your package manager.
2026-10-03 19:11:02,831 - fontTools.subset - INFO - maxp pruned
2026-10-03 19:11:02,831 - fontTools.subset - INFO - cmap pruned
2026-10-03 19:11:02,831 - fontTools.subset - INFO - post pruned
2026-10-03 19:11:02,832 - fontTools.subset - INFO - GSUB dropped
2026-10-03 19:11:02,835 - fontTools.subset - INFO - Added .notdef to subset
2026-10-03 19:11:02,836 - fontTools.subset - INFO - Retaining 2 glyphs
2026-10-03 19:11:02,836 - fontTools.subset - INFO - head subsetting not needed
2026-10-03 19:11:02,836 - fontTools.subset - INFO - hhea subsetting not needed
2026-10-03 19:11:02,836 - fontTools.subset - INFO - maxp subsetting not needed
2026-10-03 19:11:02,836 - fontTools.subset - INFO - OS/2 subsetting not needed
2026-10-03 19:11:02,837 - fontTools.subset - INFO - hmtx subsetted
2026-10-03 19:11:02,837 - fontTools.subset - INFO - cmap subsetted
2026-10-03 19:11:02,837 - fontTools.subset - INFO - post subsetted
2026-10-03 19:11:02,853 - fontTools.subset - INFO - CBDT subsetted
2026-10-03 19:11:02,854 - fontTools.subset - INFO - CBLC subsetted
2026-10-03 19:11:02,854 - fontTools.subset - INFO - vhea subsetting not needed
2026-10-03 19:11:02,854 - fontTools.subset - INFO - vmtx subsetted
2026-10-03 19:11:02,854 - fontTools.subset - INFO - name subsetting not needed
2026-10-03 19:11:02,854 - fontTools.subset - INFO - head pruned
2026-10-03 19:11:02,855 - fontTools.subset - INFO - OS/2 Unicode ranges pruned: []
2026-10-03 19:11:02,855 - fontTools.subset - INFO - name pruned
2026-10-03 19:11:02,868 - agents.proposal_generator_agent - INFO - ✅ PDF generado: data/proposals/PROPUESTA_Raíces_de_Cauquenes_11.pdf
2026-10-03 19:11:02,871 - orchestrator - INFO - ✅ Archivos de propuesta 11 actualizados
2026-10-03 19:11:02,871 - agents.proposal_generator_agent - INFO - ✅ Propuesta generada: ID 11
2026-10-03 19:11:02,871 - agents.lead_scorer_agent - INFO - ✅ Lead Scorer Agent inicializado
2026-10-03 19:11:02,871 - agents.lead_scorer_agent - INFO - 🎯 Iniciando scoring de todos los leads...
2026-10-03 19:11:02,873 - orchestrator - INFO - ✅ Lead score guardado - Cliente 1: 81/100 (🟢 ALTO)
2026-10-03 19:11:02,874 - orchestrator - INFO - ✅ Lead score guardado - Cliente 2: 83/100 (🟢 ALTO)
2026-10-03 19:11:02,875 - orchestrator - INFO - ✅ Lead score guardado - Cliente 3: 79/100 (🟡 MEDIO)
2026-10-03 19:11:02,875 - agents.lead_scorer_agent - INFO - ✅ Scored 3 leads
2026-10-03 19:11:02,876 - agents.lead_scorer_agent - INFO - ✅ Leads exportados a: data/leads_scored.csv
2026-10-03 19:11:02,876 - agents.lead_scorer_agent - INFO - 🎯 3 leads con score >= 75
2026-10-03 19:11:02,876 - agents.lead_scorer_agent - INFO - ✅ Lead Scorer Agent inicializado
2026-10-03 19:11:02,876 - agents.proposal_generator_agent - INFO - ✅ Proposal Generator Agent inicializado
2026-10-03 19:11:02,876 - agents.lead_scorer_agent - INFO - 🎯 Iniciando scoring de todos los leads...
2026-10-03 19:11:02,878 - orchestrator - INFO - ✅ Lead score guardado - Cliente 1: 81/100 (🟢 ALTO)
2026-10-03 19:11:02,879 - orchestrator - INFO - ✅ Lead score guardado - Cliente 2: 83/100 (🟢 ALTO)
2026-10-03 19:11:02,880 - orchestrator - INFO - ✅ Lead score guardado - Cliente 3: 79/100 (🟡 MEDIO)
2026-10-03 19:11:02,880 - agents.lead_scorer_agent - INFO - ✅ Scored 3 leads
2026-10-03 19:11:02,880 - agents.proposal_generator_agent - INFO - 📝 Generando propuesta para: TechShop Premium
2026-10-03 19:11:02,882 - orchestrator - INFO - ✅ Propuesta creada: ID 12 para cliente ID 2
2026-10-03 19:11:02,882 - weasyprint.progress - INFO - Step 1 - Fetching and parsing HTML - HTML string
2026-10-03 19:11:02,907 - weasyprint.progress - INFO - Step 2 - Fetching and parsing CSS - CSS string
2026-10-03 19:11:02,910 - weasyprint.progress - INFO - Step 3 - Applying CSS
2026-10-03 19:11:02,913 - weasyprint.progress - INFO - Step 4 - Creating formatting structure
2026-10-03 19:11:02,915 - weasyprint.progress - INFO - Step 5 - Creating layout - Page 1
2026-10-03 19:11:02,942 - weasyprint.progress - INFO - Step 5 - Creating layout - Page 2
2026-10-03 19:11:02,955 - weasyprint.progress - INFO - Step 6 - Creating PDF
2026-10-03 19:11:02,981 - weasyprint.progress - INFO - Step 7 - Adding PDF metadata
2026-10-03 19:11:02,981 - weasyprint - WARNING - Using fontTools instead of HarfBuzz-Subset for font "Inter". This will be unsupported in future versions of WeasyPrint. Please install HarfBuzz-Subset >= 4.1.0 with your package manager.
2026-10-03 19:11:02,982 - fontTools.subset - INFO - maxp pruned
2026-10-03 19:11:02,986 - fontTools.subset - INFO - cmap pruned
2026-10-03 19:11:02,986 - fontTools.subset - INFO - post pruned
2026-10-03 19:11:02,988 - fontTools.subset - INFO - CFF  pruned
2026-10-03 19:11:02,988 - fontTools.subset - INFO - GPOS dropped
2026-10-03 19:11:02,988 - fontTools.subset - INFO - GSUB dropped
2026-10-03 19:11:02,989 - fontTools.subset - INFO - Added .notdef to subset
2026-10-03 19:11:02,989 - fontTools.subset - INFO - Closing glyph list over 'CFF ': 45 glyphs before
2026-10-03 19:11:02,989 - fontTools.subset - INFO - Glyph names: ['.notdef', 'A', 'D', 'I', 'L', 'M', 'N', 'O', 'P', 'Q', 'R', 'S', 'T', 'a', 'c', 'colon', 'd', 'e', 'eacute', 'eight', 'five', 'g', 'i', 'iacute', 'j', 'l', 'm', 'n', 'o', 'oacute', 'p', 'percent', 'plus.case', 'question', 'questiondown', 'r', 's', 'six', 'space', 't', 'two', 'u', 'v', 'y', 'zero']
2026-10-03 19:11:02,989 - fontTools.subset - INFO - Glyph IDs:   [0, 2, 84, 197, 282, 293, 301, 322, 376, 383, 385, 398, 412, 508, 587, 598, 615, 619, 659, 690, 701, 721, 738, 768, 775, 792, 798, 845, 854, 873, 891, 917, 982, 1000, 1343, 1345, 1349, 1351, 1353, 1433, 1436, 1507, 1537, 1738, 1771]
2026-10-03 19:11:02,992 - fontTools.subset - INFO - Closed glyph list over 'CFF ': 45 glyphs after
2026-10-03 19:11:02,992 - fontTools.subset - INFO - Glyph names: ['.notdef', 'A', 'D', 'I', 'L', 'M', 'N', 'O', 'P', 'Q', 'R', 'S', 'T', 'a', 'c', 'colon', 'd', 'e', 'eacute', 'eight', 'five', 'g', 'i', 'iacute', 'j', 'l', 'm', 'n', 'o', 'oacute', 'p', 'percent', 'plus.case', 'question', 'questiondown', 'r', 's', 'six', 'space', 't', 'two', 'u', 'v', 'y', 'zero']
2026-10-03 19:11:02,992 - fontTools.subset - INFO - Glyph IDs:   [0, 2, 84, 197, 282, 293, 301, 322, 376, 383, 385, 398, 412, 508, 587, 598, 615, 619, 659, 690, 701, 721, 738, 768, 775, 792, 798, 845, 854, 873, 891, 917, 982, 1000, 1343, 1345, 1349, 1351, 1353, 1433, 1436, 1507, 1537, 1738, 1771]
2026-10-03 19:11:02,993 - fontTools.subset - INFO - Retaining 45 glyphs
2026-10-03 19:11:02,993 - fontTools.subset - INFO - head subsetting not needed
2026-10-03 19:11:02,993 - fontTools.subset - INFO - hhea subsetting not needed
2026-10-03 19:11:02,993 - fontTools.subset - INFO - maxp subsetting not needed
2026-10-03 19:11:02,993 - fontTools.subset - INFO - OS/2 subsetting not needed
2026-10-03 19:11:02,994 - fontTools.subset - INFO - cmap subsetted
2026-10-03 19:11:02,994 - fontTools.subset - INFO - post subsetted
2026-10-03 19:11:02,999 - fontTools.subset - INFO - CFF  subsetted
2026-10-03 19:11:03,000 - fontTools.subset - INFO - hmtx subsetted
2026-10-03 19:11:03,001 - fontTools.subset - INFO - GDEF subsetted
2026-10-03 19:11:03,001 - fontTools.subset - INFO - name subsetting not needed
2026-10-03 19:11:03,001 - fontTools.subset - INFO - head pruned
2026-10-03 19:11:03,001 - fontTools.subset - INFO - OS/2 Unicode ranges pruned: [0, 1, 60]
2026-10-03 19:11:03,001 - fontTools.subset - INFO - OS/2 CodePage ranges pruned: [0]
2026-10-03 19:11:03,030 - fontTools.subset - INFO - CFF  pruned
2026-10-03 19:11:03,030 - fontTools.subset - INFO - GDEF pruned
2026-10-03 19:11:03,031 - fontTools.subset - INFO - name pruned
2026-10-03 19:11:03,066 - weasyprint - WARNING - Using fontTools instead of HarfBuzz-Subset for font "Inter". This will be unsupported in future versions of WeasyPrint. Please install HarfBuzz-Subset >= 4.1.0 with your package manager.
2026-10-03 19:11:03,066 - fontTools.subset - INFO - maxp pruned
2026-10-03 19:11:03,071 - fontTools.subset - INFO - cmap pruned
2026-10-03 19:11:03,071 - fontTools.subset - INFO - post pruned
2026-10-03 19:11:03,072 - fontTools.subset - INFO - CFF  pruned
2026-10-03 19:11:03,072 - fontTools.subset - INFO - GPOS dropped
2026-10-03 19:11:03,072 - fontTools.subset - INFO - GSUB dropped
2026-10-03 19:11:03,073 - fontTools.subset - INFO - Added .notdef to subset
2026-10-03 19:11:03,073 - fontTools.subset - INFO - Closing glyph list over 'CFF ': 73 glyphs before
2026-10-03 19:11:03,073 - fontTools.subset - INFO - Glyph names: ['.notdef', 'A', 'B', 'C', 'D', 'E', 'F', 'G', 'M', 'P', 'Q', 'R', 'S', 'T', 'U', 'W', 'a', 'aacute', 'ampersand', 'arrowright.case', 'asciitilde.case', 'at', 'b', 'bar', 'bullet', 'c', 'colon', 'colon.case', 'comma', 'd', 'dollar', 'e', 'eacute', 'eight', 'f', 'four', 'g', 'h', 'hyphen.case', 'i', 'iacute', 'j', 'k', 'l', 'm', 'n', 'nine', 'ntilde', 'o', 'oacute', 'one', 'p', 'parenleft', 'parenleft.case', 'parenright', 'period', 'plus.case', 'r', 's', 'six', 'slash', 'space', 'space.tf', 't', 'three', 'trademark', 'two', 'u', 'v', 'w', 'y', 'z', 'zero']
2026-10-03 19:11:03,073 - fontTools.subset - INFO - Glyph IDs:   [0, 2, 65, 73, 84, 95, 137, 141, 293, 376, 383, 385, 398, 412, 425, 460, 508, 509, 579, 587, 598, 615, 619, 648, 659, 671, 690, 701, 721, 729, 738, 768, 775, 776, 792, 798, 845, 854, 873, 891, 917, 982, 986, 1000, 1024, 1311, 1343, 1344, 1345, 1347, 1348, 1351, 1353, 1354, 1424, 1427, 1439, 1440, 1447, 1448, 1457, 1458, 1466, 1473, 1503, 1504, 1507, 1508, 1537, 1543, 1555, 1771, 1823]
2026-10-03 19:11:03,077 - fontTools.subset - INFO - Closed glyph list over 'CFF ': 73 glyphs after
2026-10-03 19:11:03,077 - fontTools.subset - INFO - Glyph names: ['.notdef', 'A', 'B', 'C', 'D', 'E', 'F', 'G', 'M', 'P', 'Q', 'R', 'S', 'T', 'U', 'W', 'a', 'aacute', 'ampersand', 'arrowright.case', 'asciitilde.case', 'at', 'b', 'bar', 'bullet', 'c', 'colon', 'colon.case', 'comma', 'd', 'dollar', 'e', 'eacute', 'eight', 'f', 'four', 'g', 'h', 'hyphen.case', 'i', 'iacute', 'j', 'k', 'l', 'm', 'n', 'nine', 'ntilde', 'o', 'oacute', 'one', 'p', 'parenleft', 'parenleft.case', 'parenright', 'period', 'plus.case', 'r', 's', 'six', 'slash', 'space', 'space.tf', 't', 'three', 'trademark', 'two', 'u', 'v', 'w', 'y', 'z', 'zero']
2026-10-03 19:11:03,077 - fontTools.subset - INFO - Glyph IDs:   [0, 2, 65, 73, 84, 95, 137, 141, 293, 376, 383, 385, 398, 412, 425, 460, 508, 509, 579, 587, 598, 615, 619, 648, 659, 671, 690, 701, 721, 729, 738, 768, 775, 776, 792, 798, 845, 854, 873, 891, 917, 982, 986, 1000, 1024, 1311, 1343, 1344, 1345, 1347, 1348, 1351, 1353, 1354, 1424, 1427, 1439, 1440, 1447, 1448, 1457, 1458, 1466, 1473, 1503, 1504, 1507, 1508, 1537, 1543, 1555, 1771, 1823]
2026-10-03 19:11:03,079 - fontTools.subset - INFO - Retaining 73 glyphs
2026-10-03 19:11:03,079 - fontTools.subset - INFO - head subsetting not needed
2026-10-03 19:11:03,079 - fontTools.subset - INFO - hhea subsetting not needed
2026-10-03 19:11:03,079 - fontTools.subset - INFO - maxp subsetting not needed
2026-10-03 19:11:03,079 - fontTools.subset - INFO - OS/2 subsetting not needed
2026-10-03 19:11:03,080 - fontTools.subset - INFO - cmap subsetted
2026-10-03 19:11:03,080 - fontTools.subset - INFO - post subsetted
2026-10-03 19:11:03,084 - fontTools.subset - INFO - CFF  subsetted
2026-10-03 19:11:03,085 - fontTools.subset - INFO - hmtx subsetted
2026-10-03 19:11:03,086 - fontTools.subset - INFO - GDEF subsetted
2026-10-03 19:11:03,086 - fontTools.subset - INFO - name subsetting not needed
2026-10-03 19:11:03,086 - fontTools.subset - INFO - head pruned
2026-10-03 19:11:03,087 - fontTools.subset - INFO - OS/2 Unicode ranges pruned: [0, 1, 31, 35, 60]
2026-10-03 19:11:03,087 - fontTools.subset - INFO - OS/2 CodePage ranges pruned: [0]
2026-10-03 19:11:03,115 - fontTools.subset - INFO - CFF  pruned
2026-10-03 19:11:03,115 - fontTools.subset - INFO - GDEF pruned
2026-10-03 19:11:03,115 - fontTools.subset - INFO - name pruned
2026-10-03 19:11:03,152 - weasyprint - WARNING - Using fontTools instead of HarfBuzz-Subset for font "Noto Color Emoji". This will be unsupported in future versions of WeasyPrint. Please install HarfBuzz-Subset >= 4.1.0 with your package manager.
2026-10-03 19:11:03,153 - fontTools.subset - INFO - maxp pruned
2026-10-03 19:11:03,153 - fontTools.subset - INFO - cmap pruned
2026-10-03 19:11:03,153 - fontTools.subset - INFO - post pruned
2026-10-03 19:11:03,153 - fontTools.subset - INFO - GSUB dropped
2026-10-03 19:11:03,156 - fontTools.subset - INFO - Added .notdef to subset
2026-10-03 19:11:03,157 - fontTools.subset - INFO - Retaining 3 glyphs
2026-10-03 19:11:03,157 - fontTools.subset - INFO - head subsetting not needed
2026-10-03 19:11:03,158 - fontTools.subset - INFO - hhea subsetting not needed
2026-10-03 19:11:03,158 - fontTools.subset - INFO - maxp subsetting not needed
2026-10-03 19:11:03,158 - fontTools.subset - INFO - OS/2 subsetting not needed
2026-10-03 19:11:03,159 - fontTools.subset - INFO - hmtx subsetted
2026-10-03 19:11:03,159 - fontTools.subset - INFO - cmap subsetted
2026-10-03 19:11:03,159 - fontTools.subset - INFO - post subsetted
2026-10-03 19:11:03,181 - fontTools.subset - INFO - CBDT subsetted
2026-10-03 19:11:03,182 - fontTools.subset - INFO - CBLC subsetted
2026-10-03 19:11:03,182 - fontTools.subset - INFO - vhea subsetting not needed
2026-10-03 19:11:03,182 - fontTools.subset - INFO - vmtx subsetted
2026-10-03 19:11:03,182 - fontTools.subset - INFO - name subsetting not needed
2026-10-03 19:11:03,183 - fontTools.subset - INFO - head pruned
2026-10-03 19:11:03,183 - fontTools.subset - INFO - OS/2 Unicode ranges pruned: []
2026-10-03 19:11:03,183 - fontTools.subset - INFO - name pruned
2026-10-03 19:11:03,190 - weasyprint - WARNING - Using fontTools instead of HarfBuzz-Subset for font "Noto Color Emoji". This will be unsupported in future versions of WeasyPrint. Please install HarfBuzz-Subset >= 4.1.0 with your package manager.
2026-10-03 19:11:03,190 - fontTools.subset - INFO - maxp pruned
2026-10-03 19:11:03,190 - fontTools.subset - INFO - cmap pruned
2026-10-03 19:11:03,190 - fontTools.subset - INFO - post pruned
2026-10-03 19:11:03,190 - fontTools.subset - INFO - GSUB dropped
2026-10-03 19:11:03,194 - fontTools.subset - INFO - Added .notdef to subset
2026-10-03 19:11:03,195 - fontTools.subset - INFO - Retaining 2 glyphs
2026-10-03 19:11:03,195 - fontTools.subset - INFO - head subsetting not needed
2026-10-03 19:11:03,195 - fontTools.subset - INFO - hhea subsetting not needed
2026-10-03 19:11:03,195 - fontTools.subset - INFO - maxp subsetting not needed
2026-10-03 19:11:03,195 - fontTools.subset - INFO - OS/2 subsetting not needed
2026-10-03 19:11:03,196 - fontTools.subset - INFO - hmtx subsetted
2026-10-03 19:11:03,196 - fontTools.subset - INFO - cmap subsetted
2026-10-03 19:11:03,196 - fontTools.subset - INFO - post subsetted
2026-10-03 19:11:03,249 - fontTools.subset - INFO - CBDT subsetted
2026-10-03 19:11:03,249 - fontTools.subset - INFO - CBLC subsetted
2026-10-03 19:11:03,249 - fontTools.subset - INFO - vhea subsetting not needed
2026-10-03 19:11:03,250 - fontTools.subset - INFO - vmtx subsetted
2026-10-03 19:11:03,250 - fontTools.subset - INFO - name subsetting not needed
2026-10-03 19:11:03,250 - fontTools.subset - INFO - head pruned
2026-10-03 19:11:03,250 - fontTools.subset - INFO - OS/2 Unicode ranges pruned: []
2026-10-03 19:11:03,250 - fontTools.subset - INFO - name pruned
2026-10-03 19:11:03,264 - agents.proposal_generator_agent - INFO - ✅ PDF generado: data/proposals/PROPUESTA_TechShop_Premium_12.pdf
2026-10-03 19:11:03,266 - orchestrator - INFO - ✅ Archivos de propuesta 12 actualizados
2026-10-03 19:11:03,266 - agents.proposal_generator_agent - INFO - ✅ Propuesta generada: ID 12
2026-10-03 19:11:03,266 - agents.proposal_generator_agent - INFO - 📝 Generando propuesta para: Raíces de Cauquenes
2026-10-03 19:11:03,268 - orchestrator - INFO - ✅ Propuesta creada: ID 13 para cliente ID 1
2026-10-03 19:11:03,268 - weasyprint.progress - INFO - Step 1 - Fetching and parsing HTML - HTML string
2026-10-03 19:11:03,293 - weasyprint.progress - INFO - Step 2 - Fetching and parsing CSS - CSS string
2026-10-03 19:11:03,297 - weasyprint.progress - INFO - Step 3 - Applying CSS
2026-10-03 19:11:03,299 - weasyprint.progress - INFO - Step 4 - Creating formatting structure
2026-10-03 19:11:03,301 - weasyprint.progress - INFO - Step 5 - Creating layout - Page 1
2026-10-03 19:11:03,330 - weasyprint.progress - INFO - Step 5 - Creating layout - Page 2
2026-10-03 19:11:03,343 - weasyprint.progress - INFO - Step 6 - Creating PDF
2026-10-03 19:11:03,371 - weasyprint.progress - INFO - Step 7 - Adding PDF metadata
2026-10-03 19:11:03,371 - weasyprint - WARNING - Using fontTools instead of HarfBuzz-Subset for font "Inter". This will be unsupported in future versions of WeasyPrint. Please install HarfBuzz-Subset >= 4.1.0 with your package manager.
2026-10-03 19:11:03,371 - fontTools.subset - INFO - maxp pruned
2026-10-03 19:11:03,376 - fontTools.subset - INFO - cmap pruned
2026-10-03 19:11:03,376 - fontTools.subset - INFO - post pruned
2026-10-03 19:11:03,377 - fontTools.subset - INFO - CFF  pruned
2026-10-03 19:11:03,378 - fontTools.subset - INFO - GPOS dropped
2026-10-03 19:11:03,378 - fontTools.subset - INFO - GSUB dropped
2026-10-03 19:11:03,378 - fontTools.subset - INFO - Added .notdef to subset
2026-10-03 19:11:03,378 - fontTools.subset - INFO - Closing glyph list over 'CFF ': 43 glyphs before
2026-10-03 19:11:03,378 - fontTools.subset - INFO - Glyph names: ['.notdef', 'A', 'D', 'I', 'L', 'M', 'N', 'O', 'P', 'Q', 'R', 'S', 'T', 'a', 'c', 'colon', 'd', 'e', 'eacute', 'eight', 'five', 'g', 'i', 'iacute', 'j', 'l', 'm', 'n', 'o', 'oacute', 'p', 'percent', 'plus.case', 'question', 'questiondown', 'r', 's', 'six', 'space', 't', 'u', 'v', 'y']
2026-10-03 19:11:03,378 - fontTools.subset - INFO - Glyph IDs:   [0, 2, 84, 197, 282, 293, 301, 322, 376, 383, 385, 398, 412, 508, 587, 598, 615, 619, 659, 690, 701, 721, 738, 768, 775, 792, 798, 845, 854, 873, 891, 917, 982, 1000, 1349, 1351, 1353, 1433, 1436, 1507, 1537, 1738, 1771]
2026-10-03 19:11:03,381 - fontTools.subset - INFO - Closed glyph list over 'CFF ': 43 glyphs after
2026-10-03 19:11:03,381 - fontTools.subset - INFO - Glyph names: ['.notdef', 'A', 'D', 'I', 'L', 'M', 'N', 'O', 'P', 'Q', 'R', 'S', 'T', 'a', 'c', 'colon', 'd', 'e', 'eacute', 'eight', 'five', 'g', 'i', 'iacute', 'j', 'l', 'm', 'n', 'o', 'oacute', 'p', 'percent', 'plus.case', 'question', 'questiondown', 'r', 's', 'six', 'space', 't', 'u', 'v', 'y']
2026-10-03 19:11:03,381 - fontTools.subset - INFO - Glyph IDs:   [0, 2, 84, 197, 282, 293, 301, 322, 376, 383, 385, 398, 412, 508, 587, 598, 615, 619, 659, 690, 701, 721, 738, 768, 775, 792, 798, 845, 854, 873, 891, 917, 982, 1000, 1349, 1351, 1353, 1433, 1436, 1507, 1537, 1738, 1771]
2026-10-03 19:11:03,382 - fontTools.subset - INFO - Retaining 43 glyphs
2026-10-03 19:11:03,382 - fontTools.subset - INFO - head subsetting not needed
2026-10-03 19:11:03,382 - fontTools.subset - INFO - hhea subsetting not needed
2026-10-03 19:11:03,382 - fontTools.subset - INFO - maxp subsetting not needed
2026-10-03 19:11:03,382 - fontTools.subset - INFO - OS/2 subsetting not needed
2026-10-03 19:11:03,383 - fontTools.subset - INFO - cmap subsetted
2026-10-03 19:11:03,383 - fontTools.subset - INFO - post subsetted
2026-10-03 19:11:03,387 - fontTools.subset - INFO - CFF  subsetted
2026-10-03 19:11:03,389 - fontTools.subset - INFO - hmtx subsetted
2026-10-03 19:11:03,390 - fontTools.subset - INFO - GDEF subsetted
2026-10-03 19:11:03,390 - fontTools.subset - INFO - name subsetting not needed
2026-10-03 19:11:03,390 - fontTools.subset - INFO - head pruned
2026-10-03 19:11:03,390 - fontTools.subset - INFO - OS/2 Unicode ranges pruned: [0, 1, 60]
2026-10-03 19:11:03,391 - fontTools.subset - INFO - OS/2 CodePage ranges pruned: [0]
2026-10-03 19:11:03,416 - fontTools.subset - INFO - CFF  pruned
2026-10-03 19:11:03,416 - fontTools.subset - INFO - GDEF pruned
2026-10-03 19:11:03,416 - fontTools.subset - INFO - name pruned
2026-10-03 19:11:03,449 - weasyprint - WARNING - Using fontTools instead of HarfBuzz-Subset for font "Inter". This will be unsupported in future versions of WeasyPrint. Please install HarfBuzz-Subset >= 4.1.0 with your package manager.
2026-10-03 19:11:03,449 - fontTools.subset - INFO - maxp pruned
2026-10-03 19:11:03,454 - fontTools.subset - INFO - cmap pruned
2026-10-03 19:11:03,454 - fontTools.subset - INFO - post pruned
2026-10-03 19:11:03,455 - fontTools.subset - INFO - CFF  pruned
2026-10-03 19:11:03,455 - fontTools.subset - INFO - GPOS dropped
2026-10-03 19:11:03,455 - fontTools.subset - INFO - GSUB dropped
2026-10-03 19:11:03,456 - fontTools.subset - INFO - Added .notdef to subset
2026-10-03 19:11:03,456 - fontTools.subset - INFO - Closing glyph list over 'CFF ': 74 glyphs before
2026-10-03 19:11:03,456 - fontTools.subset - INFO - Glyph names: ['.notdef', 'A', 'B', 'C', 'D', 'E', 'F', 'G', 'M', 'P', 'Q', 'R', 'S', 'T', 'U', 'W', 'a', 'aacute', 'ampersand', 'arrowright.case', 'asciitilde.case', 'at', 'b', 'bar', 'bullet', 'c', 'colon', 'colon.case', 'comma', 'd', 'dollar', 'e', 'eacute', 'f', 'five', 'four', 'g', 'h', 'hyphen.case', 'i', 'iacute', 'j', 'k', 'l', 'm', 'n', 'nine', 'ntilde', 'o', 'oacute', 'one', 'p', 'parenleft', 'parenleft.case', 'parenright', 'period', 'plus.case', 'q', 'r', 's', 'six', 'slash', 'space', 'space.tf', 't', 'three', 'trademark', 'two', 'u', 'v', 'w', 'y', 'z', 'zero']
2026-10-03 19:11:03,456 - fontTools.subset - INFO - Glyph IDs:   [0, 2, 65, 73, 84, 95, 137, 141, 293, 376, 383, 385, 398, 412, 425, 460, 508, 509, 579, 587, 598, 615, 619, 648, 659, 671, 690, 701, 721, 729, 738, 768, 775, 776, 792, 798, 845, 851, 854, 873, 891, 917, 982, 986, 1000, 1024, 1311, 1343, 1344, 1345, 1347, 1348, 1349, 1351, 1354, 1424, 1427, 1439, 1440, 1447, 1448, 1457, 1458, 1466, 1473, 1503, 1504, 1507, 1508, 1537, 1543, 1555, 1771, 1823]
2026-10-03 19:11:03,460 - fontTools.subset - INFO - Closed glyph list over 'CFF ': 74 glyphs after
2026-10-03 19:11:03,460 - fontTools.subset - INFO - Glyph names: ['.notdef', 'A', 'B', 'C', 'D', 'E', 'F', 'G', 'M', 'P', 'Q', 'R', 'S', 'T', 'U', 'W', 'a', 'aacute', 'ampersand', 'arrowright.case', 'asciitilde.case', 'at', 'b', 'bar', 'bullet', 'c', 'colon', 'colon.case', 'comma', 'd', 'dollar', 'e', 'eacute', 'f', 'five', 'four', 'g', 'h', 'hyphen.case', 'i', 'iacute', 'j', 'k', 'l', 'm', 'n', 'nine', 'ntilde', 'o', 'oacute', 'one', 'p', 'parenleft', 'parenleft.case', 'parenright', 'period', 'plus.case', 'q', 'r', 's', 'six', 'slash', 'space', 'space.tf', 't', 'three', 'trademark', 'two', 'u', 'v', 'w', 'y', 'z', 'zero']
2026-10-03 19:11:03,460 - fontTools.subset - INFO - Glyph IDs:   [0, 2, 65, 73, 84, 95, 137, 141, 293, 376, 383, 385, 398, 412, 425, 460, 508, 509, 579, 587, 598, 615, 619, 648, 659, 671, 690, 701, 721, 729, 738, 768, 775, 776, 792, 798, 845, 851, 854, 873, 891, 917, 982, 986, 1000, 1024, 1311, 1343, 1344, 1345, 1347, 1348, 1349, 1351, 1354, 1424, 1427, 1439, 1440, 1447, 1448, 1457, 1458, 1466, 1473, 1503, 1504, 1507, 1508, 1537, 1543, 1555, 1771, 1823]
2026-10-03 19:11:03,461 - fontTools.subset - INFO - Retaining 74 glyphs
2026-10-03 19:11:03,461 - fontTools.subset - INFO - head subsetting not needed
2026-10-03 19:11:03,461 - fontTools.subset - INFO - hhea subsetting not needed
2026-10-03 19:11:03,461 - fontTools.subset - INFO - maxp subsetting not needed
2026-10-03 19:11:03,461 - fontTools.subset - INFO - OS/2 subsetting not needed
2026-10-03 19:11:03,462 - fontTools.subset - INFO - cmap subsetted
2026-10-03 19:11:03,462 - fontTools.subset - INFO - post subsetted
2026-10-03 19:11:03,466 - fontTools.subset - INFO - CFF  subsetted
2026-10-03 19:11:03,468 - fontTools.subset - INFO - hmtx subsetted
2026-10-03 19:11:03,469 - fontTools.subset - INFO - GDEF subsetted
2026-10-03 19:11:03,469 - fontTools.subset - INFO - name subsetting not needed
2026-10-03 19:11:03,469 - fontTools.subset - INFO - head pruned
2026-10-03 19:11:03,469 - fontTools.subset - INFO - OS/2 Unicode ranges pruned: [0, 1, 31, 35, 60]
2026-10-03 19:11:03,469 - fontTools.subset - INFO - OS/2 CodePage ranges pruned: [0]
2026-10-03 19:11:03,497 - fontTools.subset - INFO - CFF  pruned
2026-10-03 19:11:03,498 - fontTools.subset - INFO - GDEF pruned
2026-10-03 19:11:03,498 - fontTools.subset - INFO - name pruned
2026-10-03 19:11:03,537 - weasyprint - WARNING - Using fontTools instead of HarfBuzz-Subset for font "Noto Color Emoji". This will be unsupported in future versions of WeasyPrint. Please install HarfBuzz-Subset >= 4.1.0 with your package manager.
2026-10-03 19:11:03,537 - fontTools.subset - INFO - maxp pruned
2026-10-03 19:11:03,537 - fontTools.subset - INFO - cmap pruned
2026-10-03 19:11:03,538 - fontTools.subset - INFO - post pruned
2026-10-03 19:11:03,538 - fontTools.subset - INFO - GSUB dropped
2026-10-03 19:11:03,541 - fontTools.subset - INFO - Added .notdef to subset
2026-10-03 19:11:03,543 - fontTools.subset - INFO - Retaining 3 glyphs
2026-10-03 19:11:03,543 - fontTools.subset - INFO - head subsetting not needed
2026-10-03 19:11:03,543 - fontTools.subset - INFO - hhea subsetting not needed
2026-10-03 19:11:03,543 - fontTools.subset - INFO - maxp subsetting not needed
2026-10-03 19:11:03,543 - fontTools.subset - INFO - OS/2 subsetting not needed
2026-10-03 19:11:03,545 - fontTools.subset - INFO - hmtx subsetted
2026-10-03 19:11:03,545 - fontTools.subset - INFO - cmap subsetted
2026-10-03 19:11:03,545 - fontTools.subset - INFO - post subsetted
2026-10-03 19:11:03,562 - fontTools.subset - INFO - CBDT subsetted
2026-10-03 19:11:03,562 - fontTools.subset - INFO - CBLC subsetted
2026-10-03 19:11:03,562 - fontTools.subset - INFO - vhea subsetting not needed
2026-10-03 19:11:03,563 - fontTools.subset - INFO - vmtx subsetted
2026-10-03 19:11:03,563 - fontTools.subset - INFO - name subsetting not needed
2026-10-03 19:11:03,563 - fontTools.subset - INFO - head pruned
2026-10-03 19:11:03,563 - fontTools.subset - INFO - OS/2 Unicode ranges pruned: []
2026-10-03 19:11:03,564 - fontTools.subset - INFO - name pruned
2026-10-03 19:11:03,571 - weasyprint - WARNING - Using fontTools instead of HarfBuzz-Subset for font "Noto Color Emoji". This will be unsupported in future versions of WeasyPrint. Please install HarfBuzz-Subset >= 4.1.0 with your package manager.
2026-10-03 19:11:03,572 - fontTools.subset - INFO - maxp pruned
2026-10-03 19:11:03,572 - fontTools.subset - INFO - cmap pruned
2026-10-03 19:11:03,572 - fontTools.subset - INFO - post pruned
2026-10-03 19:11:03,572 - fontTools.subset - INFO - GSUB dropped
2026-10-03 19:11:03,577 - fontTools.subset - INFO - Added .notdef to subset
2026-10-03 19:11:03,578 - fontTools.subset - INFO - Retaining 2 glyphs
2026-10-03 19:11:03,579 - fontTools.subset - INFO - head subsetting not needed
2026-10-03 19:11:03,579 - fontTools.subset - INFO - hhea subsetting not needed
2026-10-03 19:11:03,579 - fontTools.subset - INFO - maxp subsetting not needed
2026-10-03 19:11:03,579 - fontTools.subset - INFO - OS/2 subsetting not needed
2026-10-03 19:11:03,580 - fontTools.subset - INFO - hmtx subsetted
2026-10-03 19:11:03,581 - fontTools.subset - INFO - cmap subsetted
2026-10-03 19:11:03,581 - fontTools.subset - INFO - post subsetted
2026-10-03 19:11:03,596 - fontTools.subset - INFO - CBDT subsetted
2026-10-03 19:11:03,596 - fontTools.subset - INFO - CBLC subsetted
2026-10-03 19:11:03,596 - fontTools.subset - INFO - vhea subsetting not needed
2026-10-03 19:11:03,597 - fontTools.subset - INFO - vmtx subsetted
2026-10-03 19:11:03,597 - fontTools.subset - INFO - name subsetting not needed
2026-10-03 19:11:03,597 - fontTools.subset - INFO - head pruned
2026-10-03 19:11:03,598 - fontTools.subset - INFO - OS/2 Unicode ranges pruned: []
2026-10-03 19:11:03,598 - fontTools.subset - INFO - name pruned
2026-10-03 19:11:03,612 - agents.proposal_generator_agent - INFO - ✅ PDF generado: data/proposals/PROPUESTA_Raíces_de_Cauquenes_13.pdf
2026-10-03 19:11:03,614 - orchestrator - INFO - ✅ Archivos de propuesta 13 actualizados
2026-10-03 19:11:03,614 - agents.proposal_generator_agent - INFO - ✅ Propuesta generada: ID 13
2026-10-03 19:11:03,614 - agents.proposal_generator_agent - INFO - 📝 Generando propuesta para: ConsultorLabs
2026-10-03 19:11:03,616 - orchestrator - INFO - ✅ Propuesta creada: ID 14 para cliente ID 3
2026-10-03 19:11:03,616 - weasyprint.progress - INFO - Step 1 - Fetching and parsing HTML - HTML string
2026-10-03 19:11:03,648 - weasyprint.progress - INFO - Step 2 - Fetching and parsing CSS - CSS string
2026-10-03 19:11:03,652 - weasyprint.progress - INFO - Step 3 - Applying CSS
2026-10-03 19:11:03,655 - weasyprint.progress - INFO - Step 4 - Creating formatting structure
2026-10-03 19:11:03,657 - weasyprint.progress - INFO - Step 5 - Creating layout - Page 1
2026-10-03 19:11:03,691 - weasyprint.progress - INFO - Step 5 - Creating layout - Page 2
2026-10-03 19:11:03,714 - weasyprint.progress - INFO - Step 6 - Creating PDF
2026-10-03 19:11:03,743 - weasyprint.progress - INFO - Step 7 - Adding PDF metadata
2026-10-03 19:11:03,743 - weasyprint - WARNING - Using fontTools instead of HarfBuzz-Subset for font "Inter". This will be unsupported in future versions of WeasyPrint. Please install HarfBuzz-Subset >= 4.1.0 with your package manager.
2026-10-03 19:11:03,743 - fontTools.subset - INFO - maxp pruned
2026-10-03 19:11:03,748 - fontTools.subset - INFO - cmap pruned
2026-10-03 19:11:03,748 - fontTools.subset - INFO - post pruned
2026-10-03 19:11:03,750 - fontTools.subset - INFO - CFF  pruned
2026-10-03 19:11:03,750 - fontTools.subset - INFO - GPOS dropped
2026-10-03 19:11:03,750 - fontTools.subset - INFO - GSUB dropped
2026-10-03 19:11:03,750 - fontTools.subset - INFO - Added .notdef to subset
2026-10-03 19:11:03,750 - fontTools.subset - INFO - Closing glyph list over 'CFF ': 45 glyphs before
2026-10-03 19:11:03,750 - fontTools.subset - INFO - Glyph names: ['.notdef', 'A', 'D', 'I', 'L', 'M', 'N', 'O', 'P', 'Q', 'R', 'S', 'T', 'a', 'c', 'colon', 'd', 'e', 'eacute', 'eight', 'five', 'g', 'i', 'iacute', 'j', 'l', 'm', 'n', 'o', 'oacute', 'p', 'percent', 'plus.case', 'question', 'questiondown', 'r', 's', 'six', 'space', 't', 'two', 'u', 'v', 'y', 'zero']
2026-10-03 19:11:03,751 - fontTools.subset - INFO - Glyph IDs:   [0, 2, 84, 197, 282, 293, 301, 322, 376, 383, 385, 398, 412, 508, 587, 598, 615, 619, 659, 690, 701, 721, 738, 768, 775, 792, 798, 845, 854, 873, 891, 917, 982, 1000, 1343, 1345, 1349, 1351, 1353, 1433, 1436, 1507, 1537, 1738, 1771]
2026-10-03 19:11:03,753 - fontTools.subset - INFO - Closed glyph list over 'CFF ': 45 glyphs after
2026-10-03 19:11:03,753 - fontTools.subset - INFO - Glyph names: ['.notdef', 'A', 'D', 'I', 'L', 'M', 'N', 'O', 'P', 'Q', 'R', 'S', 'T', 'a', 'c', 'colon', 'd', 'e', 'eacute', 'eight', 'five', 'g', 'i', 'iacute', 'j', 'l', 'm', 'n', 'o', 'oacute', 'p', 'percent', 'plus.case', 'question', 'questiondown', 'r', 's', 'six', 'space', 't', 'two', 'u', 'v', 'y', 'zero']
2026-10-03 19:11:03,753 - fontTools.subset - INFO - Glyph IDs:   [0, 2, 84, 197, 282, 293, 301, 322, 376, 383, 385, 398, 412, 508, 587, 598, 615, 619, 659, 690, 701, 721, 738, 768, 775, 792, 798, 845, 854, 873, 891, 917, 982, 1000, 1343, 1345, 1349, 1351, 1353, 1433, 1436, 1507, 1537, 1738, 1771]
2026-10-03 19:11:03,754 - fontTools.subset - INFO - Retaining 45 glyphs
2026-10-03 19:11:03,755 - fontTools.subset - INFO - head subsetting not needed
2026-10-03 19:11:03,755 - fontTools.subset - INFO - hhea subsetting not needed
2026-10-03 19:11:03,755 - fontTools.subset - INFO - maxp subsetting not needed
2026-10-03 19:11:03,755 - fontTools.subset - INFO - OS/2 subsetting not needed
2026-10-03 19:11:03,756 - fontTools.subset - INFO - cmap subsetted
2026-10-03 19:11:03,756 - fontTools.subset - INFO - post subsetted
2026-10-03 19:11:03,760 - fontTools.subset - INFO - CFF  subsetted
2026-10-03 19:11:03,761 - fontTools.subset - INFO - hmtx subsetted
2026-10-03 19:11:03,762 - fontTools.subset - INFO - GDEF subsetted
2026-10-03 19:11:03,762 - fontTools.subset - INFO - name subsetting not needed
2026-10-03 19:11:03,763 - fontTools.subset - INFO - head pruned
2026-10-03 19:11:03,763 - fontTools.subset - INFO - OS/2 Unicode ranges pruned: [0, 1, 60]
2026-10-03 19:11:03,763 - fontTools.subset - INFO - OS/2 CodePage ranges pruned: [0]
2026-10-03 19:11:03,790 - fontTools.subset - INFO - CFF  pruned
2026-10-03 19:11:03,790 - fontTools.subset - INFO - GDEF pruned
2026-10-03 19:11:03,791 - fontTools.subset - INFO - name pruned
2026-10-03 19:11:03,823 - weasyprint - WARNING - Using fontTools instead of HarfBuzz-Subset for font "Inter". This will be unsupported in future versions of WeasyPrint. Please install HarfBuzz-Subset >= 4.1.0 with your package manager.
2026-10-03 19:11:03,823 - fontTools.subset - INFO - maxp pruned
2026-10-03 19:11:03,828 - fontTools.subset - INFO - cmap pruned
2026-10-03 19:11:03,828 - fontTools.subset - INFO - post pruned
2026-10-03 19:11:03,829 - fontTools.subset - INFO - CFF  pruned
2026-10-03 19:11:03,829 - fontTools.subset - INFO - GPOS dropped
2026-10-03 19:11:03,829 - fontTools.subset - INFO - GSUB dropped
2026-10-03 19:11:03,830 - fontTools.subset - INFO - Added .notdef to subset
2026-10-03 19:11:03,830 - fontTools.subset - INFO - Closing glyph list over 'CFF ': 72 glyphs before
2026-10-03 19:11:03,830 - fontTools.subset - INFO - Glyph names: ['.notdef', 'A', 'B', 'C', 'D', 'E', 'F', 'G', 'L', 'M', 'P', 'Q', 'R', 'S', 'T', 'U', 'W', 'a', 'aacute', 'ampersand', 'arrowright.case', 'asciitilde.case', 'at', 'b', 'bar', 'bullet', 'c', 'colon', 'colon.case', 'comma', 'd', 'dollar', 'e', 'eacute', 'f', 'g', 'h', 'hyphen.case', 'i', 'iacute', 'j', 'k', 'l', 'm', 'n', 'nine', 'ntilde', 'o', 'oacute', 'one', 'p', 'parenleft', 'parenleft.case', 'parenright', 'period', 'plus.case', 'r', 's', 'six', 'slash', 'space', 'space.tf', 't', 'three', 'trademark', 'two', 'u', 'v', 'w', 'y', 'z', 'zero']
2026-10-03 19:11:03,830 - fontTools.subset - INFO - Glyph IDs:   [0, 2, 65, 73, 84, 95, 137, 141, 282, 293, 376, 383, 385, 398, 412, 425, 460, 508, 509, 579, 587, 598, 615, 619, 648, 659, 671, 690, 701, 721, 729, 738, 768, 775, 776, 792, 798, 845, 854, 873, 891, 917, 982, 986, 1000, 1024, 1311, 1343, 1344, 1345, 1347, 1351, 1354, 1424, 1427, 1439, 1440, 1447, 1448, 1457, 1458, 1466, 1473, 1503, 1504, 1507, 1508, 1537, 1543, 1555, 1771, 1823]
2026-10-03 19:11:03,834 - fontTools.subset - INFO - Closed glyph list over 'CFF ': 72 glyphs after
2026-10-03 19:11:03,834 - fontTools.subset - INFO - Glyph names: ['.notdef', 'A', 'B', 'C', 'D', 'E', 'F', 'G', 'L', 'M', 'P', 'Q', 'R', 'S', 'T', 'U', 'W', 'a', 'aacute', 'ampersand', 'arrowright.case', 'asciitilde.case', 'at', 'b', 'bar', 'bullet', 'c', 'colon', 'colon.case', 'comma', 'd', 'dollar', 'e', 'eacute', 'f', 'g', 'h', 'hyphen.case', 'i', 'iacute', 'j', 'k', 'l', 'm', 'n', 'nine', 'ntilde', 'o', 'oacute', 'one', 'p', 'parenleft', 'parenleft.case', 'parenright', 'period', 'plus.case', 'r', 's', 'six', 'slash', 'space', 'space.tf', 't', 'three', 'trademark', 'two', 'u', 'v', 'w', 'y', 'z', 'zero']
2026-10-03 19:11:03,834 - fontTools.subset - INFO - Glyph IDs:   [0, 2, 65, 73, 84, 95, 137, 141, 282, 293, 376, 383, 385, 398, 412, 425, 460, 508, 509, 579, 587, 598, 615, 619, 648, 659, 671, 690, 701, 721, 729, 738, 768, 775, 776, 792, 798, 845, 854, 873, 891, 917, 982, 986, 1000, 1024, 1311, 1343, 1344, 1345, 1347, 1351, 1354, 1424, 1427, 1439, 1440, 1447, 1448, 1457, 1458, 1466, 1473, 1503, 1504, 1507, 1508, 1537, 1543, 1555, 1771, 1823]
2026-10-03 19:11:03,835 - fontTools.subset - INFO - Retaining 72 glyphs
2026-10-03 19:11:03,836 - fontTools.subset - INFO - head subsetting not needed
2026-10-03 19:11:03,836 - fontTools.subset - INFO - hhea subsetting not needed
2026-10-03 19:11:03,836 - fontTools.subset - INFO - maxp subsetting not needed
2026-10-03 19:11:03,836 - fontTools.subset - INFO - OS/2 subsetting not needed
2026-10-03 19:11:03,837 - fontTools.subset - INFO - cmap subsetted
2026-10-03 19:11:03,837 - fontTools.subset - INFO - post subsetted
2026-10-03 19:11:03,841 - fontTools.subset - INFO - CFF  subsetted
2026-10-03 19:11:03,842 - fontTools.subset - INFO - hmtx subsetted
2026-10-03 19:11:03,843 - fontTools.subset - INFO - GDEF subsetted
2026-10-03 19:11:03,843 - fontTools.subset - INFO - name subsetting not needed
2026-10-03 19:11:03,843 - fontTools.subset - INFO - head pruned
2026-10-03 19:11:03,844 - fontTools.subset - INFO - OS/2 Unicode ranges pruned: [0, 1, 31, 35, 60]
2026-10-03 19:11:03,844 - fontTools.subset - INFO - OS/2 CodePage ranges pruned: [0]
2026-10-03 19:11:03,874 - fontTools.subset - INFO - CFF  pruned
2026-10-03 19:11:03,875 - fontTools.subset - INFO - GDEF pruned
2026-10-03 19:11:03,875 - fontTools.subset - INFO - name pruned
2026-10-03 19:11:03,912 - weasyprint - WARNING - Using fontTools instead of HarfBuzz-Subset for font "Noto Color Emoji". This will be unsupported in future versions of WeasyPrint. Please install HarfBuzz-Subset >= 4.1.0 with your package manager.
2026-10-03 19:11:03,912 - fontTools.subset - INFO - maxp pruned
2026-10-03 19:11:03,912 - fontTools.subset - INFO - cmap pruned
2026-10-03 19:11:03,912 - fontTools.subset - INFO - post pruned
2026-10-03 19:11:03,912 - fontTools.subset - INFO - GSUB dropped
2026-10-03 19:11:03,915 - fontTools.subset - INFO - Added .notdef to subset
2026-10-03 19:11:03,916 - fontTools.subset - INFO - Retaining 3 glyphs
2026-10-03 19:11:03,916 - fontTools.subset - INFO - head subsetting not needed
2026-10-03 19:11:03,916 - fontTools.subset - INFO - hhea subsetting not needed
2026-10-03 19:11:03,916 - fontTools.subset - INFO - maxp subsetting not needed
2026-10-03 19:11:03,916 - fontTools.subset - INFO - OS/2 subsetting not needed
2026-10-03 19:11:03,917 - fontTools.subset - INFO - hmtx subsetted
2026-10-03 19:11:03,918 - fontTools.subset - INFO - cmap subsetted
2026-10-03 19:11:03,918 - fontTools.subset - INFO - post subsetted
2026-10-03 19:11:03,934 - fontTools.subset - INFO - CBDT subsetted
2026-10-03 19:11:03,935 - fontTools.subset - INFO - CBLC subsetted
2026-10-03 19:11:03,935 - fontTools.subset - INFO - vhea subsetting not needed
2026-10-03 19:11:03,935 - fontTools.subset - INFO - vmtx subsetted
2026-10-03 19:11:03,935 - fontTools.subset - INFO - name subsetting not needed
2026-10-03 19:11:03,935 - fontTools.subset - INFO - head pruned
2026-10-03 19:11:03,936 - fontTools.subset - INFO - OS/2 Unicode ranges pruned: []
2026-10-03 19:11:03,936 - fontTools.subset - INFO - name pruned
2026-10-03 19:11:03,942 - weasyprint - WARNING - Using fontTools instead of HarfBuzz-Subset for font "Noto Color Emoji". This will be unsupported in future versions of WeasyPrint. Please install HarfBuzz-Subset >= 4.1.0 with your package manager.
2026-10-03 19:11:03,942 - fontTools.subset - INFO - maxp pruned
2026-10-03 19:11:03,942 - fontTools.subset - INFO - cmap pruned
2026-10-03 19:11:03,942 - fontTools.subset - INFO - post pruned
2026-10-03 19:11:03,942 - fontTools.subset - INFO - GSUB dropped
2026-10-03 19:11:03,945 - fontTools.subset - INFO - Added .notdef to subset
2026-10-03 19:11:03,946 - fontTools.subset - INFO - Retaining 2 glyphs
2026-10-03 19:11:03,946 - fontTools.subset - INFO - head subsetting not needed
2026-10-03 19:11:03,946 - fontTools.subset - INFO - hhea subsetting not needed
2026-10-03 19:11:03,946 - fontTools.subset - INFO - maxp subsetting not needed
2026-10-03 19:11:03,946 - fontTools.subset - INFO - OS/2 subsetting not needed
2026-10-03 19:11:03,948 - fontTools.subset - INFO - hmtx subsetted
2026-10-03 19:11:03,948 - fontTools.subset - INFO - cmap subsetted
2026-10-03 19:11:03,948 - fontTools.subset - INFO - post subsetted
2026-10-03 19:11:03,957 - fontTools.subset - INFO - CBDT subsetted
2026-10-03 19:11:03,957 - fontTools.subset - INFO - CBLC subsetted
2026-10-03 19:11:03,957 - fontTools.subset - INFO - vhea subsetting not needed
2026-10-03 19:11:03,958 - fontTools.subset - INFO - vmtx subsetted
2026-10-03 19:11:03,958 - fontTools.subset - INFO - name subsetting not needed
2026-10-03 19:11:03,958 - fontTools.subset - INFO - head pruned
2026-10-03 19:11:03,958 - fontTools.subset - INFO - OS/2 Unicode ranges pruned: []
2026-10-03 19:11:03,958 - fontTools.subset - INFO - name pruned
2026-10-03 19:11:03,969 - agents.proposal_generator_agent - INFO - ✅ PDF generado: data/proposals/PROPUESTA_ConsultorLabs_14.pdf
2026-10-03 19:11:03,970 - orchestrator - INFO - ✅ Archivos de propuesta 14 actualizados
2026-10-03 19:11:03,970 - agents.proposal_generator_agent - INFO - ✅ Propuesta generada: ID 14
2026-10-03 19:11:03,971 - orchestrator - INFO - ✅ Conexión a BD cerrada
2026-10-05 11:54:14,265 - orchestrator - INFO - ✅ Configuración cargada desde config.yaml
2026-10-05 11:54:14,265 - orchestrator - INFO - 🚀 Inicializando Felix Automation Orchestrator
2026-10-05 11:54:14,266 - orchestrator - INFO - ✅ Conectado a BD: ./felix_automation.db
2026-10-05 11:54:14,266 - agents.email_sender_agent - WARNING - ⚠️  DEMO_MODE: Los emails serán simulados. Agrega SENDGRID_API_KEY a .env para enviar de verdad.
2026-10-05 11:54:14,266 - agents.email_sender_agent - INFO - ✅ Email Sender Agent inicializado
2026-10-05 11:54:14,398 - agents.email_sender_agent - INFO - 📧 Enviando audit report a: info@raices.cl
2026-10-05 11:54:14,398 - agents.email_sender_agent - INFO -   🎯 [DEMO MODE] Email enviado a info@raices.cl
2026-10-05 11:54:14,401 - orchestrator - INFO - ✅ Email registrado - Tipo: audit_report, Destinatario: info@raices.cl
2026-10-05 11:54:14,401 - agents.email_sender_agent - INFO -   ✅ Email audit_report registrado
2026-10-05 11:54:14,402 - agents.email_sender_agent - INFO - 📧 Enviando propuesta a: info@raices.cl
2026-10-05 11:54:14,402 - agents.email_sender_agent - INFO -   🎯 [DEMO MODE] Propuesta enviada a info@raices.cl
2026-10-05 11:54:14,403 - orchestrator - INFO - ✅ Email registrado - Tipo: proposal, Destinatario: info@raices.cl
2026-10-05 11:54:14,403 - agents.email_sender_agent - INFO -   ✅ Email propuesta registrado
2026-10-05 11:54:14,403 - agents.email_sender_agent - INFO - 📧 Enviando followup #1 a: info@raices.cl
2026-10-05 11:54:14,403 - agents.email_sender_agent - INFO -   🎯 [DEMO MODE] Followup #1 enviado
2026-10-05 11:54:14,404 - orchestrator - INFO - ✅ Email registrado - Tipo: followup_1, Destinatario: info@raices.cl
2026-10-05 11:54:14,404 - agents.email_sender_agent - INFO - 📧 Enviando confirmación de call a: info@raices.cl
2026-10-05 11:54:14,404 - agents.email_sender_agent - INFO -   🎯 [DEMO MODE] Confirmación enviada
2026-10-05 11:54:14,405 - orchestrator - INFO - ✅ Email registrado - Tipo: booking_confirmation, Destinatario: info@raices.cl
2026-10-05 11:54:14,405 - orchestrator - INFO - ✅ Conexión a BD cerrada
2026-10-05 11:58:56,214 - orchestrator - INFO - ✅ Configuración cargada desde config.yaml
2026-10-05 11:58:56,215 - orchestrator - INFO - 🚀 Inicializando Felix Automation Orchestrator
2026-10-05 11:58:56,217 - orchestrator - INFO - ✅ Conectado a BD: ./felix_automation.db
2026-10-05 11:58:56,217 - agents.email_sender_agent - INFO - ✅ SendGrid API key cargada correctamente
2026-10-05 11:58:56,217 - agents.email_sender_agent - INFO - ✅ Email Sender Agent inicializado
2026-10-05 11:58:56,219 - agents.email_sender_agent - INFO - 📧 Enviando audit report a: info@raices.cl
2026-10-05 11:58:56,397 - agents.email_sender_agent - INFO -   📤 Enviando via SendGrid: info@raices.cl
2026-10-05 11:58:56,732 - agents.email_sender_agent - ERROR -   ❌ Error al enviar email: <urlopen error Tunnel connection failed: 403 Forbidden>
2026-10-05 11:58:56,735 - orchestrator - INFO - ✅ Email registrado - Tipo: audit_report, Destinatario: info@raices.cl
2026-10-05 11:58:56,735 - agents.email_sender_agent - INFO -   ✅ Email audit_report registrado
2026-10-05 11:58:56,735 - agents.email_sender_agent - INFO - 📧 Enviando propuesta a: info@raices.cl
2026-10-05 11:58:56,735 - agents.email_sender_agent - INFO -   📤 Enviando via SendGrid: info@raices.cl
2026-10-05 11:58:57,026 - agents.email_sender_agent - ERROR -   ❌ Error al enviar email: <urlopen error Tunnel connection failed: 403 Forbidden>
2026-10-05 11:58:57,028 - orchestrator - INFO - ✅ Email registrado - Tipo: proposal, Destinatario: info@raices.cl
2026-10-05 11:58:57,028 - agents.email_sender_agent - INFO -   ✅ Email propuesta registrado
2026-10-05 11:58:57,028 - agents.email_sender_agent - INFO - 📧 Enviando followup #1 a: info@raices.cl
2026-10-05 11:58:57,028 - agents.email_sender_agent - INFO -   📤 Enviando via SendGrid: info@raices.cl
2026-10-05 11:58:57,386 - agents.email_sender_agent - ERROR -   ❌ Error al enviar email: <urlopen error Tunnel connection failed: 403 Forbidden>
2026-10-05 11:58:57,388 - orchestrator - INFO - ✅ Email registrado - Tipo: followup_1, Destinatario: info@raices.cl
2026-10-05 11:58:57,389 - agents.email_sender_agent - INFO - 📧 Enviando confirmación de call a: info@raices.cl
2026-10-05 11:58:57,389 - agents.email_sender_agent - INFO -   📤 Enviando via SendGrid: info@raices.cl
2026-10-05 11:58:57,721 - agents.email_sender_agent - ERROR -   ❌ Error al enviar email: <urlopen error Tunnel connection failed: 403 Forbidden>
2026-10-05 11:58:57,723 - orchestrator - INFO - ✅ Email registrado - Tipo: booking_confirmation, Destinatario: info@raices.cl
2026-10-05 11:58:57,724 - orchestrator - INFO - ✅ Conexión a BD cerrada
2026-10-05 12:00:06,149 - orchestrator - INFO - ✅ Configuración cargada desde config.yaml
2026-10-05 12:00:06,150 - orchestrator - INFO - 🚀 Inicializando Felix Automation Orchestrator
2026-10-05 12:00:06,150 - orchestrator - INFO - ✅ Conectado a BD: ./felix_automation.db
2026-10-05 12:00:06,150 - agents.email_queue_agent - INFO - ✅ Email Queue Agent inicializado
2026-10-05 12:00:06,150 - agents.email_queue_agent - INFO - ✅ Email agregado a cola (ID: 1) - Para: info@raices.cl
2026-10-05 12:00:06,151 - agents.email_queue_agent - INFO - ✅ Email agregado a cola (ID: 2) - Para: info@raices.cl
2026-10-05 12:00:06,151 - agents.email_queue_agent - INFO - ✅ Email agregado a cola (ID: 3) - Para: info@raices.cl
2026-10-05 12:00:06,153 - agents.email_queue_agent - INFO - ✅ Cola exportada a: data/email_queue.csv
2026-10-05 12:00:06,153 - agents.email_queue_agent - INFO - ✅ Cola exportada como HTML: data/email_queue_preview.html
2026-10-05 12:00:06,154 - orchestrator - INFO - ✅ Conexión a BD cerrada
2026-10-05 12:04:52,346 - orchestrator - INFO - ✅ Configuración cargada desde config.yaml
2026-10-05 12:04:52,346 - orchestrator - INFO - 🚀 Inicializando Felix Automation Orchestrator
2026-10-05 12:04:52,347 - orchestrator - INFO - ✅ Conectado a BD: ./felix_automation.db
2026-10-05 12:04:52,347 - __main__ - INFO - ✅ Funnel Management Agent inicializado
2026-10-05 12:04:52,348 - __main__ - INFO - ✅ Cliente Raíces de Cauquenes movido a etapa: PROPUESTA
2026-10-05 12:04:52,349 - __main__ - INFO - ✅ Cliente TechShop Premium movido a etapa: PROSPECTO
2026-10-05 12:04:52,350 - __main__ - INFO - ✅ Cliente ConsultorLabs movido a etapa: NEGOCIACION
2026-10-05 12:04:52,352 - agents.lead_scorer_agent - INFO - ✅ Lead Scorer Agent inicializado
2026-10-05 12:04:52,352 - agents.lead_scorer_agent - INFO - 🎯 0 leads con score >= 75
2026-10-05 12:04:52,352 - agents.lead_scorer_agent - INFO - ✅ Lead Scorer Agent inicializado
2026-10-05 12:04:52,352 - agents.lead_scorer_agent - INFO - 🎯 0 leads con score >= 75
2026-10-05 12:04:52,353 - orchestrator - INFO - ✅ Conexión a BD cerrada
2026-10-05 12:07:08,544 - orchestrator - INFO - ✅ Configuración cargada desde config.yaml
2026-10-05 12:07:08,544 - orchestrator - INFO - 🚀 Inicializando Felix Automation Orchestrator
2026-10-05 12:07:08,544 - orchestrator - INFO - ✅ Conectado a BD: ./felix_automation.db
2026-10-05 12:07:08,544 - agents.funnel_management_agent - INFO - ✅ Funnel Management Agent inicializado
2026-10-05 12:07:08,545 - agents.funnel_management_agent - INFO - ✅ Cliente Raíces de Cauquenes movido a etapa: PROPUESTA
2026-10-05 12:07:08,546 - agents.funnel_management_agent - INFO - ✅ Cliente TechShop Premium movido a etapa: PROSPECTO
2026-10-05 12:07:08,546 - agents.funnel_management_agent - INFO - ✅ Cliente ConsultorLabs movido a etapa: NEGOCIACION
2026-10-05 12:07:08,547 - agents.lead_scorer_agent - INFO - ✅ Lead Scorer Agent inicializado
2026-10-05 12:07:08,547 - agents.lead_scorer_agent - INFO - 🎯 0 leads con score >= 75
2026-10-05 12:07:08,548 - agents.lead_scorer_agent - INFO - ✅ Lead Scorer Agent inicializado
2026-10-05 12:07:08,548 - agents.lead_scorer_agent - INFO - 🎯 0 leads con score >= 75
2026-10-05 12:07:08,548 - agents.lead_scorer_agent - INFO - ✅ Lead Scorer Agent inicializado
2026-10-05 12:07:08,548 - agents.lead_scorer_agent - INFO - 🎯 0 leads con score >= 75
2026-10-05 12:07:08,550 - agents.lead_scorer_agent - INFO - ✅ Lead Scorer Agent inicializado
2026-10-05 12:07:08,550 - agents.lead_scorer_agent - INFO - 🎯 0 leads con score >= 75
2026-10-05 12:07:08,551 - agents.lead_scorer_agent - INFO - ✅ Lead Scorer Agent inicializado
2026-10-05 12:07:08,551 - agents.lead_scorer_agent - INFO - 🎯 0 leads con score >= 75
2026-10-05 12:07:08,551 - orchestrator - INFO - ✅ Conexión a BD cerrada
2026-10-05 12:13:05,528 - orchestrator - INFO - ✅ Configuración cargada desde config.yaml
2026-10-05 12:13:05,529 - orchestrator - INFO - 🚀 Inicializando Felix Automation Orchestrator
2026-10-05 12:13:05,529 - orchestrator - INFO - ✅ Conectado a BD: ./felix_automation.db
2026-10-05 12:13:05,529 - agents.followup_agent - INFO - ✅ Follow-up Agent inicializado
2026-10-05 12:13:05,530 - agents.followup_agent - INFO - ✅ Secuencia de follow-up iniciada para Raíces de Cauquenes
2026-10-05 12:13:05,531 - agents.followup_agent - INFO - ✅ Secuencia de follow-up iniciada para TechShop Premium
2026-10-05 12:13:05,531 - agents.followup_agent - INFO - ✅ Secuencia de follow-up iniciada para ConsultorLabs
2026-10-05 12:13:05,532 - agents.followup_agent - INFO - 📧 Enviando follow-up #1 a info@raices.cl
2026-10-05 12:13:05,532 - agents.followup_agent - INFO - ✅ Follow-up #1 registrado
2026-10-05 12:13:05,532 - agents.followup_agent - INFO - 📧 Enviando follow-up #1 a admin@techshop.cl
2026-10-05 12:13:05,533 - agents.followup_agent - INFO - ✅ Follow-up #1 registrado
2026-10-05 12:13:05,533 - agents.followup_agent - INFO - 📧 Enviando follow-up #2 a admin@techshop.cl
2026-10-05 12:13:05,533 - agents.followup_agent - INFO - ✅ Follow-up #2 registrado
2026-10-05 12:13:05,533 - agents.followup_agent - INFO - 📧 Enviando follow-up #1 a hello@consultorlabs.cl
2026-10-05 12:13:05,534 - agents.followup_agent - INFO - ✅ Follow-up #1 registrado
2026-10-05 12:13:05,534 - agents.followup_agent - INFO - 📧 Enviando follow-up #2 a hello@consultorlabs.cl
2026-10-05 12:13:05,535 - agents.followup_agent - INFO - ✅ Follow-up #2 registrado
2026-10-05 12:13:05,535 - agents.followup_agent - INFO - ✅ Follow-up #1 marcado como abierto
2026-10-05 12:13:05,536 - agents.followup_agent - INFO - ✅ Follow-up #1 marcado como abierto
2026-10-05 12:13:05,536 - agents.followup_agent - INFO - ✅ Follow-up #2 marcado como abierto
2026-10-05 12:13:05,537 - agents.followup_agent - INFO - ✅ Secuencia 1 completada
2026-10-05 12:13:05,538 - agents.followup_agent - INFO - ✅ Secuencia 2 completada
2026-10-05 12:13:11,931 - orchestrator - INFO - ✅ Configuración cargada desde config.yaml
2026-10-05 12:13:11,931 - orchestrator - INFO - 🚀 Inicializando Felix Automation Orchestrator
2026-10-05 12:13:11,931 - orchestrator - INFO - ✅ Conectado a BD: ./felix_automation.db
2026-10-05 12:13:11,931 - agents.followup_agent - INFO - ✅ Follow-up Agent inicializado
2026-10-05 12:13:11,933 - agents.followup_agent - INFO - ✅ Secuencia de follow-up iniciada para Raíces de Cauquenes
2026-10-05 12:13:11,933 - agents.followup_agent - INFO - ✅ Secuencia de follow-up iniciada para TechShop Premium
2026-10-05 12:13:11,934 - agents.followup_agent - INFO - ⚠️  Ya existe una secuencia activa para ConsultorLabs
2026-10-05 12:13:23,656 - orchestrator - INFO - ✅ Configuración cargada desde config.yaml
2026-10-05 12:13:23,656 - orchestrator - INFO - 🚀 Inicializando Felix Automation Orchestrator
2026-10-05 12:13:23,657 - orchestrator - INFO - ✅ Conectado a BD: ./felix_automation.db
2026-10-05 12:13:23,657 - agents.followup_agent - INFO - ✅ Follow-up Agent inicializado
2026-10-05 12:13:23,657 - agents.followup_agent - INFO - ⚠️  Ya existe una secuencia activa para Raíces de Cauquenes
2026-10-05 12:13:23,657 - agents.followup_agent - INFO - ⚠️  Ya existe una secuencia activa para TechShop Premium
2026-10-05 12:13:23,658 - agents.followup_agent - INFO - ⚠️  Ya existe una secuencia activa para ConsultorLabs
2026-10-05 12:13:23,659 - agents.followup_agent - INFO - 📧 Enviando follow-up #3 a hello@consultorlabs.cl
2026-10-05 12:13:23,660 - agents.followup_agent - INFO - ✅ Follow-up #3 registrado
2026-10-05 12:13:23,660 - agents.followup_agent - INFO - ✅ Follow-up #1 marcado como abierto
2026-10-05 12:13:23,661 - agents.followup_agent - INFO - ✅ Follow-up #1 marcado como abierto
2026-10-05 12:13:23,662 - agents.followup_agent - INFO - ✅ Follow-up #2 marcado como abierto
2026-10-05 12:13:23,663 - agents.followup_agent - INFO - ✅ Secuencia 1 completada
2026-10-05 12:13:23,663 - agents.followup_agent - INFO - ✅ Secuencia 2 completada
2026-10-05 12:13:23,664 - orchestrator - INFO - ✅ Conexión a BD cerrada
2026-10-05 12:13:25,429 - orchestrator - INFO - ✅ Configuración cargada desde config.yaml
2026-10-05 12:13:25,429 - orchestrator - INFO - 🚀 Inicializando Felix Automation Orchestrator
2026-10-05 12:13:25,429 - orchestrator - INFO - ✅ Conectado a BD: ./felix_automation.db
2026-10-05 12:13:25,429 - agents.followup_agent - INFO - ✅ Follow-up Agent inicializado
2026-10-05 12:13:25,430 - agents.followup_agent - INFO - ⚠️  Ya existe una secuencia activa para Raíces de Cauquenes
2026-10-05 12:13:25,430 - agents.followup_agent - INFO - ⚠️  Ya existe una secuencia activa para TechShop Premium
2026-10-05 12:13:25,430 - agents.followup_agent - INFO - ⚠️  Ya existe una secuencia activa para ConsultorLabs
2026-10-05 12:13:25,434 - agents.followup_agent - INFO - ✅ Follow-up #1 marcado como abierto
2026-10-05 12:13:25,436 - agents.followup_agent - INFO - ✅ Follow-up #1 marcado como abierto
2026-10-05 12:13:25,436 - agents.followup_agent - INFO - ✅ Follow-up #2 marcado como abierto
2026-10-05 12:13:25,437 - agents.followup_agent - INFO - ✅ Secuencia 1 completada
2026-10-05 12:13:25,438 - agents.followup_agent - INFO - ✅ Secuencia 2 completada
2026-10-05 12:13:25,438 - orchestrator - INFO - ✅ Conexión a BD cerrada
2026-10-05 12:17:27,048 - orchestrator - INFO - ✅ Configuración cargada desde config.yaml
2026-10-05 12:17:27,049 - orchestrator - INFO - 🚀 Inicializando Felix Automation Orchestrator
2026-10-05 12:17:27,049 - orchestrator - INFO - ✅ Conectado a BD: ./felix_automation.db
2026-10-05 12:17:27,049 - agents.sales_pipeline_agent - INFO - ✅ Sales Pipeline Agent inicializado
2026-10-05 12:17:27,052 - agents.sales_pipeline_agent - INFO - ✅ Analytics exportado a JSON
2026-10-05 12:17:27,053 - orchestrator - INFO - ✅ Conexión a BD cerrada
2026-10-05 12:19:23,276 - orchestrator - INFO - ✅ Configuración cargada desde config.yaml
2026-10-05 12:19:23,276 - orchestrator - INFO - 🚀 Inicializando Felix Automation Orchestrator
2026-10-05 12:19:23,276 - orchestrator - INFO - ✅ Conectado a BD: ./felix_automation.db
2026-10-05 12:19:23,277 - agents.sales_pipeline_agent - INFO - ✅ Sales Pipeline Agent inicializado
2026-10-05 12:19:23,279 - agents.sales_pipeline_agent - INFO - ✅ Analytics exportado a JSON
2026-10-05 12:19:23,279 - orchestrator - INFO - ✅ Conexión a BD cerrada
2026-10-05 12:19:25,097 - orchestrator - INFO - ✅ Configuración cargada desde config.yaml
2026-10-05 12:19:25,097 - orchestrator - INFO - 🚀 Inicializando Felix Automation Orchestrator
2026-10-05 12:19:25,098 - orchestrator - INFO - ✅ Conectado a BD: ./felix_automation.db
2026-10-05 12:19:25,098 - agents.sales_pipeline_agent - INFO - ✅ Sales Pipeline Agent inicializado
2026-10-05 12:19:25,100 - agents.sales_pipeline_agent - INFO - ✅ Analytics exportado a JSON
2026-10-05 12:19:25,100 - orchestrator - INFO - ✅ Conexión a BD cerrada
2026-10-05 12:22:19,958 - orchestrator - INFO - ✅ Configuración cargada desde config.yaml
2026-10-05 12:22:19,958 - orchestrator - INFO - 🚀 Inicializando Felix Automation Orchestrator
2026-10-05 12:22:19,958 - orchestrator - INFO - ✅ Conectado a BD: ./felix_automation.db
2026-10-05 12:22:19,958 - agents.multi_platform_auditor_agent - INFO - ✅ Multi-Platform Auditor Agent inicializado
2026-10-05 12:22:19,958 - agents.lead_scorer_agent - INFO - ✅ Lead Scorer Agent inicializado
2026-10-05 12:22:19,958 - agents.proposal_generator_agent - INFO - ✅ Proposal Generator Agent inicializado
2026-10-05 12:22:19,958 - agents.email_sender_agent - INFO - ✅ SendGrid API key cargada correctamente
2026-10-05 12:22:19,958 - agents.email_queue_agent - INFO - ✅ Email Queue Agent inicializado
2026-10-05 12:22:19,958 - agents.email_sender_agent - INFO - ✅ Email Sender Agent inicializado
2026-10-05 12:22:19,958 - agents.followup_agent - INFO - ✅ Follow-up Agent inicializado
2026-10-05 12:22:19,958 - agents.sales_pipeline_agent - INFO - ✅ Sales Pipeline Agent inicializado
2026-10-05 12:22:19,958 - agents.funnel_management_agent - INFO - ✅ Funnel Management Agent inicializado
2026-10-05 12:22:19,958 - main_orchestrator - INFO - ✅ Main Orchestrator FASE 8 inicializado
2026-10-05 12:22:19,959 - main_orchestrator - INFO - ❌ Audit | 'MultiPlatformAuditorAgent' object has no attribute 'audit_web'
2026-10-05 12:22:19,959 - main_orchestrator - INFO - ❌ Audit | 'MultiPlatformAuditorAgent' object has no attribute 'audit_web'
2026-10-05 12:22:19,959 - main_orchestrator - INFO - ❌ Audit | 'MultiPlatformAuditorAgent' object has no attribute 'audit_web'
2026-10-05 12:22:19,959 - main_orchestrator - INFO - ❌ Dashboard Gen | 'FunnelManagementAgent' object has no attribute 'generate_all_dashboards'
2026-10-05 12:22:19,961 - agents.sales_pipeline_agent - INFO - ✅ Analytics exportado a JSON
2026-10-05 12:22:19,961 - main_orchestrator - INFO - ✅ Reports | Todos los reportes generados
2026-10-05 12:22:19,961 - main_orchestrator - INFO - ✅ Resumen guardado en: data/fase8_execution_summary.json
2026-10-05 12:22:19,961 - orchestrator - INFO - ✅ Conexión a BD cerrada
2026-10-05 12:23:32,124 - orchestrator - INFO - ✅ Configuración cargada desde config.yaml
2026-10-05 12:23:32,124 - orchestrator - INFO - 🚀 Inicializando Felix Automation Orchestrator
2026-10-05 12:23:32,124 - orchestrator - INFO - ✅ Conectado a BD: ./felix_automation.db
2026-10-05 12:23:32,124 - agents.multi_platform_auditor_agent - INFO - ✅ Multi-Platform Auditor Agent inicializado
2026-10-05 12:23:32,124 - agents.lead_scorer_agent - INFO - ✅ Lead Scorer Agent inicializado
2026-10-05 12:23:32,124 - agents.proposal_generator_agent - INFO - ✅ Proposal Generator Agent inicializado
2026-10-05 12:23:32,124 - agents.email_sender_agent - INFO - ✅ SendGrid API key cargada correctamente
2026-10-05 12:23:32,124 - agents.email_queue_agent - INFO - ✅ Email Queue Agent inicializado
2026-10-05 12:23:32,125 - agents.email_sender_agent - INFO - ✅ Email Sender Agent inicializado
2026-10-05 12:23:32,125 - agents.followup_agent - INFO - ✅ Follow-up Agent inicializado
2026-10-05 12:23:32,125 - agents.sales_pipeline_agent - INFO - ✅ Sales Pipeline Agent inicializado
2026-10-05 12:23:32,125 - agents.funnel_management_agent - INFO - ✅ Funnel Management Agent inicializado
2026-10-05 12:23:32,125 - main_orchestrator - INFO - ✅ Main Orchestrator FASE 8 inicializado
2026-10-05 12:23:32,125 - agents.multi_platform_auditor_agent - INFO - 🔍 Auditando cliente: Raíces de Cauquenes en plataformas: ['web', 'facebook_ads', 'google_ads']
2026-10-05 12:23:32,126 - agents.multi_platform_auditor_agent - INFO -   ⚡ Computando Web para Raíces de Cauquenes
2026-10-05 12:23:32,126 - agents.multi_platform_auditor_agent - INFO -   🔍 Computando Google Ads para Raíces de Cauquenes
2026-10-05 12:23:32,126 - agents.multi_platform_auditor_agent - INFO -   📘 Computando Facebook Ads para Raíces de Cauquenes
2026-10-05 12:23:32,128 - orchestrator - INFO - ✅ Auditoría creada: web para cliente ID 1 (Audit ID: 40)
2026-10-05 12:23:32,129 - orchestrator - INFO - ✅ Auditoría 40 actualizada - Score: 72/100
2026-10-05 12:23:32,129 - agents.multi_platform_auditor_agent - INFO -   ✅ web: 72/100
2026-10-05 12:23:32,130 - orchestrator - INFO - ✅ Auditoría creada: google_ads para cliente ID 1 (Audit ID: 41)
2026-10-05 12:23:32,131 - orchestrator - INFO - ✅ Auditoría 41 actualizada - Score: 88/100
2026-10-05 12:23:32,131 - agents.multi_platform_auditor_agent - INFO -   ✅ google_ads: 88/100
2026-10-05 12:23:32,133 - orchestrator - INFO - ✅ Auditoría creada: facebook_ads para cliente ID 1 (Audit ID: 42)
2026-10-05 12:23:32,134 - orchestrator - INFO - ✅ Auditoría 42 actualizada - Score: 97/100
2026-10-05 12:23:32,134 - agents.multi_platform_auditor_agent - INFO -   ✅ facebook_ads: 97/100
2026-10-05 12:23:32,134 - agents.multi_platform_auditor_agent - INFO -   💾 Guardando resultados - Score promedio: 85/100
2026-10-05 12:23:32,134 - main_orchestrator - INFO - ✅ Audit | Cliente Raíces de Cauquenes
2026-10-05 12:23:32,134 - agents.multi_platform_auditor_agent - INFO - 🔍 Auditando cliente: TechShop Premium en plataformas: ['web', 'facebook_ads', 'google_ads']
2026-10-05 12:23:32,134 - agents.multi_platform_auditor_agent - INFO -   ⚡ Computando Web para TechShop Premium
2026-10-05 12:23:32,135 - agents.multi_platform_auditor_agent - INFO -   📘 Computando Facebook Ads para TechShop Premium
2026-10-05 12:23:32,135 - agents.multi_platform_auditor_agent - INFO -   🔍 Computando Google Ads para TechShop Premium
2026-10-05 12:23:32,136 - orchestrator - INFO - ✅ Auditoría creada: web para cliente ID 2 (Audit ID: 43)
2026-10-05 12:23:32,137 - orchestrator - INFO - ✅ Auditoría 43 actualizada - Score: 72/100
2026-10-05 12:23:32,137 - agents.multi_platform_auditor_agent - INFO -   ✅ web: 72/100
2026-10-05 12:23:32,138 - orchestrator - INFO - ✅ Auditoría creada: facebook_ads para cliente ID 2 (Audit ID: 44)
2026-10-05 12:23:32,139 - orchestrator - INFO - ✅ Auditoría 44 actualizada - Score: 97/100
2026-10-05 12:23:32,139 - agents.multi_platform_auditor_agent - INFO -   ✅ facebook_ads: 97/100
2026-10-05 12:23:32,140 - orchestrator - INFO - ✅ Auditoría creada: google_ads para cliente ID 2 (Audit ID: 45)
2026-10-05 12:23:32,141 - orchestrator - INFO - ✅ Auditoría 45 actualizada - Score: 88/100
2026-10-05 12:23:32,141 - agents.multi_platform_auditor_agent - INFO -   ✅ google_ads: 88/100
2026-10-05 12:23:32,141 - agents.multi_platform_auditor_agent - INFO -   💾 Guardando resultados - Score promedio: 85/100
2026-10-05 12:23:32,141 - main_orchestrator - INFO - ✅ Audit | Cliente TechShop Premium
2026-10-05 12:23:32,141 - agents.multi_platform_auditor_agent - INFO - 🔍 Auditando cliente: ConsultorLabs en plataformas: ['web', 'facebook_ads', 'google_ads']
2026-10-05 12:23:32,141 - agents.multi_platform_auditor_agent - INFO -   ⚡ Computando Web para ConsultorLabs
2026-10-05 12:23:32,142 - agents.multi_platform_auditor_agent - INFO -   📘 Computando Facebook Ads para ConsultorLabs
2026-10-05 12:23:32,142 - agents.multi_platform_auditor_agent - INFO -   🔍 Computando Google Ads para ConsultorLabs
2026-10-05 12:23:32,143 - orchestrator - INFO - ✅ Auditoría creada: google_ads para cliente ID 3 (Audit ID: 46)
2026-10-05 12:23:32,144 - orchestrator - INFO - ✅ Auditoría 46 actualizada - Score: 88/100
2026-10-05 12:23:32,144 - agents.multi_platform_auditor_agent - INFO -   ✅ google_ads: 88/100
2026-10-05 12:23:32,145 - orchestrator - INFO - ✅ Auditoría creada: facebook_ads para cliente ID 3 (Audit ID: 47)
2026-10-05 12:23:32,146 - orchestrator - INFO - ✅ Auditoría 47 actualizada - Score: 97/100
2026-10-05 12:23:32,146 - agents.multi_platform_auditor_agent - INFO -   ✅ facebook_ads: 97/100
2026-10-05 12:23:32,146 - orchestrator - INFO - ✅ Auditoría creada: web para cliente ID 3 (Audit ID: 48)
2026-10-05 12:23:32,147 - orchestrator - INFO - ✅ Auditoría 48 actualizada - Score: 72/100
2026-10-05 12:23:32,147 - agents.multi_platform_auditor_agent - INFO -   ✅ web: 72/100
2026-10-05 12:23:32,147 - agents.multi_platform_auditor_agent - INFO -   💾 Guardando resultados - Score promedio: 85/100
2026-10-05 12:23:32,147 - main_orchestrator - INFO - ✅ Audit | Cliente ConsultorLabs
2026-10-05 12:23:32,147 - main_orchestrator - INFO - ❌ Lead Score | 'LeadScorerAgent' object has no attribute 'calculate_lead_score'
2026-10-05 12:23:32,147 - main_orchestrator - INFO - ❌ Lead Score | 'LeadScorerAgent' object has no attribute 'calculate_lead_score'
2026-10-05 12:23:32,147 - main_orchestrator - INFO - ❌ Lead Score | 'LeadScorerAgent' object has no attribute 'calculate_lead_score'
2026-10-05 12:23:32,148 - agents.lead_scorer_agent - INFO - ✅ Lead Scorer Agent inicializado
2026-10-05 12:23:32,148 - agents.lead_scorer_agent - INFO - 🎯 0 leads con score >= 75
2026-10-05 12:23:32,149 - agents.lead_scorer_agent - INFO - ✅ Lead Scorer Agent inicializado
2026-10-05 12:23:32,149 - agents.lead_scorer_agent - INFO - 🎯 0 leads con score >= 75
2026-10-05 12:23:32,149 - main_orchestrator - INFO - ✅ Dashboard Gen | Dashboards generados (4)
2026-10-05 12:23:32,150 - agents.sales_pipeline_agent - INFO - ✅ Analytics exportado a JSON
2026-10-05 12:23:32,150 - main_orchestrator - INFO - ✅ Reports | Todos los reportes generados
2026-10-05 12:23:32,150 - main_orchestrator - INFO - ✅ Resumen guardado en: data/fase8_execution_summary.json
2026-10-05 12:23:32,150 - orchestrator - INFO - ✅ Conexión a BD cerrada
2026-10-05 12:23:48,354 - orchestrator - INFO - ✅ Configuración cargada desde config.yaml
2026-10-05 12:23:48,354 - orchestrator - INFO - 🚀 Inicializando Felix Automation Orchestrator
2026-10-05 12:23:48,354 - orchestrator - INFO - ✅ Conectado a BD: ./felix_automation.db
2026-10-05 12:23:48,354 - agents.multi_platform_auditor_agent - INFO - ✅ Multi-Platform Auditor Agent inicializado
2026-10-05 12:23:48,354 - agents.lead_scorer_agent - INFO - ✅ Lead Scorer Agent inicializado
2026-10-05 12:23:48,354 - agents.proposal_generator_agent - INFO - ✅ Proposal Generator Agent inicializado
2026-10-05 12:23:48,354 - agents.email_sender_agent - INFO - ✅ SendGrid API key cargada correctamente
2026-10-05 12:23:48,354 - agents.email_queue_agent - INFO - ✅ Email Queue Agent inicializado
2026-10-05 12:23:48,354 - agents.email_sender_agent - INFO - ✅ Email Sender Agent inicializado
2026-10-05 12:23:48,354 - agents.followup_agent - INFO - ✅ Follow-up Agent inicializado
2026-10-05 12:23:48,354 - agents.sales_pipeline_agent - INFO - ✅ Sales Pipeline Agent inicializado
2026-10-05 12:23:48,354 - agents.funnel_management_agent - INFO - ✅ Funnel Management Agent inicializado
2026-10-05 12:23:48,354 - main_orchestrator - INFO - ✅ Main Orchestrator FASE 8 inicializado
2026-10-05 12:23:48,355 - agents.multi_platform_auditor_agent - INFO - 🔍 Auditando cliente: Raíces de Cauquenes en plataformas: ['web', 'facebook_ads', 'google_ads']
2026-10-05 12:23:48,355 - agents.multi_platform_auditor_agent - INFO -   ⚡ Computando Web para Raíces de Cauquenes
2026-10-05 12:23:48,355 - agents.multi_platform_auditor_agent - INFO -   📘 Computando Facebook Ads para Raíces de Cauquenes
2026-10-05 12:23:48,356 - agents.multi_platform_auditor_agent - INFO -   🔍 Computando Google Ads para Raíces de Cauquenes
2026-10-05 12:23:48,358 - orchestrator - INFO - ✅ Auditoría creada: web para cliente ID 1 (Audit ID: 49)
2026-10-05 12:23:48,359 - orchestrator - INFO - ✅ Auditoría 49 actualizada - Score: 72/100
2026-10-05 12:23:48,359 - agents.multi_platform_auditor_agent - INFO -   ✅ web: 72/100
2026-10-05 12:23:48,360 - orchestrator - INFO - ✅ Auditoría creada: facebook_ads para cliente ID 1 (Audit ID: 50)
2026-10-05 12:23:48,361 - orchestrator - INFO - ✅ Auditoría 50 actualizada - Score: 97/100
2026-10-05 12:23:48,361 - agents.multi_platform_auditor_agent - INFO -   ✅ facebook_ads: 97/100
2026-10-05 12:23:48,362 - orchestrator - INFO - ✅ Auditoría creada: google_ads para cliente ID 1 (Audit ID: 51)
2026-10-05 12:23:48,363 - orchestrator - INFO - ✅ Auditoría 51 actualizada - Score: 88/100
2026-10-05 12:23:48,363 - agents.multi_platform_auditor_agent - INFO -   ✅ google_ads: 88/100
2026-10-05 12:23:48,363 - agents.multi_platform_auditor_agent - INFO -   💾 Guardando resultados - Score promedio: 85/100
2026-10-05 12:23:48,363 - main_orchestrator - INFO - ✅ Audit | Cliente Raíces de Cauquenes
2026-10-05 12:23:48,363 - agents.multi_platform_auditor_agent - INFO - 🔍 Auditando cliente: TechShop Premium en plataformas: ['web', 'facebook_ads', 'google_ads']
2026-10-05 12:23:48,363 - agents.multi_platform_auditor_agent - INFO -   ⚡ Computando Web para TechShop Premium
2026-10-05 12:23:48,363 - agents.multi_platform_auditor_agent - INFO -   📘 Computando Facebook Ads para TechShop Premium
2026-10-05 12:23:48,364 - agents.multi_platform_auditor_agent - INFO -   🔍 Computando Google Ads para TechShop Premium
2026-10-05 12:23:48,365 - orchestrator - INFO - ✅ Auditoría creada: web para cliente ID 2 (Audit ID: 52)
2026-10-05 12:23:48,366 - orchestrator - INFO - ✅ Auditoría 52 actualizada - Score: 72/100
2026-10-05 12:23:48,366 - agents.multi_platform_auditor_agent - INFO -   ✅ web: 72/100
2026-10-05 12:23:48,367 - orchestrator - INFO - ✅ Auditoría creada: facebook_ads para cliente ID 2 (Audit ID: 53)
2026-10-05 12:23:48,368 - orchestrator - INFO - ✅ Auditoría 53 actualizada - Score: 97/100
2026-10-05 12:23:48,368 - agents.multi_platform_auditor_agent - INFO -   ✅ facebook_ads: 97/100
2026-10-05 12:23:48,369 - orchestrator - INFO - ✅ Auditoría creada: google_ads para cliente ID 2 (Audit ID: 54)
2026-10-05 12:23:48,370 - orchestrator - INFO - ✅ Auditoría 54 actualizada - Score: 88/100
2026-10-05 12:23:48,370 - agents.multi_platform_auditor_agent - INFO -   ✅ google_ads: 88/100
2026-10-05 12:23:48,370 - agents.multi_platform_auditor_agent - INFO -   💾 Guardando resultados - Score promedio: 85/100
2026-10-05 12:23:48,370 - main_orchestrator - INFO - ✅ Audit | Cliente TechShop Premium
2026-10-05 12:23:48,370 - agents.multi_platform_auditor_agent - INFO - 🔍 Auditando cliente: ConsultorLabs en plataformas: ['web', 'facebook_ads', 'google_ads']
2026-10-05 12:23:48,371 - agents.multi_platform_auditor_agent - INFO -   ⚡ Computando Web para ConsultorLabs
2026-10-05 12:23:48,371 - agents.multi_platform_auditor_agent - INFO -   📘 Computando Facebook Ads para ConsultorLabs
2026-10-05 12:23:48,371 - agents.multi_platform_auditor_agent - INFO -   🔍 Computando Google Ads para ConsultorLabs
2026-10-05 12:23:48,373 - orchestrator - INFO - ✅ Auditoría creada: web para cliente ID 3 (Audit ID: 55)
2026-10-05 12:23:48,373 - orchestrator - INFO - ✅ Auditoría 55 actualizada - Score: 72/100
2026-10-05 12:23:48,374 - agents.multi_platform_auditor_agent - INFO -   ✅ web: 72/100
2026-10-05 12:23:48,374 - orchestrator - INFO - ✅ Auditoría creada: facebook_ads para cliente ID 3 (Audit ID: 56)
2026-10-05 12:23:48,377 - orchestrator - INFO - ✅ Auditoría 56 actualizada - Score: 97/100
2026-10-05 12:23:48,377 - agents.multi_platform_auditor_agent - INFO -   ✅ facebook_ads: 97/100
2026-10-05 12:23:48,378 - orchestrator - INFO - ✅ Auditoría creada: google_ads para cliente ID 3 (Audit ID: 57)
2026-10-05 12:23:48,379 - orchestrator - INFO - ✅ Auditoría 57 actualizada - Score: 88/100
2026-10-05 12:23:48,379 - agents.multi_platform_auditor_agent - INFO -   ✅ google_ads: 88/100
2026-10-05 12:23:48,379 - agents.multi_platform_auditor_agent - INFO -   💾 Guardando resultados - Score promedio: 85/100
2026-10-05 12:23:48,379 - main_orchestrator - INFO - ✅ Audit | Cliente ConsultorLabs
2026-10-05 12:23:48,379 - main_orchestrator - INFO - ✅ Lead Score | Raíces de Cauquenes: 81 🟢 ALTO
2026-10-05 12:23:48,379 - main_orchestrator - INFO - ✅ Lead Score | TechShop Premium: 83 🟢 ALTO
2026-10-05 12:23:48,379 - main_orchestrator - INFO - ✅ Lead Score | ConsultorLabs: 79 🟢 ALTO
2026-10-05 12:23:48,379 - main_orchestrator - INFO - ❌ Proposal Gen | ProposalGeneratorAgent.generate_proposal() takes 3 positional arguments but 4 were given
2026-10-05 12:23:48,379 - main_orchestrator - INFO - ❌ Proposal Gen | ProposalGeneratorAgent.generate_proposal() takes 3 positional arguments but 4 were given
2026-10-05 12:23:48,380 - main_orchestrator - INFO - ❌ Proposal Gen | ProposalGeneratorAgent.generate_proposal() takes 3 positional arguments but 4 were given
2026-10-05 12:23:48,380 - agents.lead_scorer_agent - INFO - ✅ Lead Scorer Agent inicializado
2026-10-05 12:23:48,380 - agents.lead_scorer_agent - INFO - 🎯 0 leads con score >= 75
2026-10-05 12:23:48,381 - agents.lead_scorer_agent - INFO - ✅ Lead Scorer Agent inicializado
2026-10-05 12:23:48,381 - agents.lead_scorer_agent - INFO - 🎯 0 leads con score >= 75
2026-10-05 12:23:48,381 - main_orchestrator - INFO - ✅ Dashboard Gen | Dashboards generados (4)
2026-10-05 12:23:48,382 - agents.sales_pipeline_agent - INFO - ✅ Analytics exportado a JSON
2026-10-05 12:23:48,382 - main_orchestrator - INFO - ✅ Reports | Todos los reportes generados
2026-10-05 12:23:48,382 - main_orchestrator - INFO - ✅ Resumen guardado en: data/fase8_execution_summary.json
2026-10-05 12:23:48,383 - orchestrator - INFO - ✅ Conexión a BD cerrada
2026-10-05 12:24:00,379 - orchestrator - INFO - ✅ Configuración cargada desde config.yaml
2026-10-05 12:24:00,380 - orchestrator - INFO - 🚀 Inicializando Felix Automation Orchestrator
2026-10-05 12:24:00,380 - orchestrator - INFO - ✅ Conectado a BD: ./felix_automation.db
2026-10-05 12:24:00,380 - agents.multi_platform_auditor_agent - INFO - ✅ Multi-Platform Auditor Agent inicializado
2026-10-05 12:24:00,380 - agents.lead_scorer_agent - INFO - ✅ Lead Scorer Agent inicializado
2026-10-05 12:24:00,380 - agents.proposal_generator_agent - INFO - ✅ Proposal Generator Agent inicializado
2026-10-05 12:24:00,380 - agents.email_sender_agent - INFO - ✅ SendGrid API key cargada correctamente
2026-10-05 12:24:00,380 - agents.email_queue_agent - INFO - ✅ Email Queue Agent inicializado
2026-10-05 12:24:00,380 - agents.email_sender_agent - INFO - ✅ Email Sender Agent inicializado
2026-10-05 12:24:00,380 - agents.followup_agent - INFO - ✅ Follow-up Agent inicializado
2026-10-05 12:24:00,380 - agents.sales_pipeline_agent - INFO - ✅ Sales Pipeline Agent inicializado
2026-10-05 12:24:00,380 - agents.funnel_management_agent - INFO - ✅ Funnel Management Agent inicializado
2026-10-05 12:24:00,380 - main_orchestrator - INFO - ✅ Main Orchestrator FASE 8 inicializado
2026-10-05 12:24:00,381 - agents.multi_platform_auditor_agent - INFO - 🔍 Auditando cliente: Raíces de Cauquenes en plataformas: ['web', 'facebook_ads', 'google_ads']
2026-10-05 12:24:00,383 - agents.multi_platform_auditor_agent - INFO -   ⚡ Computando Web para Raíces de Cauquenes
2026-10-05 12:24:00,383 - agents.multi_platform_auditor_agent - INFO -   📘 Computando Facebook Ads para Raíces de Cauquenes
2026-10-05 12:24:00,385 - agents.multi_platform_auditor_agent - INFO -   🔍 Computando Google Ads para Raíces de Cauquenes
2026-10-05 12:24:00,388 - orchestrator - INFO - ✅ Auditoría creada: web para cliente ID 1 (Audit ID: 58)
2026-10-05 12:24:00,389 - orchestrator - INFO - ✅ Auditoría 58 actualizada - Score: 72/100
2026-10-05 12:24:00,389 - agents.multi_platform_auditor_agent - INFO -   ✅ web: 72/100
2026-10-05 12:24:00,390 - orchestrator - INFO - ✅ Auditoría creada: facebook_ads para cliente ID 1 (Audit ID: 59)
2026-10-05 12:24:00,392 - orchestrator - INFO - ✅ Auditoría 59 actualizada - Score: 97/100
2026-10-05 12:24:00,392 - agents.multi_platform_auditor_agent - INFO -   ✅ facebook_ads: 97/100
2026-10-05 12:24:00,393 - orchestrator - INFO - ✅ Auditoría creada: google_ads para cliente ID 1 (Audit ID: 60)
2026-10-05 12:24:00,394 - orchestrator - INFO - ✅ Auditoría 60 actualizada - Score: 88/100
2026-10-05 12:24:00,394 - agents.multi_platform_auditor_agent - INFO -   ✅ google_ads: 88/100
2026-10-05 12:24:00,394 - agents.multi_platform_auditor_agent - INFO -   💾 Guardando resultados - Score promedio: 85/100
2026-10-05 12:24:00,394 - main_orchestrator - INFO - ✅ Audit | Cliente Raíces de Cauquenes
2026-10-05 12:24:00,394 - agents.multi_platform_auditor_agent - INFO - 🔍 Auditando cliente: TechShop Premium en plataformas: ['web', 'facebook_ads', 'google_ads']
2026-10-05 12:24:00,394 - agents.multi_platform_auditor_agent - INFO -   ⚡ Computando Web para TechShop Premium
2026-10-05 12:24:00,395 - agents.multi_platform_auditor_agent - INFO -   📘 Computando Facebook Ads para TechShop Premium
2026-10-05 12:24:00,395 - agents.multi_platform_auditor_agent - INFO -   🔍 Computando Google Ads para TechShop Premium
2026-10-05 12:24:00,397 - orchestrator - INFO - ✅ Auditoría creada: facebook_ads para cliente ID 2 (Audit ID: 61)
2026-10-05 12:24:00,398 - orchestrator - INFO - ✅ Auditoría 61 actualizada - Score: 97/100
2026-10-05 12:24:00,399 - agents.multi_platform_auditor_agent - INFO -   ✅ facebook_ads: 97/100
2026-10-05 12:24:00,400 - orchestrator - INFO - ✅ Auditoría creada: web para cliente ID 2 (Audit ID: 62)
2026-10-05 12:24:00,401 - orchestrator - INFO - ✅ Auditoría 62 actualizada - Score: 72/100
2026-10-05 12:24:00,401 - agents.multi_platform_auditor_agent - INFO -   ✅ web: 72/100
2026-10-05 12:24:00,402 - orchestrator - INFO - ✅ Auditoría creada: google_ads para cliente ID 2 (Audit ID: 63)
2026-10-05 12:24:00,402 - orchestrator - INFO - ✅ Auditoría 63 actualizada - Score: 88/100
2026-10-05 12:24:00,402 - agents.multi_platform_auditor_agent - INFO -   ✅ google_ads: 88/100
2026-10-05 12:24:00,402 - agents.multi_platform_auditor_agent - INFO -   💾 Guardando resultados - Score promedio: 85/100
2026-10-05 12:24:00,402 - main_orchestrator - INFO - ✅ Audit | Cliente TechShop Premium
2026-10-05 12:24:00,403 - agents.multi_platform_auditor_agent - INFO - 🔍 Auditando cliente: ConsultorLabs en plataformas: ['web', 'facebook_ads', 'google_ads']
2026-10-05 12:24:00,403 - agents.multi_platform_auditor_agent - INFO -   ⚡ Computando Web para ConsultorLabs
2026-10-05 12:24:00,403 - agents.multi_platform_auditor_agent - INFO -   🔍 Computando Google Ads para ConsultorLabs
2026-10-05 12:24:00,403 - agents.multi_platform_auditor_agent - INFO -   📘 Computando Facebook Ads para ConsultorLabs
2026-10-05 12:24:00,405 - orchestrator - INFO - ✅ Auditoría creada: web para cliente ID 3 (Audit ID: 64)
2026-10-05 12:24:00,406 - orchestrator - INFO - ✅ Auditoría 64 actualizada - Score: 72/100
2026-10-05 12:24:00,406 - agents.multi_platform_auditor_agent - INFO -   ✅ web: 72/100
2026-10-05 12:24:00,407 - orchestrator - INFO - ✅ Auditoría creada: google_ads para cliente ID 3 (Audit ID: 65)
2026-10-05 12:24:00,408 - orchestrator - INFO - ✅ Auditoría 65 actualizada - Score: 88/100
2026-10-05 12:24:00,408 - agents.multi_platform_auditor_agent - INFO -   ✅ google_ads: 88/100
2026-10-05 12:24:00,409 - orchestrator - INFO - ✅ Auditoría creada: facebook_ads para cliente ID 3 (Audit ID: 66)
2026-10-05 12:24:00,410 - orchestrator - INFO - ✅ Auditoría 66 actualizada - Score: 97/100
2026-10-05 12:24:00,410 - agents.multi_platform_auditor_agent - INFO -   ✅ facebook_ads: 97/100
2026-10-05 12:24:00,410 - agents.multi_platform_auditor_agent - INFO -   💾 Guardando resultados - Score promedio: 85/100
2026-10-05 12:24:00,410 - main_orchestrator - INFO - ✅ Audit | Cliente ConsultorLabs
2026-10-05 12:24:00,410 - main_orchestrator - INFO - ✅ Lead Score | Raíces de Cauquenes: 81 🟢 ALTO
2026-10-05 12:24:00,411 - main_orchestrator - INFO - ✅ Lead Score | TechShop Premium: 83 🟢 ALTO
2026-10-05 12:24:00,411 - main_orchestrator - INFO - ✅ Lead Score | ConsultorLabs: 79 🟢 ALTO
2026-10-05 12:24:00,411 - agents.proposal_generator_agent - INFO - 📝 Generando propuesta para: Raíces de Cauquenes
2026-10-05 12:24:00,413 - orchestrator - INFO - ✅ Propuesta creada: ID 15 para cliente ID 1
2026-10-05 12:24:01,919 - weasyprint.progress - INFO - Step 2 - Fetching and parsing CSS - CSS string
2026-10-05 12:24:01,997 - weasyprint.progress - INFO - Step 2 - Fetching and parsing CSS - CSS string
2026-10-05 12:24:02,022 - weasyprint.progress - INFO - Step 2 - Fetching and parsing CSS - CSS string
2026-10-05 12:24:02,282 - weasyprint.progress - INFO - Step 1 - Fetching and parsing HTML - HTML string
2026-10-05 12:24:02,330 - weasyprint.progress - INFO - Step 2 - Fetching and parsing CSS - CSS string
2026-10-05 12:24:02,335 - weasyprint.progress - INFO - Step 3 - Applying CSS
2026-10-05 12:24:02,343 - weasyprint.progress - INFO - Step 4 - Creating formatting structure
2026-10-05 12:24:02,347 - weasyprint.progress - INFO - Step 5 - Creating layout - Page 1
2026-10-05 12:24:02,421 - weasyprint.progress - INFO - Step 5 - Creating layout - Page 2
2026-10-05 12:24:02,440 - weasyprint.progress - INFO - Step 6 - Creating PDF
2026-10-05 12:24:02,686 - weasyprint.progress - INFO - Step 7 - Adding PDF metadata
2026-10-05 12:24:02,686 - weasyprint - WARNING - Using fontTools instead of HarfBuzz-Subset for font "Inter". This will be unsupported in future versions of WeasyPrint. Please install HarfBuzz-Subset >= 4.1.0 with your package manager.
2026-10-05 12:24:02,688 - fontTools.subset - INFO - maxp pruned
2026-10-05 12:24:02,702 - fontTools.subset - INFO - cmap pruned
2026-10-05 12:24:02,702 - fontTools.subset - INFO - post pruned
2026-10-05 12:24:02,704 - fontTools.subset - INFO - CFF  pruned
2026-10-05 12:24:02,705 - fontTools.subset - INFO - GPOS dropped
2026-10-05 12:24:02,705 - fontTools.subset - INFO - GSUB dropped
2026-10-05 12:24:02,706 - fontTools.subset - INFO - Added .notdef to subset
2026-10-05 12:24:02,706 - fontTools.subset - INFO - Closing glyph list over 'CFF ': 43 glyphs before
2026-10-05 12:24:02,706 - fontTools.subset - INFO - Glyph names: ['.notdef', 'A', 'D', 'I', 'L', 'M', 'N', 'O', 'P', 'Q', 'R', 'S', 'T', 'a', 'c', 'colon', 'd', 'e', 'eacute', 'eight', 'five', 'g', 'i', 'iacute', 'j', 'l', 'm', 'n', 'o', 'oacute', 'p', 'percent', 'plus.case', 'question', 'questiondown', 'r', 's', 'six', 'space', 't', 'u', 'v', 'y']
2026-10-05 12:24:02,707 - fontTools.subset - INFO - Glyph IDs:   [0, 2, 84, 197, 282, 293, 301, 322, 376, 383, 385, 398, 412, 508, 587, 598, 615, 619, 659, 690, 701, 721, 738, 768, 775, 792, 798, 845, 854, 873, 891, 917, 982, 1000, 1349, 1351, 1353, 1433, 1436, 1507, 1537, 1738, 1771]
2026-10-05 12:24:02,710 - fontTools.subset - INFO - Closed glyph list over 'CFF ': 43 glyphs after
2026-10-05 12:24:02,710 - fontTools.subset - INFO - Glyph names: ['.notdef', 'A', 'D', 'I', 'L', 'M', 'N', 'O', 'P', 'Q', 'R', 'S', 'T', 'a', 'c', 'colon', 'd', 'e', 'eacute', 'eight', 'five', 'g', 'i', 'iacute', 'j', 'l', 'm', 'n', 'o', 'oacute', 'p', 'percent', 'plus.case', 'question', 'questiondown', 'r', 's', 'six', 'space', 't', 'u', 'v', 'y']
2026-10-05 12:24:02,710 - fontTools.subset - INFO - Glyph IDs:   [0, 2, 84, 197, 282, 293, 301, 322, 376, 383, 385, 398, 412, 508, 587, 598, 615, 619, 659, 690, 701, 721, 738, 768, 775, 792, 798, 845, 854, 873, 891, 917, 982, 1000, 1349, 1351, 1353, 1433, 1436, 1507, 1537, 1738, 1771]
2026-10-05 12:24:02,713 - fontTools.subset - INFO - Retaining 43 glyphs
2026-10-05 12:24:02,713 - fontTools.subset - INFO - head subsetting not needed
2026-10-05 12:24:02,714 - fontTools.subset - INFO - hhea subsetting not needed
2026-10-05 12:24:02,714 - fontTools.subset - INFO - maxp subsetting not needed
2026-10-05 12:24:02,714 - fontTools.subset - INFO - OS/2 subsetting not needed
2026-10-05 12:24:02,715 - fontTools.subset - INFO - cmap subsetted
2026-10-05 12:24:02,715 - fontTools.subset - INFO - post subsetted
2026-10-05 12:24:02,722 - fontTools.subset - INFO - CFF  subsetted
2026-10-05 12:24:02,724 - fontTools.subset - INFO - hmtx subsetted
2026-10-05 12:24:02,725 - fontTools.subset - INFO - GDEF subsetted
2026-10-05 12:24:02,725 - fontTools.subset - INFO - name subsetting not needed
2026-10-05 12:24:02,725 - fontTools.subset - INFO - head pruned
2026-10-05 12:24:02,726 - fontTools.subset - INFO - OS/2 Unicode ranges pruned: [0, 1, 60]
2026-10-05 12:24:02,726 - fontTools.subset - INFO - OS/2 CodePage ranges pruned: [0]
2026-10-05 12:24:02,760 - fontTools.subset - INFO - CFF  pruned
2026-10-05 12:24:02,760 - fontTools.subset - INFO - GDEF pruned
2026-10-05 12:24:02,761 - fontTools.subset - INFO - name pruned
2026-10-05 12:24:02,796 - weasyprint - WARNING - Using fontTools instead of HarfBuzz-Subset for font "Inter". This will be unsupported in future versions of WeasyPrint. Please install HarfBuzz-Subset >= 4.1.0 with your package manager.
2026-10-05 12:24:02,796 - fontTools.subset - INFO - maxp pruned
2026-10-05 12:24:02,822 - fontTools.subset - INFO - cmap pruned
2026-10-05 12:24:02,822 - fontTools.subset - INFO - post pruned
2026-10-05 12:24:02,824 - fontTools.subset - INFO - CFF  pruned
2026-10-05 12:24:02,824 - fontTools.subset - INFO - GPOS dropped
2026-10-05 12:24:02,824 - fontTools.subset - INFO - GSUB dropped
2026-10-05 12:24:02,826 - fontTools.subset - INFO - Added .notdef to subset
2026-10-05 12:24:02,826 - fontTools.subset - INFO - Closing glyph list over 'CFF ': 74 glyphs before
2026-10-05 12:24:02,826 - fontTools.subset - INFO - Glyph names: ['.notdef', 'A', 'B', 'C', 'D', 'E', 'F', 'G', 'M', 'P', 'Q', 'R', 'S', 'T', 'U', 'W', 'a', 'aacute', 'ampersand', 'arrowright.case', 'asciitilde.case', 'at', 'b', 'bar', 'bullet', 'c', 'colon', 'colon.case', 'comma', 'd', 'dollar', 'e', 'eacute', 'f', 'five', 'four', 'g', 'h', 'hyphen.case', 'i', 'iacute', 'j', 'k', 'l', 'm', 'n', 'nine', 'ntilde', 'o', 'oacute', 'one', 'p', 'parenleft', 'parenleft.case', 'parenright', 'period', 'plus.case', 'q', 'r', 's', 'six', 'slash', 'space', 'space.tf', 't', 'three', 'trademark', 'two', 'u', 'v', 'w', 'y', 'z', 'zero']
2026-10-05 12:24:02,829 - fontTools.subset - INFO - Glyph IDs:   [0, 2, 65, 73, 84, 95, 137, 141, 293, 376, 383, 385, 398, 412, 425, 460, 508, 509, 579, 587, 598, 615, 619, 648, 659, 671, 690, 701, 721, 729, 738, 768, 775, 776, 792, 798, 845, 851, 854, 873, 891, 917, 982, 986, 1000, 1024, 1311, 1343, 1344, 1345, 1347, 1348, 1349, 1351, 1354, 1424, 1427, 1439, 1440, 1447, 1448, 1457, 1458, 1466, 1473, 1503, 1504, 1507, 1508, 1537, 1543, 1555, 1771, 1823]
2026-10-05 12:24:02,835 - fontTools.subset - INFO - Closed glyph list over 'CFF ': 74 glyphs after
2026-10-05 12:24:02,835 - fontTools.subset - INFO - Glyph names: ['.notdef', 'A', 'B', 'C', 'D', 'E', 'F', 'G', 'M', 'P', 'Q', 'R', 'S', 'T', 'U', 'W', 'a', 'aacute', 'ampersand', 'arrowright.case', 'asciitilde.case', 'at', 'b', 'bar', 'bullet', 'c', 'colon', 'colon.case', 'comma', 'd', 'dollar', 'e', 'eacute', 'f', 'five', 'four', 'g', 'h', 'hyphen.case', 'i', 'iacute', 'j', 'k', 'l', 'm', 'n', 'nine', 'ntilde', 'o', 'oacute', 'one', 'p', 'parenleft', 'parenleft.case', 'parenright', 'period', 'plus.case', 'q', 'r', 's', 'six', 'slash', 'space', 'space.tf', 't', 'three', 'trademark', 'two', 'u', 'v', 'w', 'y', 'z', 'zero']
2026-10-05 12:24:02,835 - fontTools.subset - INFO - Glyph IDs:   [0, 2, 65, 73, 84, 95, 137, 141, 293, 376, 383, 385, 398, 412, 425, 460, 508, 509, 579, 587, 598, 615, 619, 648, 659, 671, 690, 701, 721, 729, 738, 768, 775, 776, 792, 798, 845, 851, 854, 873, 891, 917, 982, 986, 1000, 1024, 1311, 1343, 1344, 1345, 1347, 1348, 1349, 1351, 1354, 1424, 1427, 1439, 1440, 1447, 1448, 1457, 1458, 1466, 1473, 1503, 1504, 1507, 1508, 1537, 1543, 1555, 1771, 1823]
2026-10-05 12:24:02,838 - fontTools.subset - INFO - Retaining 74 glyphs
2026-10-05 12:24:02,838 - fontTools.subset - INFO - head subsetting not needed
2026-10-05 12:24:02,838 - fontTools.subset - INFO - hhea subsetting not needed
2026-10-05 12:24:02,838 - fontTools.subset - INFO - maxp subsetting not needed
2026-10-05 12:24:02,838 - fontTools.subset - INFO - OS/2 subsetting not needed
2026-10-05 12:24:02,839 - fontTools.subset - INFO - cmap subsetted
2026-10-05 12:24:02,839 - fontTools.subset - INFO - post subsetted
2026-10-05 12:24:02,847 - fontTools.subset - INFO - CFF  subsetted
2026-10-05 12:24:02,849 - fontTools.subset - INFO - hmtx subsetted
2026-10-05 12:24:02,850 - fontTools.subset - INFO - GDEF subsetted
2026-10-05 12:24:02,850 - fontTools.subset - INFO - name subsetting not needed
2026-10-05 12:24:02,850 - fontTools.subset - INFO - head pruned
2026-10-05 12:24:02,851 - fontTools.subset - INFO - OS/2 Unicode ranges pruned: [0, 1, 31, 35, 60]
2026-10-05 12:24:02,851 - fontTools.subset - INFO - OS/2 CodePage ranges pruned: [0]
2026-10-05 12:24:02,907 - fontTools.subset - INFO - CFF  pruned
2026-10-05 12:24:02,908 - fontTools.subset - INFO - GDEF pruned
2026-10-05 12:24:02,908 - fontTools.subset - INFO - name pruned
2026-10-05 12:24:02,955 - weasyprint - WARNING - Using fontTools instead of HarfBuzz-Subset for font "Noto Color Emoji". This will be unsupported in future versions of WeasyPrint. Please install HarfBuzz-Subset >= 4.1.0 with your package manager.
2026-10-05 12:24:02,956 - fontTools.subset - INFO - maxp pruned
2026-10-05 12:24:02,956 - fontTools.subset - INFO - cmap pruned
2026-10-05 12:24:02,956 - fontTools.subset - INFO - post pruned
2026-10-05 12:24:02,958 - fontTools.subset - INFO - GSUB dropped
2026-10-05 12:24:02,983 - fontTools.subset - INFO - Added .notdef to subset
2026-10-05 12:24:02,985 - fontTools.subset - INFO - Retaining 3 glyphs
2026-10-05 12:24:02,986 - fontTools.subset - INFO - head subsetting not needed
2026-10-05 12:24:02,986 - fontTools.subset - INFO - hhea subsetting not needed
2026-10-05 12:24:02,986 - fontTools.subset - INFO - maxp subsetting not needed
2026-10-05 12:24:02,986 - fontTools.subset - INFO - OS/2 subsetting not needed
2026-10-05 12:24:02,988 - fontTools.subset - INFO - hmtx subsetted
2026-10-05 12:24:02,988 - fontTools.subset - INFO - cmap subsetted
2026-10-05 12:24:02,988 - fontTools.subset - INFO - post subsetted
2026-10-05 12:24:03,122 - fontTools.subset - INFO - CBDT subsetted
2026-10-05 12:24:03,122 - fontTools.subset - INFO - CBLC subsetted
2026-10-05 12:24:03,122 - fontTools.subset - INFO - vhea subsetting not needed
2026-10-05 12:24:03,123 - fontTools.subset - INFO - vmtx subsetted
2026-10-05 12:24:03,123 - fontTools.subset - INFO - name subsetting not needed
2026-10-05 12:24:03,123 - fontTools.subset - INFO - head pruned
2026-10-05 12:24:03,124 - fontTools.subset - INFO - OS/2 Unicode ranges pruned: []
2026-10-05 12:24:03,124 - fontTools.subset - INFO - name pruned
2026-10-05 12:24:03,134 - weasyprint - WARNING - Using fontTools instead of HarfBuzz-Subset for font "Noto Color Emoji". This will be unsupported in future versions of WeasyPrint. Please install HarfBuzz-Subset >= 4.1.0 with your package manager.
2026-10-05 12:24:03,134 - fontTools.subset - INFO - maxp pruned
2026-10-05 12:24:03,134 - fontTools.subset - INFO - cmap pruned
2026-10-05 12:24:03,135 - fontTools.subset - INFO - post pruned
2026-10-05 12:24:03,135 - fontTools.subset - INFO - GSUB dropped
2026-10-05 12:24:03,139 - fontTools.subset - INFO - Added .notdef to subset
2026-10-05 12:24:03,140 - fontTools.subset - INFO - Retaining 2 glyphs
2026-10-05 12:24:03,140 - fontTools.subset - INFO - head subsetting not needed
2026-10-05 12:24:03,140 - fontTools.subset - INFO - hhea subsetting not needed
2026-10-05 12:24:03,141 - fontTools.subset - INFO - maxp subsetting not needed
2026-10-05 12:24:03,141 - fontTools.subset - INFO - OS/2 subsetting not needed
2026-10-05 12:24:03,142 - fontTools.subset - INFO - hmtx subsetted
2026-10-05 12:24:03,142 - fontTools.subset - INFO - cmap subsetted
2026-10-05 12:24:03,142 - fontTools.subset - INFO - post subsetted
2026-10-05 12:24:03,185 - fontTools.subset - INFO - CBDT subsetted
2026-10-05 12:24:03,185 - fontTools.subset - INFO - CBLC subsetted
2026-10-05 12:24:03,185 - fontTools.subset - INFO - vhea subsetting not needed
2026-10-05 12:24:03,186 - fontTools.subset - INFO - vmtx subsetted
2026-10-05 12:24:03,186 - fontTools.subset - INFO - name subsetting not needed
2026-10-05 12:24:03,186 - fontTools.subset - INFO - head pruned
2026-10-05 12:24:03,187 - fontTools.subset - INFO - OS/2 Unicode ranges pruned: []
2026-10-05 12:24:03,187 - fontTools.subset - INFO - name pruned
2026-10-05 12:24:03,201 - agents.proposal_generator_agent - INFO - ✅ PDF generado: data/proposals/PROPUESTA_Raíces_de_Cauquenes_15.pdf
2026-10-05 12:24:03,205 - orchestrator - INFO - ✅ Archivos de propuesta 15 actualizados
2026-10-05 12:24:03,205 - agents.proposal_generator_agent - INFO - ✅ Propuesta generada: ID 15
2026-10-05 12:24:03,205 - main_orchestrator - INFO - ✅ Proposal Gen | Raíces de Cauquenes (ID: 15)
2026-10-05 12:24:03,205 - agents.proposal_generator_agent - INFO - 📝 Generando propuesta para: TechShop Premium
2026-10-05 12:24:03,206 - orchestrator - INFO - ✅ Propuesta creada: ID 16 para cliente ID 2
2026-10-05 12:24:03,206 - weasyprint.progress - INFO - Step 1 - Fetching and parsing HTML - HTML string
2026-10-05 12:24:03,234 - weasyprint.progress - INFO - Step 2 - Fetching and parsing CSS - CSS string
2026-10-05 12:24:03,237 - weasyprint.progress - INFO - Step 3 - Applying CSS
2026-10-05 12:24:03,239 - weasyprint.progress - INFO - Step 4 - Creating formatting structure
2026-10-05 12:24:03,241 - weasyprint.progress - INFO - Step 5 - Creating layout - Page 1
2026-10-05 12:24:03,273 - weasyprint.progress - INFO - Step 5 - Creating layout - Page 2
2026-10-05 12:24:03,287 - weasyprint.progress - INFO - Step 6 - Creating PDF
2026-10-05 12:24:03,316 - weasyprint.progress - INFO - Step 7 - Adding PDF metadata
2026-10-05 12:24:03,316 - weasyprint - WARNING - Using fontTools instead of HarfBuzz-Subset for font "Inter". This will be unsupported in future versions of WeasyPrint. Please install HarfBuzz-Subset >= 4.1.0 with your package manager.
2026-10-05 12:24:03,317 - fontTools.subset - INFO - maxp pruned
2026-10-05 12:24:03,322 - fontTools.subset - INFO - cmap pruned
2026-10-05 12:24:03,322 - fontTools.subset - INFO - post pruned
2026-10-05 12:24:03,323 - fontTools.subset - INFO - CFF  pruned
2026-10-05 12:24:03,323 - fontTools.subset - INFO - GPOS dropped
2026-10-05 12:24:03,323 - fontTools.subset - INFO - GSUB dropped
2026-10-05 12:24:03,324 - fontTools.subset - INFO - Added .notdef to subset
2026-10-05 12:24:03,324 - fontTools.subset - INFO - Closing glyph list over 'CFF ': 45 glyphs before
2026-10-05 12:24:03,324 - fontTools.subset - INFO - Glyph names: ['.notdef', 'A', 'D', 'I', 'L', 'M', 'N', 'O', 'P', 'Q', 'R', 'S', 'T', 'a', 'c', 'colon', 'd', 'e', 'eacute', 'eight', 'five', 'g', 'i', 'iacute', 'j', 'l', 'm', 'n', 'o', 'oacute', 'p', 'percent', 'plus.case', 'question', 'questiondown', 'r', 's', 'six', 'space', 't', 'two', 'u', 'v', 'y', 'zero']
2026-10-05 12:24:03,324 - fontTools.subset - INFO - Glyph IDs:   [0, 2, 84, 197, 282, 293, 301, 322, 376, 383, 385, 398, 412, 508, 587, 598, 615, 619, 659, 690, 701, 721, 738, 768, 775, 792, 798, 845, 854, 873, 891, 917, 982, 1000, 1343, 1345, 1349, 1351, 1353, 1433, 1436, 1507, 1537, 1738, 1771]
2026-10-05 12:24:03,327 - fontTools.subset - INFO - Closed glyph list over 'CFF ': 45 glyphs after
2026-10-05 12:24:03,327 - fontTools.subset - INFO - Glyph names: ['.notdef', 'A', 'D', 'I', 'L', 'M', 'N', 'O', 'P', 'Q', 'R', 'S', 'T', 'a', 'c', 'colon', 'd', 'e', 'eacute', 'eight', 'five', 'g', 'i', 'iacute', 'j', 'l', 'm', 'n', 'o', 'oacute', 'p', 'percent', 'plus.case', 'question', 'questiondown', 'r', 's', 'six', 'space', 't', 'two', 'u', 'v', 'y', 'zero']
2026-10-05 12:24:03,327 - fontTools.subset - INFO - Glyph IDs:   [0, 2, 84, 197, 282, 293, 301, 322, 376, 383, 385, 398, 412, 508, 587, 598, 615, 619, 659, 690, 701, 721, 738, 768, 775, 792, 798, 845, 854, 873, 891, 917, 982, 1000, 1343, 1345, 1349, 1351, 1353, 1433, 1436, 1507, 1537, 1738, 1771]
2026-10-05 12:24:03,328 - fontTools.subset - INFO - Retaining 45 glyphs
2026-10-05 12:24:03,328 - fontTools.subset - INFO - head subsetting not needed
2026-10-05 12:24:03,328 - fontTools.subset - INFO - hhea subsetting not needed
2026-10-05 12:24:03,328 - fontTools.subset - INFO - maxp subsetting not needed
2026-10-05 12:24:03,328 - fontTools.subset - INFO - OS/2 subsetting not needed
2026-10-05 12:24:03,329 - fontTools.subset - INFO - cmap subsetted
2026-10-05 12:24:03,329 - fontTools.subset - INFO - post subsetted
2026-10-05 12:24:03,334 - fontTools.subset - INFO - CFF  subsetted
2026-10-05 12:24:03,335 - fontTools.subset - INFO - hmtx subsetted
2026-10-05 12:24:03,336 - fontTools.subset - INFO - GDEF subsetted
2026-10-05 12:24:03,336 - fontTools.subset - INFO - name subsetting not needed
2026-10-05 12:24:03,337 - fontTools.subset - INFO - head pruned
2026-10-05 12:24:03,337 - fontTools.subset - INFO - OS/2 Unicode ranges pruned: [0, 1, 60]
2026-10-05 12:24:03,337 - fontTools.subset - INFO - OS/2 CodePage ranges pruned: [0]
2026-10-05 12:24:03,367 - fontTools.subset - INFO - CFF  pruned
2026-10-05 12:24:03,367 - fontTools.subset - INFO - GDEF pruned
2026-10-05 12:24:03,367 - fontTools.subset - INFO - name pruned
2026-10-05 12:24:03,404 - weasyprint - WARNING - Using fontTools instead of HarfBuzz-Subset for font "Inter". This will be unsupported in future versions of WeasyPrint. Please install HarfBuzz-Subset >= 4.1.0 with your package manager.
2026-10-05 12:24:03,404 - fontTools.subset - INFO - maxp pruned
2026-10-05 12:24:03,409 - fontTools.subset - INFO - cmap pruned
2026-10-05 12:24:03,410 - fontTools.subset - INFO - post pruned
2026-10-05 12:24:03,411 - fontTools.subset - INFO - CFF  pruned
2026-10-05 12:24:03,412 - fontTools.subset - INFO - GPOS dropped
2026-10-05 12:24:03,412 - fontTools.subset - INFO - GSUB dropped
2026-10-05 12:24:03,412 - fontTools.subset - INFO - Added .notdef to subset
2026-10-05 12:24:03,412 - fontTools.subset - INFO - Closing glyph list over 'CFF ': 73 glyphs before
2026-10-05 12:24:03,412 - fontTools.subset - INFO - Glyph names: ['.notdef', 'A', 'B', 'C', 'D', 'E', 'F', 'G', 'M', 'P', 'Q', 'R', 'S', 'T', 'U', 'W', 'a', 'aacute', 'ampersand', 'arrowright.case', 'asciitilde.case', 'at', 'b', 'bar', 'bullet', 'c', 'colon', 'colon.case', 'comma', 'd', 'dollar', 'e', 'eacute', 'eight', 'f', 'five', 'four', 'g', 'h', 'hyphen.case', 'i', 'iacute', 'j', 'k', 'l', 'm', 'n', 'ntilde', 'o', 'oacute', 'one', 'p', 'parenleft', 'parenleft.case', 'parenright', 'period', 'plus.case', 'r', 's', 'six', 'slash', 'space', 'space.tf', 't', 'three', 'trademark', 'two', 'u', 'v', 'w', 'y', 'z', 'zero']
2026-10-05 12:24:03,413 - fontTools.subset - INFO - Glyph IDs:   [0, 2, 65, 73, 84, 95, 137, 141, 293, 376, 383, 385, 398, 412, 425, 460, 508, 509, 579, 587, 598, 615, 619, 648, 659, 671, 690, 701, 721, 729, 738, 768, 775, 776, 792, 798, 845, 854, 873, 891, 917, 982, 986, 1000, 1024, 1311, 1343, 1344, 1345, 1347, 1348, 1349, 1351, 1353, 1424, 1427, 1439, 1440, 1447, 1448, 1457, 1458, 1466, 1473, 1503, 1504, 1507, 1508, 1537, 1543, 1555, 1771, 1823]
2026-10-05 12:24:03,416 - fontTools.subset - INFO - Closed glyph list over 'CFF ': 73 glyphs after
2026-10-05 12:24:03,416 - fontTools.subset - INFO - Glyph names: ['.notdef', 'A', 'B', 'C', 'D', 'E', 'F', 'G', 'M', 'P', 'Q', 'R', 'S', 'T', 'U', 'W', 'a', 'aacute', 'ampersand', 'arrowright.case', 'asciitilde.case', 'at', 'b', 'bar', 'bullet', 'c', 'colon', 'colon.case', 'comma', 'd', 'dollar', 'e', 'eacute', 'eight', 'f', 'five', 'four', 'g', 'h', 'hyphen.case', 'i', 'iacute', 'j', 'k', 'l', 'm', 'n', 'ntilde', 'o', 'oacute', 'one', 'p', 'parenleft', 'parenleft.case', 'parenright', 'period', 'plus.case', 'r', 's', 'six', 'slash', 'space', 'space.tf', 't', 'three', 'trademark', 'two', 'u', 'v', 'w', 'y', 'z', 'zero']
2026-10-05 12:24:03,417 - fontTools.subset - INFO - Glyph IDs:   [0, 2, 65, 73, 84, 95, 137, 141, 293, 376, 383, 385, 398, 412, 425, 460, 508, 509, 579, 587, 598, 615, 619, 648, 659, 671, 690, 701, 721, 729, 738, 768, 775, 776, 792, 798, 845, 854, 873, 891, 917, 982, 986, 1000, 1024, 1311, 1343, 1344, 1345, 1347, 1348, 1349, 1351, 1353, 1424, 1427, 1439, 1440, 1447, 1448, 1457, 1458, 1466, 1473, 1503, 1504, 1507, 1508, 1537, 1543, 1555, 1771, 1823]
2026-10-05 12:24:03,418 - fontTools.subset - INFO - Retaining 73 glyphs
2026-10-05 12:24:03,418 - fontTools.subset - INFO - head subsetting not needed
2026-10-05 12:24:03,418 - fontTools.subset - INFO - hhea subsetting not needed
2026-10-05 12:24:03,418 - fontTools.subset - INFO - maxp subsetting not needed
2026-10-05 12:24:03,418 - fontTools.subset - INFO - OS/2 subsetting not needed
2026-10-05 12:24:03,419 - fontTools.subset - INFO - cmap subsetted
2026-10-05 12:24:03,419 - fontTools.subset - INFO - post subsetted
2026-10-05 12:24:03,424 - fontTools.subset - INFO - CFF  subsetted
2026-10-05 12:24:03,425 - fontTools.subset - INFO - hmtx subsetted
2026-10-05 12:24:03,426 - fontTools.subset - INFO - GDEF subsetted
2026-10-05 12:24:03,426 - fontTools.subset - INFO - name subsetting not needed
2026-10-05 12:24:03,426 - fontTools.subset - INFO - head pruned
2026-10-05 12:24:03,426 - fontTools.subset - INFO - OS/2 Unicode ranges pruned: [0, 1, 31, 35, 60]
2026-10-05 12:24:03,427 - fontTools.subset - INFO - OS/2 CodePage ranges pruned: [0]
2026-10-05 12:24:03,461 - fontTools.subset - INFO - CFF  pruned
2026-10-05 12:24:03,462 - fontTools.subset - INFO - GDEF pruned
2026-10-05 12:24:03,462 - fontTools.subset - INFO - name pruned
2026-10-05 12:24:03,506 - weasyprint - WARNING - Using fontTools instead of HarfBuzz-Subset for font "Noto Color Emoji". This will be unsupported in future versions of WeasyPrint. Please install HarfBuzz-Subset >= 4.1.0 with your package manager.
2026-10-05 12:24:03,506 - fontTools.subset - INFO - maxp pruned
2026-10-05 12:24:03,507 - fontTools.subset - INFO - cmap pruned
2026-10-05 12:24:03,507 - fontTools.subset - INFO - post pruned
2026-10-05 12:24:03,507 - fontTools.subset - INFO - GSUB dropped
2026-10-05 12:24:03,511 - fontTools.subset - INFO - Added .notdef to subset
2026-10-05 12:24:03,512 - fontTools.subset - INFO - Retaining 3 glyphs
2026-10-05 12:24:03,512 - fontTools.subset - INFO - head subsetting not needed
2026-10-05 12:24:03,512 - fontTools.subset - INFO - hhea subsetting not needed
2026-10-05 12:24:03,512 - fontTools.subset - INFO - maxp subsetting not needed
2026-10-05 12:24:03,513 - fontTools.subset - INFO - OS/2 subsetting not needed
2026-10-05 12:24:03,514 - fontTools.subset - INFO - hmtx subsetted
2026-10-05 12:24:03,514 - fontTools.subset - INFO - cmap subsetted
2026-10-05 12:24:03,514 - fontTools.subset - INFO - post subsetted
2026-10-05 12:24:03,645 - fontTools.subset - INFO - CBDT subsetted
2026-10-05 12:24:03,646 - fontTools.subset - INFO - CBLC subsetted
2026-10-05 12:24:03,646 - fontTools.subset - INFO - vhea subsetting not needed
2026-10-05 12:24:03,648 - fontTools.subset - INFO - vmtx subsetted
2026-10-05 12:24:03,648 - fontTools.subset - INFO - name subsetting not needed
2026-10-05 12:24:03,648 - fontTools.subset - INFO - head pruned
2026-10-05 12:24:03,649 - fontTools.subset - INFO - OS/2 Unicode ranges pruned: []
2026-10-05 12:24:03,649 - fontTools.subset - INFO - name pruned
2026-10-05 12:24:03,658 - weasyprint - WARNING - Using fontTools instead of HarfBuzz-Subset for font "Noto Color Emoji". This will be unsupported in future versions of WeasyPrint. Please install HarfBuzz-Subset >= 4.1.0 with your package manager.
2026-10-05 12:24:03,658 - fontTools.subset - INFO - maxp pruned
2026-10-05 12:24:03,658 - fontTools.subset - INFO - cmap pruned
2026-10-05 12:24:03,658 - fontTools.subset - INFO - post pruned
2026-10-05 12:24:03,658 - fontTools.subset - INFO - GSUB dropped
2026-10-05 12:24:03,662 - fontTools.subset - INFO - Added .notdef to subset
2026-10-05 12:24:03,663 - fontTools.subset - INFO - Retaining 2 glyphs
2026-10-05 12:24:03,664 - fontTools.subset - INFO - head subsetting not needed
2026-10-05 12:24:03,664 - fontTools.subset - INFO - hhea subsetting not needed
2026-10-05 12:24:03,664 - fontTools.subset - INFO - maxp subsetting not needed
2026-10-05 12:24:03,664 - fontTools.subset - INFO - OS/2 subsetting not needed
2026-10-05 12:24:03,665 - fontTools.subset - INFO - hmtx subsetted
2026-10-05 12:24:03,665 - fontTools.subset - INFO - cmap subsetted
2026-10-05 12:24:03,665 - fontTools.subset - INFO - post subsetted
2026-10-05 12:24:03,730 - fontTools.subset - INFO - CBDT subsetted
2026-10-05 12:24:03,730 - fontTools.subset - INFO - CBLC subsetted
2026-10-05 12:24:03,730 - fontTools.subset - INFO - vhea subsetting not needed
2026-10-05 12:24:03,731 - fontTools.subset - INFO - vmtx subsetted
2026-10-05 12:24:03,731 - fontTools.subset - INFO - name subsetting not needed
2026-10-05 12:24:03,731 - fontTools.subset - INFO - head pruned
2026-10-05 12:24:03,732 - fontTools.subset - INFO - OS/2 Unicode ranges pruned: []
2026-10-05 12:24:03,732 - fontTools.subset - INFO - name pruned
2026-10-05 12:24:03,749 - agents.proposal_generator_agent - INFO - ✅ PDF generado: data/proposals/PROPUESTA_TechShop_Premium_16.pdf
2026-10-05 12:24:03,751 - orchestrator - INFO - ✅ Archivos de propuesta 16 actualizados
2026-10-05 12:24:03,751 - agents.proposal_generator_agent - INFO - ✅ Propuesta generada: ID 16
2026-10-05 12:24:03,752 - main_orchestrator - INFO - ✅ Proposal Gen | TechShop Premium (ID: 16)
2026-10-05 12:24:03,752 - agents.proposal_generator_agent - INFO - 📝 Generando propuesta para: ConsultorLabs
2026-10-05 12:24:03,753 - orchestrator - INFO - ✅ Propuesta creada: ID 17 para cliente ID 3
2026-10-05 12:24:03,753 - weasyprint.progress - INFO - Step 1 - Fetching and parsing HTML - HTML string
2026-10-05 12:24:03,784 - weasyprint.progress - INFO - Step 2 - Fetching and parsing CSS - CSS string
2026-10-05 12:24:03,787 - weasyprint.progress - INFO - Step 3 - Applying CSS
2026-10-05 12:24:03,791 - weasyprint.progress - INFO - Step 4 - Creating formatting structure
2026-10-05 12:24:03,795 - weasyprint.progress - INFO - Step 5 - Creating layout - Page 1
2026-10-05 12:24:03,834 - weasyprint.progress - INFO - Step 5 - Creating layout - Page 2
2026-10-05 12:24:03,848 - weasyprint.progress - INFO - Step 6 - Creating PDF
2026-10-05 12:24:03,879 - weasyprint.progress - INFO - Step 7 - Adding PDF metadata
2026-10-05 12:24:03,879 - weasyprint - WARNING - Using fontTools instead of HarfBuzz-Subset for font "Inter". This will be unsupported in future versions of WeasyPrint. Please install HarfBuzz-Subset >= 4.1.0 with your package manager.
2026-10-05 12:24:03,880 - fontTools.subset - INFO - maxp pruned
2026-10-05 12:24:03,885 - fontTools.subset - INFO - cmap pruned
2026-10-05 12:24:03,885 - fontTools.subset - INFO - post pruned
2026-10-05 12:24:03,886 - fontTools.subset - INFO - CFF  pruned
2026-10-05 12:24:03,886 - fontTools.subset - INFO - GPOS dropped
2026-10-05 12:24:03,886 - fontTools.subset - INFO - GSUB dropped
2026-10-05 12:24:03,887 - fontTools.subset - INFO - Added .notdef to subset
2026-10-05 12:24:03,887 - fontTools.subset - INFO - Closing glyph list over 'CFF ': 45 glyphs before
2026-10-05 12:24:03,887 - fontTools.subset - INFO - Glyph names: ['.notdef', 'A', 'D', 'I', 'L', 'M', 'N', 'O', 'P', 'Q', 'R', 'S', 'T', 'a', 'c', 'colon', 'd', 'e', 'eacute', 'eight', 'five', 'g', 'i', 'iacute', 'j', 'l', 'm', 'n', 'o', 'oacute', 'p', 'percent', 'plus.case', 'question', 'questiondown', 'r', 's', 'six', 'space', 't', 'two', 'u', 'v', 'y', 'zero']
2026-10-05 12:24:03,887 - fontTools.subset - INFO - Glyph IDs:   [0, 2, 84, 197, 282, 293, 301, 322, 376, 383, 385, 398, 412, 508, 587, 598, 615, 619, 659, 690, 701, 721, 738, 768, 775, 792, 798, 845, 854, 873, 891, 917, 982, 1000, 1343, 1345, 1349, 1351, 1353, 1433, 1436, 1507, 1537, 1738, 1771]
2026-10-05 12:24:03,890 - fontTools.subset - INFO - Closed glyph list over 'CFF ': 45 glyphs after
2026-10-05 12:24:03,890 - fontTools.subset - INFO - Glyph names: ['.notdef', 'A', 'D', 'I', 'L', 'M', 'N', 'O', 'P', 'Q', 'R', 'S', 'T', 'a', 'c', 'colon', 'd', 'e', 'eacute', 'eight', 'five', 'g', 'i', 'iacute', 'j', 'l', 'm', 'n', 'o', 'oacute', 'p', 'percent', 'plus.case', 'question', 'questiondown', 'r', 's', 'six', 'space', 't', 'two', 'u', 'v', 'y', 'zero']
2026-10-05 12:24:03,890 - fontTools.subset - INFO - Glyph IDs:   [0, 2, 84, 197, 282, 293, 301, 322, 376, 383, 385, 398, 412, 508, 587, 598, 615, 619, 659, 690, 701, 721, 738, 768, 775, 792, 798, 845, 854, 873, 891, 917, 982, 1000, 1343, 1345, 1349, 1351, 1353, 1433, 1436, 1507, 1537, 1738, 1771]
2026-10-05 12:24:03,891 - fontTools.subset - INFO - Retaining 45 glyphs
2026-10-05 12:24:03,891 - fontTools.subset - INFO - head subsetting not needed
2026-10-05 12:24:03,891 - fontTools.subset - INFO - hhea subsetting not needed
2026-10-05 12:24:03,891 - fontTools.subset - INFO - maxp subsetting not needed
2026-10-05 12:24:03,891 - fontTools.subset - INFO - OS/2 subsetting not needed
2026-10-05 12:24:03,892 - fontTools.subset - INFO - cmap subsetted
2026-10-05 12:24:03,892 - fontTools.subset - INFO - post subsetted
2026-10-05 12:24:03,896 - fontTools.subset - INFO - CFF  subsetted
2026-10-05 12:24:03,897 - fontTools.subset - INFO - hmtx subsetted
2026-10-05 12:24:03,898 - fontTools.subset - INFO - GDEF subsetted
2026-10-05 12:24:03,898 - fontTools.subset - INFO - name subsetting not needed
2026-10-05 12:24:03,898 - fontTools.subset - INFO - head pruned
2026-10-05 12:24:03,898 - fontTools.subset - INFO - OS/2 Unicode ranges pruned: [0, 1, 60]
2026-10-05 12:24:03,899 - fontTools.subset - INFO - OS/2 CodePage ranges pruned: [0]
2026-10-05 12:24:03,935 - fontTools.subset - INFO - CFF  pruned
2026-10-05 12:24:03,936 - fontTools.subset - INFO - GDEF pruned
2026-10-05 12:24:03,936 - fontTools.subset - INFO - name pruned
2026-10-05 12:24:03,988 - weasyprint - WARNING - Using fontTools instead of HarfBuzz-Subset for font "Inter". This will be unsupported in future versions of WeasyPrint. Please install HarfBuzz-Subset >= 4.1.0 with your package manager.
2026-10-05 12:24:03,988 - fontTools.subset - INFO - maxp pruned
2026-10-05 12:24:03,996 - fontTools.subset - INFO - cmap pruned
2026-10-05 12:24:03,996 - fontTools.subset - INFO - post pruned
2026-10-05 12:24:03,997 - fontTools.subset - INFO - CFF  pruned
2026-10-05 12:24:03,997 - fontTools.subset - INFO - GPOS dropped
2026-10-05 12:24:03,997 - fontTools.subset - INFO - GSUB dropped
2026-10-05 12:24:03,998 - fontTools.subset - INFO - Added .notdef to subset
2026-10-05 12:24:03,998 - fontTools.subset - INFO - Closing glyph list over 'CFF ': 73 glyphs before
2026-10-05 12:24:03,998 - fontTools.subset - INFO - Glyph names: ['.notdef', 'A', 'B', 'C', 'D', 'E', 'F', 'G', 'L', 'M', 'P', 'Q', 'R', 'S', 'T', 'U', 'W', 'a', 'aacute', 'ampersand', 'arrowright.case', 'asciitilde.case', 'at', 'b', 'bar', 'bullet', 'c', 'colon', 'colon.case', 'comma', 'd', 'dollar', 'e', 'eacute', 'f', 'five', 'four', 'g', 'h', 'hyphen.case', 'i', 'iacute', 'j', 'k', 'l', 'm', 'n', 'ntilde', 'o', 'oacute', 'one', 'p', 'parenleft', 'parenleft.case', 'parenright', 'period', 'plus.case', 'r', 's', 'six', 'slash', 'space', 'space.tf', 't', 'three', 'trademark', 'two', 'u', 'v', 'w', 'y', 'z', 'zero']
2026-10-05 12:24:03,998 - fontTools.subset - INFO - Glyph IDs:   [0, 2, 65, 73, 84, 95, 137, 141, 282, 293, 376, 383, 385, 398, 412, 425, 460, 508, 509, 579, 587, 598, 615, 619, 648, 659, 671, 690, 701, 721, 729, 738, 768, 775, 776, 792, 798, 845, 854, 873, 891, 917, 982, 986, 1000, 1024, 1311, 1343, 1344, 1345, 1347, 1348, 1349, 1351, 1424, 1427, 1439, 1440, 1447, 1448, 1457, 1458, 1466, 1473, 1503, 1504, 1507, 1508, 1537, 1543, 1555, 1771, 1823]
2026-10-05 12:24:04,001 - fontTools.subset - INFO - Closed glyph list over 'CFF ': 73 glyphs after
2026-10-05 12:24:04,001 - fontTools.subset - INFO - Glyph names: ['.notdef', 'A', 'B', 'C', 'D', 'E', 'F', 'G', 'L', 'M', 'P', 'Q', 'R', 'S', 'T', 'U', 'W', 'a', 'aacute', 'ampersand', 'arrowright.case', 'asciitilde.case', 'at', 'b', 'bar', 'bullet', 'c', 'colon', 'colon.case', 'comma', 'd', 'dollar', 'e', 'eacute', 'f', 'five', 'four', 'g', 'h', 'hyphen.case', 'i', 'iacute', 'j', 'k', 'l', 'm', 'n', 'ntilde', 'o', 'oacute', 'one', 'p', 'parenleft', 'parenleft.case', 'parenright', 'period', 'plus.case', 'r', 's', 'six', 'slash', 'space', 'space.tf', 't', 'three', 'trademark', 'two', 'u', 'v', 'w', 'y', 'z', 'zero']
2026-10-05 12:24:04,002 - fontTools.subset - INFO - Glyph IDs:   [0, 2, 65, 73, 84, 95, 137, 141, 282, 293, 376, 383, 385, 398, 412, 425, 460, 508, 509, 579, 587, 598, 615, 619, 648, 659, 671, 690, 701, 721, 729, 738, 768, 775, 776, 792, 798, 845, 854, 873, 891, 917, 982, 986, 1000, 1024, 1311, 1343, 1344, 1345, 1347, 1348, 1349, 1351, 1424, 1427, 1439, 1440, 1447, 1448, 1457, 1458, 1466, 1473, 1503, 1504, 1507, 1508, 1537, 1543, 1555, 1771, 1823]
2026-10-05 12:24:04,003 - fontTools.subset - INFO - Retaining 73 glyphs
2026-10-05 12:24:04,003 - fontTools.subset - INFO - head subsetting not needed
2026-10-05 12:24:04,003 - fontTools.subset - INFO - hhea subsetting not needed
2026-10-05 12:24:04,003 - fontTools.subset - INFO - maxp subsetting not needed
2026-10-05 12:24:04,003 - fontTools.subset - INFO - OS/2 subsetting not needed
2026-10-05 12:24:04,004 - fontTools.subset - INFO - cmap subsetted
2026-10-05 12:24:04,004 - fontTools.subset - INFO - post subsetted
2026-10-05 12:24:04,008 - fontTools.subset - INFO - CFF  subsetted
2026-10-05 12:24:04,009 - fontTools.subset - INFO - hmtx subsetted
2026-10-05 12:24:04,010 - fontTools.subset - INFO - GDEF subsetted
2026-10-05 12:24:04,010 - fontTools.subset - INFO - name subsetting not needed
2026-10-05 12:24:04,010 - fontTools.subset - INFO - head pruned
2026-10-05 12:24:04,011 - fontTools.subset - INFO - OS/2 Unicode ranges pruned: [0, 1, 31, 35, 60]
2026-10-05 12:24:04,011 - fontTools.subset - INFO - OS/2 CodePage ranges pruned: [0]
2026-10-05 12:24:04,036 - fontTools.subset - INFO - CFF  pruned
2026-10-05 12:24:04,036 - fontTools.subset - INFO - GDEF pruned
2026-10-05 12:24:04,037 - fontTools.subset - INFO - name pruned
2026-10-05 12:24:04,085 - weasyprint - WARNING - Using fontTools instead of HarfBuzz-Subset for font "Noto Color Emoji". This will be unsupported in future versions of WeasyPrint. Please install HarfBuzz-Subset >= 4.1.0 with your package manager.
2026-10-05 12:24:04,086 - fontTools.subset - INFO - maxp pruned
2026-10-05 12:24:04,086 - fontTools.subset - INFO - cmap pruned
2026-10-05 12:24:04,086 - fontTools.subset - INFO - post pruned
2026-10-05 12:24:04,087 - fontTools.subset - INFO - GSUB dropped
2026-10-05 12:24:04,094 - fontTools.subset - INFO - Added .notdef to subset
2026-10-05 12:24:04,097 - fontTools.subset - INFO - Retaining 3 glyphs
2026-10-05 12:24:04,097 - fontTools.subset - INFO - head subsetting not needed
2026-10-05 12:24:04,097 - fontTools.subset - INFO - hhea subsetting not needed
2026-10-05 12:24:04,097 - fontTools.subset - INFO - maxp subsetting not needed
2026-10-05 12:24:04,098 - fontTools.subset - INFO - OS/2 subsetting not needed
2026-10-05 12:24:04,099 - fontTools.subset - INFO - hmtx subsetted
2026-10-05 12:24:04,100 - fontTools.subset - INFO - cmap subsetted
2026-10-05 12:24:04,100 - fontTools.subset - INFO - post subsetted
2026-10-05 12:24:04,126 - fontTools.subset - INFO - CBDT subsetted
2026-10-05 12:24:04,126 - fontTools.subset - INFO - CBLC subsetted
2026-10-05 12:24:04,126 - fontTools.subset - INFO - vhea subsetting not needed
2026-10-05 12:24:04,128 - fontTools.subset - INFO - vmtx subsetted
2026-10-05 12:24:04,128 - fontTools.subset - INFO - name subsetting not needed
2026-10-05 12:24:04,128 - fontTools.subset - INFO - head pruned
2026-10-05 12:24:04,128 - fontTools.subset - INFO - OS/2 Unicode ranges pruned: []
2026-10-05 12:24:04,129 - fontTools.subset - INFO - name pruned
2026-10-05 12:24:04,144 - weasyprint - WARNING - Using fontTools instead of HarfBuzz-Subset for font "Noto Color Emoji". This will be unsupported in future versions of WeasyPrint. Please install HarfBuzz-Subset >= 4.1.0 with your package manager.
2026-10-05 12:24:04,144 - fontTools.subset - INFO - maxp pruned
2026-10-05 12:24:04,145 - fontTools.subset - INFO - cmap pruned
2026-10-05 12:24:04,145 - fontTools.subset - INFO - post pruned
2026-10-05 12:24:04,145 - fontTools.subset - INFO - GSUB dropped
2026-10-05 12:24:04,151 - fontTools.subset - INFO - Added .notdef to subset
2026-10-05 12:24:04,153 - fontTools.subset - INFO - Retaining 2 glyphs
2026-10-05 12:24:04,153 - fontTools.subset - INFO - head subsetting not needed
2026-10-05 12:24:04,153 - fontTools.subset - INFO - hhea subsetting not needed
2026-10-05 12:24:04,153 - fontTools.subset - INFO - maxp subsetting not needed
2026-10-05 12:24:04,154 - fontTools.subset - INFO - OS/2 subsetting not needed
2026-10-05 12:24:04,155 - fontTools.subset - INFO - hmtx subsetted
2026-10-05 12:24:04,156 - fontTools.subset - INFO - cmap subsetted
2026-10-05 12:24:04,156 - fontTools.subset - INFO - post subsetted
2026-10-05 12:24:04,174 - fontTools.subset - INFO - CBDT subsetted
2026-10-05 12:24:04,174 - fontTools.subset - INFO - CBLC subsetted
2026-10-05 12:24:04,175 - fontTools.subset - INFO - vhea subsetting not needed
2026-10-05 12:24:04,176 - fontTools.subset - INFO - vmtx subsetted
2026-10-05 12:24:04,176 - fontTools.subset - INFO - name subsetting not needed
2026-10-05 12:24:04,177 - fontTools.subset - INFO - head pruned
2026-10-05 12:24:04,177 - fontTools.subset - INFO - OS/2 Unicode ranges pruned: []
2026-10-05 12:24:04,178 - fontTools.subset - INFO - name pruned
2026-10-05 12:24:04,194 - agents.proposal_generator_agent - INFO - ✅ PDF generado: data/proposals/PROPUESTA_ConsultorLabs_17.pdf
2026-10-05 12:24:04,197 - orchestrator - INFO - ✅ Archivos de propuesta 17 actualizados
2026-10-05 12:24:04,197 - agents.proposal_generator_agent - INFO - ✅ Propuesta generada: ID 17
2026-10-05 12:24:04,197 - main_orchestrator - INFO - ✅ Proposal Gen | ConsultorLabs (ID: 17)
2026-10-05 12:24:04,198 - main_orchestrator - INFO - ❌ Email Send | 'EmailSenderAgent' object has no attribute 'send_proposal_email'
2026-10-05 12:24:04,198 - main_orchestrator - INFO - ❌ Email Send | 'EmailSenderAgent' object has no attribute 'send_proposal_email'
2026-10-05 12:24:04,198 - main_orchestrator - INFO - ❌ Email Send | 'EmailSenderAgent' object has no attribute 'send_proposal_email'
2026-10-05 12:24:04,198 - agents.followup_agent - INFO - ⚠️  Ya existe una secuencia activa para Raíces de Cauquenes
2026-10-05 12:24:04,198 - main_orchestrator - INFO - ✅ Follow-up Init | Raíces de Cauquenes (Seq: N/A)
2026-10-05 12:24:04,198 - agents.followup_agent - INFO - ⚠️  Ya existe una secuencia activa para TechShop Premium
2026-10-05 12:24:04,198 - main_orchestrator - INFO - ✅ Follow-up Init | TechShop Premium (Seq: N/A)
2026-10-05 12:24:04,198 - agents.followup_agent - INFO - ⚠️  Ya existe una secuencia activa para ConsultorLabs
2026-10-05 12:24:04,198 - main_orchestrator - INFO - ✅ Follow-up Init | ConsultorLabs (Seq: N/A)
2026-10-05 12:24:04,199 - agents.funnel_management_agent - INFO - ✅ Cliente Raíces de Cauquenes movido a etapa: PROPUESTA
2026-10-05 12:24:04,199 - main_orchestrator - INFO - ✅ Pipeline Update | Raíces de Cauquenes → PROPUESTA
2026-10-05 12:24:04,199 - agents.funnel_management_agent - INFO - ✅ Cliente TechShop Premium movido a etapa: PROPUESTA
2026-10-05 12:24:04,199 - main_orchestrator - INFO - ✅ Pipeline Update | TechShop Premium → PROPUESTA
2026-10-05 12:24:04,200 - agents.funnel_management_agent - INFO - ✅ Cliente ConsultorLabs movido a etapa: PROPUESTA
2026-10-05 12:24:04,200 - main_orchestrator - INFO - ✅ Pipeline Update | ConsultorLabs → PROPUESTA
2026-10-05 12:24:04,200 - agents.lead_scorer_agent - INFO - ✅ Lead Scorer Agent inicializado
2026-10-05 12:24:04,200 - agents.lead_scorer_agent - INFO - 🎯 0 leads con score >= 75
2026-10-05 12:24:04,201 - agents.lead_scorer_agent - INFO - ✅ Lead Scorer Agent inicializado
2026-10-05 12:24:04,201 - agents.lead_scorer_agent - INFO - 🎯 0 leads con score >= 75
2026-10-05 12:24:04,201 - main_orchestrator - INFO - ✅ Dashboard Gen | Dashboards generados (4)
2026-10-05 12:24:04,202 - agents.sales_pipeline_agent - INFO - ✅ Analytics exportado a JSON
2026-10-05 12:24:04,202 - main_orchestrator - INFO - ✅ Reports | Todos los reportes generados
2026-10-05 12:24:04,202 - main_orchestrator - INFO - ✅ Resumen guardado en: data/fase8_execution_summary.json
2026-10-05 12:24:04,203 - orchestrator - INFO - ✅ Conexión a BD cerrada
2026-10-05 12:24:06,087 - orchestrator - INFO - ✅ Configuración cargada desde config.yaml
2026-10-05 12:24:06,087 - orchestrator - INFO - 🚀 Inicializando Felix Automation Orchestrator
2026-10-05 12:24:06,087 - orchestrator - INFO - ✅ Conectado a BD: ./felix_automation.db
2026-10-05 12:24:06,087 - agents.multi_platform_auditor_agent - INFO - ✅ Multi-Platform Auditor Agent inicializado
2026-10-05 12:24:06,087 - agents.lead_scorer_agent - INFO - ✅ Lead Scorer Agent inicializado
2026-10-05 12:24:06,087 - agents.proposal_generator_agent - INFO - ✅ Proposal Generator Agent inicializado
2026-10-05 12:24:06,087 - agents.email_sender_agent - INFO - ✅ SendGrid API key cargada correctamente
2026-10-05 12:24:06,088 - agents.email_queue_agent - INFO - ✅ Email Queue Agent inicializado
2026-10-05 12:24:06,088 - agents.email_sender_agent - INFO - ✅ Email Sender Agent inicializado
2026-10-05 12:24:06,088 - agents.followup_agent - INFO - ✅ Follow-up Agent inicializado
2026-10-05 12:24:06,088 - agents.sales_pipeline_agent - INFO - ✅ Sales Pipeline Agent inicializado
2026-10-05 12:24:06,088 - agents.funnel_management_agent - INFO - ✅ Funnel Management Agent inicializado
2026-10-05 12:24:06,088 - main_orchestrator - INFO - ✅ Main Orchestrator FASE 8 inicializado
2026-10-05 12:24:06,089 - agents.multi_platform_auditor_agent - INFO - 🔍 Auditando cliente: Raíces de Cauquenes en plataformas: ['web', 'facebook_ads', 'google_ads']
2026-10-05 12:24:06,089 - agents.multi_platform_auditor_agent - INFO -   ⚡ Computando Web para Raíces de Cauquenes
2026-10-05 12:24:06,090 - agents.multi_platform_auditor_agent - INFO -   🔍 Computando Google Ads para Raíces de Cauquenes
2026-10-05 12:24:06,090 - agents.multi_platform_auditor_agent - INFO -   📘 Computando Facebook Ads para Raíces de Cauquenes
2026-10-05 12:24:06,092 - orchestrator - INFO - ✅ Auditoría creada: web para cliente ID 1 (Audit ID: 67)
2026-10-05 12:24:06,093 - orchestrator - INFO - ✅ Auditoría 67 actualizada - Score: 72/100
2026-10-05 12:24:06,093 - agents.multi_platform_auditor_agent - INFO -   ✅ web: 72/100
2026-10-05 12:24:06,094 - orchestrator - INFO - ✅ Auditoría creada: google_ads para cliente ID 1 (Audit ID: 68)
2026-10-05 12:24:06,095 - orchestrator - INFO - ✅ Auditoría 68 actualizada - Score: 88/100
2026-10-05 12:24:06,095 - agents.multi_platform_auditor_agent - INFO -   ✅ google_ads: 88/100
2026-10-05 12:24:06,096 - orchestrator - INFO - ✅ Auditoría creada: facebook_ads para cliente ID 1 (Audit ID: 69)
2026-10-05 12:24:06,097 - orchestrator - INFO - ✅ Auditoría 69 actualizada - Score: 97/100
2026-10-05 12:24:06,097 - agents.multi_platform_auditor_agent - INFO -   ✅ facebook_ads: 97/100
2026-10-05 12:24:06,097 - agents.multi_platform_auditor_agent - INFO -   💾 Guardando resultados - Score promedio: 85/100
2026-10-05 12:24:06,097 - main_orchestrator - INFO - ✅ Audit | Cliente Raíces de Cauquenes
2026-10-05 12:24:06,097 - agents.multi_platform_auditor_agent - INFO - 🔍 Auditando cliente: TechShop Premium en plataformas: ['web', 'facebook_ads', 'google_ads']
2026-10-05 12:24:06,098 - agents.multi_platform_auditor_agent - INFO -   ⚡ Computando Web para TechShop Premium
2026-10-05 12:24:06,098 - agents.multi_platform_auditor_agent - INFO -   📘 Computando Facebook Ads para TechShop Premium
2026-10-05 12:24:06,098 - agents.multi_platform_auditor_agent - INFO -   🔍 Computando Google Ads para TechShop Premium
2026-10-05 12:24:06,100 - orchestrator - INFO - ✅ Auditoría creada: web para cliente ID 2 (Audit ID: 70)
2026-10-05 12:24:06,101 - orchestrator - INFO - ✅ Auditoría 70 actualizada - Score: 72/100
2026-10-05 12:24:06,101 - agents.multi_platform_auditor_agent - INFO -   ✅ web: 72/100
2026-10-05 12:24:06,102 - orchestrator - INFO - ✅ Auditoría creada: google_ads para cliente ID 2 (Audit ID: 71)
2026-10-05 12:24:06,103 - orchestrator - INFO - ✅ Auditoría 71 actualizada - Score: 88/100
2026-10-05 12:24:06,103 - agents.multi_platform_auditor_agent - INFO -   ✅ google_ads: 88/100
2026-10-05 12:24:06,104 - orchestrator - INFO - ✅ Auditoría creada: facebook_ads para cliente ID 2 (Audit ID: 72)
2026-10-05 12:24:06,105 - orchestrator - INFO - ✅ Auditoría 72 actualizada - Score: 97/100
2026-10-05 12:24:06,105 - agents.multi_platform_auditor_agent - INFO -   ✅ facebook_ads: 97/100
2026-10-05 12:24:06,105 - agents.multi_platform_auditor_agent - INFO -   💾 Guardando resultados - Score promedio: 85/100
2026-10-05 12:24:06,105 - main_orchestrator - INFO - ✅ Audit | Cliente TechShop Premium
2026-10-05 12:24:06,105 - agents.multi_platform_auditor_agent - INFO - 🔍 Auditando cliente: ConsultorLabs en plataformas: ['web', 'facebook_ads', 'google_ads']
2026-10-05 12:24:06,105 - agents.multi_platform_auditor_agent - INFO -   ⚡ Computando Web para ConsultorLabs
2026-10-05 12:24:06,106 - agents.multi_platform_auditor_agent - INFO -   📘 Computando Facebook Ads para ConsultorLabs
2026-10-05 12:24:06,106 - agents.multi_platform_auditor_agent - INFO -   🔍 Computando Google Ads para ConsultorLabs
2026-10-05 12:24:06,107 - orchestrator - INFO - ✅ Auditoría creada: web para cliente ID 3 (Audit ID: 73)
2026-10-05 12:24:06,108 - orchestrator - INFO - ✅ Auditoría 73 actualizada - Score: 72/100
2026-10-05 12:24:06,108 - agents.multi_platform_auditor_agent - INFO -   ✅ web: 72/100
2026-10-05 12:24:06,109 - orchestrator - INFO - ✅ Auditoría creada: facebook_ads para cliente ID 3 (Audit ID: 74)
2026-10-05 12:24:06,110 - orchestrator - INFO - ✅ Auditoría 74 actualizada - Score: 97/100
2026-10-05 12:24:06,110 - agents.multi_platform_auditor_agent - INFO -   ✅ facebook_ads: 97/100
2026-10-05 12:24:06,111 - orchestrator - INFO - ✅ Auditoría creada: google_ads para cliente ID 3 (Audit ID: 75)
2026-10-05 12:24:06,112 - orchestrator - INFO - ✅ Auditoría 75 actualizada - Score: 88/100
2026-10-05 12:24:06,112 - agents.multi_platform_auditor_agent - INFO -   ✅ google_ads: 88/100
2026-10-05 12:24:06,112 - agents.multi_platform_auditor_agent - INFO -   💾 Guardando resultados - Score promedio: 85/100
2026-10-05 12:24:06,112 - main_orchestrator - INFO - ✅ Audit | Cliente ConsultorLabs
2026-10-05 12:24:06,113 - main_orchestrator - INFO - ✅ Lead Score | Raíces de Cauquenes: 81 🟢 ALTO
2026-10-05 12:24:06,113 - main_orchestrator - INFO - ✅ Lead Score | TechShop Premium: 83 🟢 ALTO
2026-10-05 12:24:06,114 - main_orchestrator - INFO - ✅ Lead Score | ConsultorLabs: 79 🟢 ALTO
2026-10-05 12:24:06,114 - agents.proposal_generator_agent - INFO - 📝 Generando propuesta para: Raíces de Cauquenes
2026-10-05 12:24:06,116 - orchestrator - INFO - ✅ Propuesta creada: ID 18 para cliente ID 1
2026-10-05 12:24:06,638 - weasyprint.progress - INFO - Step 2 - Fetching and parsing CSS - CSS string
2026-10-05 12:24:06,700 - weasyprint.progress - INFO - Step 2 - Fetching and parsing CSS - CSS string
2026-10-05 12:24:06,719 - weasyprint.progress - INFO - Step 2 - Fetching and parsing CSS - CSS string
2026-10-05 12:24:06,826 - weasyprint.progress - INFO - Step 1 - Fetching and parsing HTML - HTML string
2026-10-05 12:24:06,861 - weasyprint.progress - INFO - Step 2 - Fetching and parsing CSS - CSS string
2026-10-05 12:24:06,864 - weasyprint.progress - INFO - Step 3 - Applying CSS
2026-10-05 12:24:06,867 - weasyprint.progress - INFO - Step 4 - Creating formatting structure
2026-10-05 12:24:06,869 - weasyprint.progress - INFO - Step 5 - Creating layout - Page 1
2026-10-05 12:24:06,908 - weasyprint.progress - INFO - Step 5 - Creating layout - Page 2
2026-10-05 12:24:06,923 - weasyprint.progress - INFO - Step 6 - Creating PDF
2026-10-05 12:24:06,983 - weasyprint.progress - INFO - Step 7 - Adding PDF metadata
2026-10-05 12:24:06,983 - weasyprint - WARNING - Using fontTools instead of HarfBuzz-Subset for font "Inter". This will be unsupported in future versions of WeasyPrint. Please install HarfBuzz-Subset >= 4.1.0 with your package manager.
2026-10-05 12:24:06,984 - fontTools.subset - INFO - maxp pruned
2026-10-05 12:24:06,990 - fontTools.subset - INFO - cmap pruned
2026-10-05 12:24:06,990 - fontTools.subset - INFO - post pruned
2026-10-05 12:24:06,991 - fontTools.subset - INFO - CFF  pruned
2026-10-05 12:24:06,991 - fontTools.subset - INFO - GPOS dropped
2026-10-05 12:24:06,991 - fontTools.subset - INFO - GSUB dropped
2026-10-05 12:24:06,992 - fontTools.subset - INFO - Added .notdef to subset
2026-10-05 12:24:06,992 - fontTools.subset - INFO - Closing glyph list over 'CFF ': 43 glyphs before
2026-10-05 12:24:06,992 - fontTools.subset - INFO - Glyph names: ['.notdef', 'A', 'D', 'I', 'L', 'M', 'N', 'O', 'P', 'Q', 'R', 'S', 'T', 'a', 'c', 'colon', 'd', 'e', 'eacute', 'eight', 'five', 'g', 'i', 'iacute', 'j', 'l', 'm', 'n', 'o', 'oacute', 'p', 'percent', 'plus.case', 'question', 'questiondown', 'r', 's', 'six', 'space', 't', 'u', 'v', 'y']
2026-10-05 12:24:06,992 - fontTools.subset - INFO - Glyph IDs:   [0, 2, 84, 197, 282, 293, 301, 322, 376, 383, 385, 398, 412, 508, 587, 598, 615, 619, 659, 690, 701, 721, 738, 768, 775, 792, 798, 845, 854, 873, 891, 917, 982, 1000, 1349, 1351, 1353, 1433, 1436, 1507, 1537, 1738, 1771]
2026-10-05 12:24:06,995 - fontTools.subset - INFO - Closed glyph list over 'CFF ': 43 glyphs after
2026-10-05 12:24:06,995 - fontTools.subset - INFO - Glyph names: ['.notdef', 'A', 'D', 'I', 'L', 'M', 'N', 'O', 'P', 'Q', 'R', 'S', 'T', 'a', 'c', 'colon', 'd', 'e', 'eacute', 'eight', 'five', 'g', 'i', 'iacute', 'j', 'l', 'm', 'n', 'o', 'oacute', 'p', 'percent', 'plus.case', 'question', 'questiondown', 'r', 's', 'six', 'space', 't', 'u', 'v', 'y']
2026-10-05 12:24:06,995 - fontTools.subset - INFO - Glyph IDs:   [0, 2, 84, 197, 282, 293, 301, 322, 376, 383, 385, 398, 412, 508, 587, 598, 615, 619, 659, 690, 701, 721, 738, 768, 775, 792, 798, 845, 854, 873, 891, 917, 982, 1000, 1349, 1351, 1353, 1433, 1436, 1507, 1537, 1738, 1771]
2026-10-05 12:24:06,996 - fontTools.subset - INFO - Retaining 43 glyphs
2026-10-05 12:24:06,997 - fontTools.subset - INFO - head subsetting not needed
2026-10-05 12:24:06,997 - fontTools.subset - INFO - hhea subsetting not needed
2026-10-05 12:24:06,997 - fontTools.subset - INFO - maxp subsetting not needed
2026-10-05 12:24:06,997 - fontTools.subset - INFO - OS/2 subsetting not needed
2026-10-05 12:24:06,998 - fontTools.subset - INFO - cmap subsetted
2026-10-05 12:24:06,998 - fontTools.subset - INFO - post subsetted
2026-10-05 12:24:07,002 - fontTools.subset - INFO - CFF  subsetted
2026-10-05 12:24:07,003 - fontTools.subset - INFO - hmtx subsetted
2026-10-05 12:24:07,004 - fontTools.subset - INFO - GDEF subsetted
2026-10-05 12:24:07,004 - fontTools.subset - INFO - name subsetting not needed
2026-10-05 12:24:07,005 - fontTools.subset - INFO - head pruned
2026-10-05 12:24:07,005 - fontTools.subset - INFO - OS/2 Unicode ranges pruned: [0, 1, 60]
2026-10-05 12:24:07,005 - fontTools.subset - INFO - OS/2 CodePage ranges pruned: [0]
2026-10-05 12:24:07,030 - fontTools.subset - INFO - CFF  pruned
2026-10-05 12:24:07,030 - fontTools.subset - INFO - GDEF pruned
2026-10-05 12:24:07,030 - fontTools.subset - INFO - name pruned
2026-10-05 12:24:07,063 - weasyprint - WARNING - Using fontTools instead of HarfBuzz-Subset for font "Inter". This will be unsupported in future versions of WeasyPrint. Please install HarfBuzz-Subset >= 4.1.0 with your package manager.
2026-10-05 12:24:07,064 - fontTools.subset - INFO - maxp pruned
2026-10-05 12:24:07,071 - fontTools.subset - INFO - cmap pruned
2026-10-05 12:24:07,071 - fontTools.subset - INFO - post pruned
2026-10-05 12:24:07,073 - fontTools.subset - INFO - CFF  pruned
2026-10-05 12:24:07,074 - fontTools.subset - INFO - GPOS dropped
2026-10-05 12:24:07,074 - fontTools.subset - INFO - GSUB dropped
2026-10-05 12:24:07,075 - fontTools.subset - INFO - Added .notdef to subset
2026-10-05 12:24:07,075 - fontTools.subset - INFO - Closing glyph list over 'CFF ': 74 glyphs before
2026-10-05 12:24:07,075 - fontTools.subset - INFO - Glyph names: ['.notdef', 'A', 'B', 'C', 'D', 'E', 'F', 'G', 'M', 'P', 'Q', 'R', 'S', 'T', 'U', 'W', 'a', 'aacute', 'ampersand', 'arrowright.case', 'asciitilde.case', 'at', 'b', 'bar', 'bullet', 'c', 'colon', 'colon.case', 'comma', 'd', 'dollar', 'e', 'eacute', 'f', 'five', 'four', 'g', 'h', 'hyphen.case', 'i', 'iacute', 'j', 'k', 'l', 'm', 'n', 'nine', 'ntilde', 'o', 'oacute', 'one', 'p', 'parenleft', 'parenleft.case', 'parenright', 'period', 'plus.case', 'q', 'r', 's', 'six', 'slash', 'space', 'space.tf', 't', 'three', 'trademark', 'two', 'u', 'v', 'w', 'y', 'z', 'zero']
2026-10-05 12:24:07,076 - fontTools.subset - INFO - Glyph IDs:   [0, 2, 65, 73, 84, 95, 137, 141, 293, 376, 383, 385, 398, 412, 425, 460, 508, 509, 579, 587, 598, 615, 619, 648, 659, 671, 690, 701, 721, 729, 738, 768, 775, 776, 792, 798, 845, 851, 854, 873, 891, 917, 982, 986, 1000, 1024, 1311, 1343, 1344, 1345, 1347, 1348, 1349, 1351, 1354, 1424, 1427, 1439, 1440, 1447, 1448, 1457, 1458, 1466, 1473, 1503, 1504, 1507, 1508, 1537, 1543, 1555, 1771, 1823]
2026-10-05 12:24:07,080 - fontTools.subset - INFO - Closed glyph list over 'CFF ': 74 glyphs after
2026-10-05 12:24:07,080 - fontTools.subset - INFO - Glyph names: ['.notdef', 'A', 'B', 'C', 'D', 'E', 'F', 'G', 'M', 'P', 'Q', 'R', 'S', 'T', 'U', 'W', 'a', 'aacute', 'ampersand', 'arrowright.case', 'asciitilde.case', 'at', 'b', 'bar', 'bullet', 'c', 'colon', 'colon.case', 'comma', 'd', 'dollar', 'e', 'eacute', 'f', 'five', 'four', 'g', 'h', 'hyphen.case', 'i', 'iacute', 'j', 'k', 'l', 'm', 'n', 'nine', 'ntilde', 'o', 'oacute', 'one', 'p', 'parenleft', 'parenleft.case', 'parenright', 'period', 'plus.case', 'q', 'r', 's', 'six', 'slash', 'space', 'space.tf', 't', 'three', 'trademark', 'two', 'u', 'v', 'w', 'y', 'z', 'zero']
2026-10-05 12:24:07,081 - fontTools.subset - INFO - Glyph IDs:   [0, 2, 65, 73, 84, 95, 137, 141, 293, 376, 383, 385, 398, 412, 425, 460, 508, 509, 579, 587, 598, 615, 619, 648, 659, 671, 690, 701, 721, 729, 738, 768, 775, 776, 792, 798, 845, 851, 854, 873, 891, 917, 982, 986, 1000, 1024, 1311, 1343, 1344, 1345, 1347, 1348, 1349, 1351, 1354, 1424, 1427, 1439, 1440, 1447, 1448, 1457, 1458, 1466, 1473, 1503, 1504, 1507, 1508, 1537, 1543, 1555, 1771, 1823]
2026-10-05 12:24:07,083 - fontTools.subset - INFO - Retaining 74 glyphs
2026-10-05 12:24:07,083 - fontTools.subset - INFO - head subsetting not needed
2026-10-05 12:24:07,083 - fontTools.subset - INFO - hhea subsetting not needed
2026-10-05 12:24:07,083 - fontTools.subset - INFO - maxp subsetting not needed
2026-10-05 12:24:07,084 - fontTools.subset - INFO - OS/2 subsetting not needed
2026-10-05 12:24:07,084 - fontTools.subset - INFO - cmap subsetted
2026-10-05 12:24:07,084 - fontTools.subset - INFO - post subsetted
2026-10-05 12:24:07,094 - fontTools.subset - INFO - CFF  subsetted
2026-10-05 12:24:07,096 - fontTools.subset - INFO - hmtx subsetted
2026-10-05 12:24:07,097 - fontTools.subset - INFO - GDEF subsetted
2026-10-05 12:24:07,097 - fontTools.subset - INFO - name subsetting not needed
2026-10-05 12:24:07,097 - fontTools.subset - INFO - head pruned
2026-10-05 12:24:07,098 - fontTools.subset - INFO - OS/2 Unicode ranges pruned: [0, 1, 31, 35, 60]
2026-10-05 12:24:07,098 - fontTools.subset - INFO - OS/2 CodePage ranges pruned: [0]
2026-10-05 12:24:07,138 - fontTools.subset - INFO - CFF  pruned
2026-10-05 12:24:07,138 - fontTools.subset - INFO - GDEF pruned
2026-10-05 12:24:07,139 - fontTools.subset - INFO - name pruned
2026-10-05 12:24:07,183 - weasyprint - WARNING - Using fontTools instead of HarfBuzz-Subset for font "Noto Color Emoji". This will be unsupported in future versions of WeasyPrint. Please install HarfBuzz-Subset >= 4.1.0 with your package manager.
2026-10-05 12:24:07,183 - fontTools.subset - INFO - maxp pruned
2026-10-05 12:24:07,183 - fontTools.subset - INFO - cmap pruned
2026-10-05 12:24:07,183 - fontTools.subset - INFO - post pruned
2026-10-05 12:24:07,184 - fontTools.subset - INFO - GSUB dropped
2026-10-05 12:24:07,201 - fontTools.subset - INFO - Added .notdef to subset
2026-10-05 12:24:07,203 - fontTools.subset - INFO - Retaining 3 glyphs
2026-10-05 12:24:07,203 - fontTools.subset - INFO - head subsetting not needed
2026-10-05 12:24:07,203 - fontTools.subset - INFO - hhea subsetting not needed
2026-10-05 12:24:07,204 - fontTools.subset - INFO - maxp subsetting not needed
2026-10-05 12:24:07,204 - fontTools.subset - INFO - OS/2 subsetting not needed
2026-10-05 12:24:07,205 - fontTools.subset - INFO - hmtx subsetted
2026-10-05 12:24:07,205 - fontTools.subset - INFO - cmap subsetted
2026-10-05 12:24:07,205 - fontTools.subset - INFO - post subsetted
2026-10-05 12:24:07,335 - fontTools.subset - INFO - CBDT subsetted
2026-10-05 12:24:07,335 - fontTools.subset - INFO - CBLC subsetted
2026-10-05 12:24:07,335 - fontTools.subset - INFO - vhea subsetting not needed
2026-10-05 12:24:07,336 - fontTools.subset - INFO - vmtx subsetted
2026-10-05 12:24:07,336 - fontTools.subset - INFO - name subsetting not needed
2026-10-05 12:24:07,336 - fontTools.subset - INFO - head pruned
2026-10-05 12:24:07,336 - fontTools.subset - INFO - OS/2 Unicode ranges pruned: []
2026-10-05 12:24:07,337 - fontTools.subset - INFO - name pruned
2026-10-05 12:24:07,344 - weasyprint - WARNING - Using fontTools instead of HarfBuzz-Subset for font "Noto Color Emoji". This will be unsupported in future versions of WeasyPrint. Please install HarfBuzz-Subset >= 4.1.0 with your package manager.
2026-10-05 12:24:07,344 - fontTools.subset - INFO - maxp pruned
2026-10-05 12:24:07,344 - fontTools.subset - INFO - cmap pruned
2026-10-05 12:24:07,344 - fontTools.subset - INFO - post pruned
2026-10-05 12:24:07,344 - fontTools.subset - INFO - GSUB dropped
2026-10-05 12:24:07,347 - fontTools.subset - INFO - Added .notdef to subset
2026-10-05 12:24:07,349 - fontTools.subset - INFO - Retaining 2 glyphs
2026-10-05 12:24:07,349 - fontTools.subset - INFO - head subsetting not needed
2026-10-05 12:24:07,349 - fontTools.subset - INFO - hhea subsetting not needed
2026-10-05 12:24:07,349 - fontTools.subset - INFO - maxp subsetting not needed
2026-10-05 12:24:07,349 - fontTools.subset - INFO - OS/2 subsetting not needed
2026-10-05 12:24:07,350 - fontTools.subset - INFO - hmtx subsetted
2026-10-05 12:24:07,350 - fontTools.subset - INFO - cmap subsetted
2026-10-05 12:24:07,350 - fontTools.subset - INFO - post subsetted
2026-10-05 12:24:07,377 - fontTools.subset - INFO - CBDT subsetted
2026-10-05 12:24:07,378 - fontTools.subset - INFO - CBLC subsetted
2026-10-05 12:24:07,378 - fontTools.subset - INFO - vhea subsetting not needed
2026-10-05 12:24:07,378 - fontTools.subset - INFO - vmtx subsetted
2026-10-05 12:24:07,378 - fontTools.subset - INFO - name subsetting not needed
2026-10-05 12:24:07,379 - fontTools.subset - INFO - head pruned
2026-10-05 12:24:07,379 - fontTools.subset - INFO - OS/2 Unicode ranges pruned: []
2026-10-05 12:24:07,379 - fontTools.subset - INFO - name pruned
2026-10-05 12:24:07,400 - agents.proposal_generator_agent - INFO - ✅ PDF generado: data/proposals/PROPUESTA_Raíces_de_Cauquenes_18.pdf
2026-10-05 12:24:07,402 - orchestrator - INFO - ✅ Archivos de propuesta 18 actualizados
2026-10-05 12:24:07,402 - agents.proposal_generator_agent - INFO - ✅ Propuesta generada: ID 18
2026-10-05 12:24:07,402 - main_orchestrator - INFO - ✅ Proposal Gen | Raíces de Cauquenes (ID: 18)
2026-10-05 12:24:07,402 - agents.proposal_generator_agent - INFO - 📝 Generando propuesta para: TechShop Premium
2026-10-05 12:24:07,403 - orchestrator - INFO - ✅ Propuesta creada: ID 19 para cliente ID 2
2026-10-05 12:24:07,403 - weasyprint.progress - INFO - Step 1 - Fetching and parsing HTML - HTML string
2026-10-05 12:24:07,433 - weasyprint.progress - INFO - Step 2 - Fetching and parsing CSS - CSS string
2026-10-05 12:24:07,436 - weasyprint.progress - INFO - Step 3 - Applying CSS
2026-10-05 12:24:07,438 - weasyprint.progress - INFO - Step 4 - Creating formatting structure
2026-10-05 12:24:07,440 - weasyprint.progress - INFO - Step 5 - Creating layout - Page 1
2026-10-05 12:24:07,472 - weasyprint.progress - INFO - Step 5 - Creating layout - Page 2
2026-10-05 12:24:07,486 - weasyprint.progress - INFO - Step 6 - Creating PDF
2026-10-05 12:24:07,518 - weasyprint.progress - INFO - Step 7 - Adding PDF metadata
2026-10-05 12:24:07,518 - weasyprint - WARNING - Using fontTools instead of HarfBuzz-Subset for font "Inter". This will be unsupported in future versions of WeasyPrint. Please install HarfBuzz-Subset >= 4.1.0 with your package manager.
2026-10-05 12:24:07,519 - fontTools.subset - INFO - maxp pruned
2026-10-05 12:24:07,524 - fontTools.subset - INFO - cmap pruned
2026-10-05 12:24:07,524 - fontTools.subset - INFO - post pruned
2026-10-05 12:24:07,525 - fontTools.subset - INFO - CFF  pruned
2026-10-05 12:24:07,525 - fontTools.subset - INFO - GPOS dropped
2026-10-05 12:24:07,525 - fontTools.subset - INFO - GSUB dropped
2026-10-05 12:24:07,526 - fontTools.subset - INFO - Added .notdef to subset
2026-10-05 12:24:07,526 - fontTools.subset - INFO - Closing glyph list over 'CFF ': 45 glyphs before
2026-10-05 12:24:07,526 - fontTools.subset - INFO - Glyph names: ['.notdef', 'A', 'D', 'I', 'L', 'M', 'N', 'O', 'P', 'Q', 'R', 'S', 'T', 'a', 'c', 'colon', 'd', 'e', 'eacute', 'eight', 'five', 'g', 'i', 'iacute', 'j', 'l', 'm', 'n', 'o', 'oacute', 'p', 'percent', 'plus.case', 'question', 'questiondown', 'r', 's', 'six', 'space', 't', 'two', 'u', 'v', 'y', 'zero']
2026-10-05 12:24:07,526 - fontTools.subset - INFO - Glyph IDs:   [0, 2, 84, 197, 282, 293, 301, 322, 376, 383, 385, 398, 412, 508, 587, 598, 615, 619, 659, 690, 701, 721, 738, 768, 775, 792, 798, 845, 854, 873, 891, 917, 982, 1000, 1343, 1345, 1349, 1351, 1353, 1433, 1436, 1507, 1537, 1738, 1771]
2026-10-05 12:24:07,529 - fontTools.subset - INFO - Closed glyph list over 'CFF ': 45 glyphs after
2026-10-05 12:24:07,529 - fontTools.subset - INFO - Glyph names: ['.notdef', 'A', 'D', 'I', 'L', 'M', 'N', 'O', 'P', 'Q', 'R', 'S', 'T', 'a', 'c', 'colon', 'd', 'e', 'eacute', 'eight', 'five', 'g', 'i', 'iacute', 'j', 'l', 'm', 'n', 'o', 'oacute', 'p', 'percent', 'plus.case', 'question', 'questiondown', 'r', 's', 'six', 'space', 't', 'two', 'u', 'v', 'y', 'zero']
2026-10-05 12:24:07,529 - fontTools.subset - INFO - Glyph IDs:   [0, 2, 84, 197, 282, 293, 301, 322, 376, 383, 385, 398, 412, 508, 587, 598, 615, 619, 659, 690, 701, 721, 738, 768, 775, 792, 798, 845, 854, 873, 891, 917, 982, 1000, 1343, 1345, 1349, 1351, 1353, 1433, 1436, 1507, 1537, 1738, 1771]
2026-10-05 12:24:07,530 - fontTools.subset - INFO - Retaining 45 glyphs
2026-10-05 12:24:07,530 - fontTools.subset - INFO - head subsetting not needed
2026-10-05 12:24:07,530 - fontTools.subset - INFO - hhea subsetting not needed
2026-10-05 12:24:07,530 - fontTools.subset - INFO - maxp subsetting not needed
2026-10-05 12:24:07,530 - fontTools.subset - INFO - OS/2 subsetting not needed
2026-10-05 12:24:07,531 - fontTools.subset - INFO - cmap subsetted
2026-10-05 12:24:07,531 - fontTools.subset - INFO - post subsetted
2026-10-05 12:24:07,535 - fontTools.subset - INFO - CFF  subsetted
2026-10-05 12:24:07,537 - fontTools.subset - INFO - hmtx subsetted
2026-10-05 12:24:07,538 - fontTools.subset - INFO - GDEF subsetted
2026-10-05 12:24:07,538 - fontTools.subset - INFO - name subsetting not needed
2026-10-05 12:24:07,538 - fontTools.subset - INFO - head pruned
2026-10-05 12:24:07,538 - fontTools.subset - INFO - OS/2 Unicode ranges pruned: [0, 1, 60]
2026-10-05 12:24:07,538 - fontTools.subset - INFO - OS/2 CodePage ranges pruned: [0]
2026-10-05 12:24:07,571 - fontTools.subset - INFO - CFF  pruned
2026-10-05 12:24:07,571 - fontTools.subset - INFO - GDEF pruned
2026-10-05 12:24:07,571 - fontTools.subset - INFO - name pruned
2026-10-05 12:24:07,605 - weasyprint - WARNING - Using fontTools instead of HarfBuzz-Subset for font "Inter". This will be unsupported in future versions of WeasyPrint. Please install HarfBuzz-Subset >= 4.1.0 with your package manager.
2026-10-05 12:24:07,605 - fontTools.subset - INFO - maxp pruned
2026-10-05 12:24:07,610 - fontTools.subset - INFO - cmap pruned
2026-10-05 12:24:07,610 - fontTools.subset - INFO - post pruned
2026-10-05 12:24:07,611 - fontTools.subset - INFO - CFF  pruned
2026-10-05 12:24:07,612 - fontTools.subset - INFO - GPOS dropped
2026-10-05 12:24:07,612 - fontTools.subset - INFO - GSUB dropped
2026-10-05 12:24:07,612 - fontTools.subset - INFO - Added .notdef to subset
2026-10-05 12:24:07,612 - fontTools.subset - INFO - Closing glyph list over 'CFF ': 73 glyphs before
2026-10-05 12:24:07,613 - fontTools.subset - INFO - Glyph names: ['.notdef', 'A', 'B', 'C', 'D', 'E', 'F', 'G', 'M', 'P', 'Q', 'R', 'S', 'T', 'U', 'W', 'a', 'aacute', 'ampersand', 'arrowright.case', 'asciitilde.case', 'at', 'b', 'bar', 'bullet', 'c', 'colon', 'colon.case', 'comma', 'd', 'dollar', 'e', 'eacute', 'eight', 'f', 'five', 'four', 'g', 'h', 'hyphen.case', 'i', 'iacute', 'j', 'k', 'l', 'm', 'n', 'ntilde', 'o', 'oacute', 'one', 'p', 'parenleft', 'parenleft.case', 'parenright', 'period', 'plus.case', 'r', 's', 'six', 'slash', 'space', 'space.tf', 't', 'three', 'trademark', 'two', 'u', 'v', 'w', 'y', 'z', 'zero']
2026-10-05 12:24:07,613 - fontTools.subset - INFO - Glyph IDs:   [0, 2, 65, 73, 84, 95, 137, 141, 293, 376, 383, 385, 398, 412, 425, 460, 508, 509, 579, 587, 598, 615, 619, 648, 659, 671, 690, 701, 721, 729, 738, 768, 775, 776, 792, 798, 845, 854, 873, 891, 917, 982, 986, 1000, 1024, 1311, 1343, 1344, 1345, 1347, 1348, 1349, 1351, 1353, 1424, 1427, 1439, 1440, 1447, 1448, 1457, 1458, 1466, 1473, 1503, 1504, 1507, 1508, 1537, 1543, 1555, 1771, 1823]
2026-10-05 12:24:07,617 - fontTools.subset - INFO - Closed glyph list over 'CFF ': 73 glyphs after
2026-10-05 12:24:07,617 - fontTools.subset - INFO - Glyph names: ['.notdef', 'A', 'B', 'C', 'D', 'E', 'F', 'G', 'M', 'P', 'Q', 'R', 'S', 'T', 'U', 'W', 'a', 'aacute', 'ampersand', 'arrowright.case', 'asciitilde.case', 'at', 'b', 'bar', 'bullet', 'c', 'colon', 'colon.case', 'comma', 'd', 'dollar', 'e', 'eacute', 'eight', 'f', 'five', 'four', 'g', 'h', 'hyphen.case', 'i', 'iacute', 'j', 'k', 'l', 'm', 'n', 'ntilde', 'o', 'oacute', 'one', 'p', 'parenleft', 'parenleft.case', 'parenright', 'period', 'plus.case', 'r', 's', 'six', 'slash', 'space', 'space.tf', 't', 'three', 'trademark', 'two', 'u', 'v', 'w', 'y', 'z', 'zero']
2026-10-05 12:24:07,617 - fontTools.subset - INFO - Glyph IDs:   [0, 2, 65, 73, 84, 95, 137, 141, 293, 376, 383, 385, 398, 412, 425, 460, 508, 509, 579, 587, 598, 615, 619, 648, 659, 671, 690, 701, 721, 729, 738, 768, 775, 776, 792, 798, 845, 854, 873, 891, 917, 982, 986, 1000, 1024, 1311, 1343, 1344, 1345, 1347, 1348, 1349, 1351, 1353, 1424, 1427, 1439, 1440, 1447, 1448, 1457, 1458, 1466, 1473, 1503, 1504, 1507, 1508, 1537, 1543, 1555, 1771, 1823]
2026-10-05 12:24:07,618 - fontTools.subset - INFO - Retaining 73 glyphs
2026-10-05 12:24:07,618 - fontTools.subset - INFO - head subsetting not needed
2026-10-05 12:24:07,619 - fontTools.subset - INFO - hhea subsetting not needed
2026-10-05 12:24:07,619 - fontTools.subset - INFO - maxp subsetting not needed
2026-10-05 12:24:07,619 - fontTools.subset - INFO - OS/2 subsetting not needed
2026-10-05 12:24:07,620 - fontTools.subset - INFO - cmap subsetted
2026-10-05 12:24:07,620 - fontTools.subset - INFO - post subsetted
2026-10-05 12:24:07,624 - fontTools.subset - INFO - CFF  subsetted
2026-10-05 12:24:07,625 - fontTools.subset - INFO - hmtx subsetted
2026-10-05 12:24:07,627 - fontTools.subset - INFO - GDEF subsetted
2026-10-05 12:24:07,627 - fontTools.subset - INFO - name subsetting not needed
2026-10-05 12:24:07,627 - fontTools.subset - INFO - head pruned
2026-10-05 12:24:07,627 - fontTools.subset - INFO - OS/2 Unicode ranges pruned: [0, 1, 31, 35, 60]
2026-10-05 12:24:07,627 - fontTools.subset - INFO - OS/2 CodePage ranges pruned: [0]
2026-10-05 12:24:07,677 - fontTools.subset - INFO - CFF  pruned
2026-10-05 12:24:07,678 - fontTools.subset - INFO - GDEF pruned
2026-10-05 12:24:07,678 - fontTools.subset - INFO - name pruned
2026-10-05 12:24:07,731 - weasyprint - WARNING - Using fontTools instead of HarfBuzz-Subset for font "Noto Color Emoji". This will be unsupported in future versions of WeasyPrint. Please install HarfBuzz-Subset >= 4.1.0 with your package manager.
2026-10-05 12:24:07,731 - fontTools.subset - INFO - maxp pruned
2026-10-05 12:24:07,731 - fontTools.subset - INFO - cmap pruned
2026-10-05 12:24:07,731 - fontTools.subset - INFO - post pruned
2026-10-05 12:24:07,731 - fontTools.subset - INFO - GSUB dropped
2026-10-05 12:24:07,735 - fontTools.subset - INFO - Added .notdef to subset
2026-10-05 12:24:07,736 - fontTools.subset - INFO - Retaining 3 glyphs
2026-10-05 12:24:07,736 - fontTools.subset - INFO - head subsetting not needed
2026-10-05 12:24:07,736 - fontTools.subset - INFO - hhea subsetting not needed
2026-10-05 12:24:07,736 - fontTools.subset - INFO - maxp subsetting not needed
2026-10-05 12:24:07,736 - fontTools.subset - INFO - OS/2 subsetting not needed
2026-10-05 12:24:07,738 - fontTools.subset - INFO - hmtx subsetted
2026-10-05 12:24:07,738 - fontTools.subset - INFO - cmap subsetted
2026-10-05 12:24:07,738 - fontTools.subset - INFO - post subsetted
2026-10-05 12:24:07,845 - fontTools.subset - INFO - CBDT subsetted
2026-10-05 12:24:07,846 - fontTools.subset - INFO - CBLC subsetted
2026-10-05 12:24:07,846 - fontTools.subset - INFO - vhea subsetting not needed
2026-10-05 12:24:07,847 - fontTools.subset - INFO - vmtx subsetted
2026-10-05 12:24:07,847 - fontTools.subset - INFO - name subsetting not needed
2026-10-05 12:24:07,847 - fontTools.subset - INFO - head pruned
2026-10-05 12:24:07,847 - fontTools.subset - INFO - OS/2 Unicode ranges pruned: []
2026-10-05 12:24:07,848 - fontTools.subset - INFO - name pruned
2026-10-05 12:24:07,854 - weasyprint - WARNING - Using fontTools instead of HarfBuzz-Subset for font "Noto Color Emoji". This will be unsupported in future versions of WeasyPrint. Please install HarfBuzz-Subset >= 4.1.0 with your package manager.
2026-10-05 12:24:07,855 - fontTools.subset - INFO - maxp pruned
2026-10-05 12:24:07,855 - fontTools.subset - INFO - cmap pruned
2026-10-05 12:24:07,855 - fontTools.subset - INFO - post pruned
2026-10-05 12:24:07,855 - fontTools.subset - INFO - GSUB dropped
2026-10-05 12:24:07,858 - fontTools.subset - INFO - Added .notdef to subset
2026-10-05 12:24:07,859 - fontTools.subset - INFO - Retaining 2 glyphs
2026-10-05 12:24:07,859 - fontTools.subset - INFO - head subsetting not needed
2026-10-05 12:24:07,859 - fontTools.subset - INFO - hhea subsetting not needed
2026-10-05 12:24:07,859 - fontTools.subset - INFO - maxp subsetting not needed
2026-10-05 12:24:07,859 - fontTools.subset - INFO - OS/2 subsetting not needed
2026-10-05 12:24:07,860 - fontTools.subset - INFO - hmtx subsetted
2026-10-05 12:24:07,860 - fontTools.subset - INFO - cmap subsetted
2026-10-05 12:24:07,861 - fontTools.subset - INFO - post subsetted
2026-10-05 12:24:07,920 - fontTools.subset - INFO - CBDT subsetted
2026-10-05 12:24:07,920 - fontTools.subset - INFO - CBLC subsetted
2026-10-05 12:24:07,920 - fontTools.subset - INFO - vhea subsetting not needed
2026-10-05 12:24:07,921 - fontTools.subset - INFO - vmtx subsetted
2026-10-05 12:24:07,921 - fontTools.subset - INFO - name subsetting not needed
2026-10-05 12:24:07,921 - fontTools.subset - INFO - head pruned
2026-10-05 12:24:07,921 - fontTools.subset - INFO - OS/2 Unicode ranges pruned: []
2026-10-05 12:24:07,922 - fontTools.subset - INFO - name pruned
2026-10-05 12:24:07,935 - agents.proposal_generator_agent - INFO - ✅ PDF generado: data/proposals/PROPUESTA_TechShop_Premium_19.pdf
2026-10-05 12:24:07,936 - orchestrator - INFO - ✅ Archivos de propuesta 19 actualizados
2026-10-05 12:24:07,936 - agents.proposal_generator_agent - INFO - ✅ Propuesta generada: ID 19
2026-10-05 12:24:07,936 - main_orchestrator - INFO - ✅ Proposal Gen | TechShop Premium (ID: 19)
2026-10-05 12:24:07,936 - agents.proposal_generator_agent - INFO - 📝 Generando propuesta para: ConsultorLabs
2026-10-05 12:24:07,938 - orchestrator - INFO - ✅ Propuesta creada: ID 20 para cliente ID 3
2026-10-05 12:24:07,938 - weasyprint.progress - INFO - Step 1 - Fetching and parsing HTML - HTML string
2026-10-05 12:24:07,968 - weasyprint.progress - INFO - Step 2 - Fetching and parsing CSS - CSS string
2026-10-05 12:24:07,971 - weasyprint.progress - INFO - Step 3 - Applying CSS
2026-10-05 12:24:07,973 - weasyprint.progress - INFO - Step 4 - Creating formatting structure
2026-10-05 12:24:07,975 - weasyprint.progress - INFO - Step 5 - Creating layout - Page 1
2026-10-05 12:24:08,003 - weasyprint.progress - INFO - Step 5 - Creating layout - Page 2
2026-10-05 12:24:08,016 - weasyprint.progress - INFO - Step 6 - Creating PDF
2026-10-05 12:24:08,045 - weasyprint.progress - INFO - Step 7 - Adding PDF metadata
2026-10-05 12:24:08,045 - weasyprint - WARNING - Using fontTools instead of HarfBuzz-Subset for font "Inter". This will be unsupported in future versions of WeasyPrint. Please install HarfBuzz-Subset >= 4.1.0 with your package manager.
2026-10-05 12:24:08,045 - fontTools.subset - INFO - maxp pruned
2026-10-05 12:24:08,050 - fontTools.subset - INFO - cmap pruned
2026-10-05 12:24:08,050 - fontTools.subset - INFO - post pruned
2026-10-05 12:24:08,052 - fontTools.subset - INFO - CFF  pruned
2026-10-05 12:24:08,052 - fontTools.subset - INFO - GPOS dropped
2026-10-05 12:24:08,052 - fontTools.subset - INFO - GSUB dropped
2026-10-05 12:24:08,052 - fontTools.subset - INFO - Added .notdef to subset
2026-10-05 12:24:08,052 - fontTools.subset - INFO - Closing glyph list over 'CFF ': 45 glyphs before
2026-10-05 12:24:08,052 - fontTools.subset - INFO - Glyph names: ['.notdef', 'A', 'D', 'I', 'L', 'M', 'N', 'O', 'P', 'Q', 'R', 'S', 'T', 'a', 'c', 'colon', 'd', 'e', 'eacute', 'eight', 'five', 'g', 'i', 'iacute', 'j', 'l', 'm', 'n', 'o', 'oacute', 'p', 'percent', 'plus.case', 'question', 'questiondown', 'r', 's', 'six', 'space', 't', 'two', 'u', 'v', 'y', 'zero']
2026-10-05 12:24:08,053 - fontTools.subset - INFO - Glyph IDs:   [0, 2, 84, 197, 282, 293, 301, 322, 376, 383, 385, 398, 412, 508, 587, 598, 615, 619, 659, 690, 701, 721, 738, 768, 775, 792, 798, 845, 854, 873, 891, 917, 982, 1000, 1343, 1345, 1349, 1351, 1353, 1433, 1436, 1507, 1537, 1738, 1771]
2026-10-05 12:24:08,055 - fontTools.subset - INFO - Closed glyph list over 'CFF ': 45 glyphs after
2026-10-05 12:24:08,055 - fontTools.subset - INFO - Glyph names: ['.notdef', 'A', 'D', 'I', 'L', 'M', 'N', 'O', 'P', 'Q', 'R', 'S', 'T', 'a', 'c', 'colon', 'd', 'e', 'eacute', 'eight', 'five', 'g', 'i', 'iacute', 'j', 'l', 'm', 'n', 'o', 'oacute', 'p', 'percent', 'plus.case', 'question', 'questiondown', 'r', 's', 'six', 'space', 't', 'two', 'u', 'v', 'y', 'zero']
2026-10-05 12:24:08,055 - fontTools.subset - INFO - Glyph IDs:   [0, 2, 84, 197, 282, 293, 301, 322, 376, 383, 385, 398, 412, 508, 587, 598, 615, 619, 659, 690, 701, 721, 738, 768, 775, 792, 798, 845, 854, 873, 891, 917, 982, 1000, 1343, 1345, 1349, 1351, 1353, 1433, 1436, 1507, 1537, 1738, 1771]
2026-10-05 12:24:08,057 - fontTools.subset - INFO - Retaining 45 glyphs
2026-10-05 12:24:08,058 - fontTools.subset - INFO - head subsetting not needed
2026-10-05 12:24:08,058 - fontTools.subset - INFO - hhea subsetting not needed
2026-10-05 12:24:08,058 - fontTools.subset - INFO - maxp subsetting not needed
2026-10-05 12:24:08,058 - fontTools.subset - INFO - OS/2 subsetting not needed
2026-10-05 12:24:08,059 - fontTools.subset - INFO - cmap subsetted
2026-10-05 12:24:08,059 - fontTools.subset - INFO - post subsetted
2026-10-05 12:24:08,063 - fontTools.subset - INFO - CFF  subsetted
2026-10-05 12:24:08,064 - fontTools.subset - INFO - hmtx subsetted
2026-10-05 12:24:08,065 - fontTools.subset - INFO - GDEF subsetted
2026-10-05 12:24:08,065 - fontTools.subset - INFO - name subsetting not needed
2026-10-05 12:24:08,065 - fontTools.subset - INFO - head pruned
2026-10-05 12:24:08,066 - fontTools.subset - INFO - OS/2 Unicode ranges pruned: [0, 1, 60]
2026-10-05 12:24:08,066 - fontTools.subset - INFO - OS/2 CodePage ranges pruned: [0]
2026-10-05 12:24:08,092 - fontTools.subset - INFO - CFF  pruned
2026-10-05 12:24:08,092 - fontTools.subset - INFO - GDEF pruned
2026-10-05 12:24:08,092 - fontTools.subset - INFO - name pruned
2026-10-05 12:24:08,124 - weasyprint - WARNING - Using fontTools instead of HarfBuzz-Subset for font "Inter". This will be unsupported in future versions of WeasyPrint. Please install HarfBuzz-Subset >= 4.1.0 with your package manager.
2026-10-05 12:24:08,124 - fontTools.subset - INFO - maxp pruned
2026-10-05 12:24:08,129 - fontTools.subset - INFO - cmap pruned
2026-10-05 12:24:08,129 - fontTools.subset - INFO - post pruned
2026-10-05 12:24:08,130 - fontTools.subset - INFO - CFF  pruned
2026-10-05 12:24:08,130 - fontTools.subset - INFO - GPOS dropped
2026-10-05 12:24:08,130 - fontTools.subset - INFO - GSUB dropped
2026-10-05 12:24:08,131 - fontTools.subset - INFO - Added .notdef to subset
2026-10-05 12:24:08,131 - fontTools.subset - INFO - Closing glyph list over 'CFF ': 73 glyphs before
2026-10-05 12:24:08,131 - fontTools.subset - INFO - Glyph names: ['.notdef', 'A', 'B', 'C', 'D', 'E', 'F', 'G', 'L', 'M', 'P', 'Q', 'R', 'S', 'T', 'U', 'W', 'a', 'aacute', 'ampersand', 'arrowright.case', 'asciitilde.case', 'at', 'b', 'bar', 'bullet', 'c', 'colon', 'colon.case', 'comma', 'd', 'dollar', 'e', 'eacute', 'f', 'five', 'four', 'g', 'h', 'hyphen.case', 'i', 'iacute', 'j', 'k', 'l', 'm', 'n', 'ntilde', 'o', 'oacute', 'one', 'p', 'parenleft', 'parenleft.case', 'parenright', 'period', 'plus.case', 'r', 's', 'six', 'slash', 'space', 'space.tf', 't', 'three', 'trademark', 'two', 'u', 'v', 'w', 'y', 'z', 'zero']
2026-10-05 12:24:08,131 - fontTools.subset - INFO - Glyph IDs:   [0, 2, 65, 73, 84, 95, 137, 141, 282, 293, 376, 383, 385, 398, 412, 425, 460, 508, 509, 579, 587, 598, 615, 619, 648, 659, 671, 690, 701, 721, 729, 738, 768, 775, 776, 792, 798, 845, 854, 873, 891, 917, 982, 986, 1000, 1024, 1311, 1343, 1344, 1345, 1347, 1348, 1349, 1351, 1424, 1427, 1439, 1440, 1447, 1448, 1457, 1458, 1466, 1473, 1503, 1504, 1507, 1508, 1537, 1543, 1555, 1771, 1823]
2026-10-05 12:24:08,134 - fontTools.subset - INFO - Closed glyph list over 'CFF ': 73 glyphs after
2026-10-05 12:24:08,134 - fontTools.subset - INFO - Glyph names: ['.notdef', 'A', 'B', 'C', 'D', 'E', 'F', 'G', 'L', 'M', 'P', 'Q', 'R', 'S', 'T', 'U', 'W', 'a', 'aacute', 'ampersand', 'arrowright.case', 'asciitilde.case', 'at', 'b', 'bar', 'bullet', 'c', 'colon', 'colon.case', 'comma', 'd', 'dollar', 'e', 'eacute', 'f', 'five', 'four', 'g', 'h', 'hyphen.case', 'i', 'iacute', 'j', 'k', 'l', 'm', 'n', 'ntilde', 'o', 'oacute', 'one', 'p', 'parenleft', 'parenleft.case', 'parenright', 'period', 'plus.case', 'r', 's', 'six', 'slash', 'space', 'space.tf', 't', 'three', 'trademark', 'two', 'u', 'v', 'w', 'y', 'z', 'zero']
2026-10-05 12:24:08,134 - fontTools.subset - INFO - Glyph IDs:   [0, 2, 65, 73, 84, 95, 137, 141, 282, 293, 376, 383, 385, 398, 412, 425, 460, 508, 509, 579, 587, 598, 615, 619, 648, 659, 671, 690, 701, 721, 729, 738, 768, 775, 776, 792, 798, 845, 854, 873, 891, 917, 982, 986, 1000, 1024, 1311, 1343, 1344, 1345, 1347, 1348, 1349, 1351, 1424, 1427, 1439, 1440, 1447, 1448, 1457, 1458, 1466, 1473, 1503, 1504, 1507, 1508, 1537, 1543, 1555, 1771, 1823]
2026-10-05 12:24:08,135 - fontTools.subset - INFO - Retaining 73 glyphs
2026-10-05 12:24:08,136 - fontTools.subset - INFO - head subsetting not needed
2026-10-05 12:24:08,136 - fontTools.subset - INFO - hhea subsetting not needed
2026-10-05 12:24:08,136 - fontTools.subset - INFO - maxp subsetting not needed
2026-10-05 12:24:08,136 - fontTools.subset - INFO - OS/2 subsetting not needed
2026-10-05 12:24:08,137 - fontTools.subset - INFO - cmap subsetted
2026-10-05 12:24:08,137 - fontTools.subset - INFO - post subsetted
2026-10-05 12:24:08,140 - fontTools.subset - INFO - CFF  subsetted
2026-10-05 12:24:08,142 - fontTools.subset - INFO - hmtx subsetted
2026-10-05 12:24:08,143 - fontTools.subset - INFO - GDEF subsetted
2026-10-05 12:24:08,143 - fontTools.subset - INFO - name subsetting not needed
2026-10-05 12:24:08,143 - fontTools.subset - INFO - head pruned
2026-10-05 12:24:08,143 - fontTools.subset - INFO - OS/2 Unicode ranges pruned: [0, 1, 31, 35, 60]
2026-10-05 12:24:08,143 - fontTools.subset - INFO - OS/2 CodePage ranges pruned: [0]
2026-10-05 12:24:08,170 - fontTools.subset - INFO - CFF  pruned
2026-10-05 12:24:08,170 - fontTools.subset - INFO - GDEF pruned
2026-10-05 12:24:08,171 - fontTools.subset - INFO - name pruned
2026-10-05 12:24:08,209 - weasyprint - WARNING - Using fontTools instead of HarfBuzz-Subset for font "Noto Color Emoji". This will be unsupported in future versions of WeasyPrint. Please install HarfBuzz-Subset >= 4.1.0 with your package manager.
2026-10-05 12:24:08,209 - fontTools.subset - INFO - maxp pruned
2026-10-05 12:24:08,209 - fontTools.subset - INFO - cmap pruned
2026-10-05 12:24:08,209 - fontTools.subset - INFO - post pruned
2026-10-05 12:24:08,209 - fontTools.subset - INFO - GSUB dropped
2026-10-05 12:24:08,212 - fontTools.subset - INFO - Added .notdef to subset
2026-10-05 12:24:08,214 - fontTools.subset - INFO - Retaining 3 glyphs
2026-10-05 12:24:08,214 - fontTools.subset - INFO - head subsetting not needed
2026-10-05 12:24:08,214 - fontTools.subset - INFO - hhea subsetting not needed
2026-10-05 12:24:08,214 - fontTools.subset - INFO - maxp subsetting not needed
2026-10-05 12:24:08,214 - fontTools.subset - INFO - OS/2 subsetting not needed
2026-10-05 12:24:08,215 - fontTools.subset - INFO - hmtx subsetted
2026-10-05 12:24:08,215 - fontTools.subset - INFO - cmap subsetted
2026-10-05 12:24:08,215 - fontTools.subset - INFO - post subsetted
2026-10-05 12:24:08,230 - fontTools.subset - INFO - CBDT subsetted
2026-10-05 12:24:08,231 - fontTools.subset - INFO - CBLC subsetted
2026-10-05 12:24:08,231 - fontTools.subset - INFO - vhea subsetting not needed
2026-10-05 12:24:08,232 - fontTools.subset - INFO - vmtx subsetted
2026-10-05 12:24:08,232 - fontTools.subset - INFO - name subsetting not needed
2026-10-05 12:24:08,232 - fontTools.subset - INFO - head pruned
2026-10-05 12:24:08,232 - fontTools.subset - INFO - OS/2 Unicode ranges pruned: []
2026-10-05 12:24:08,233 - fontTools.subset - INFO - name pruned
2026-10-05 12:24:08,240 - weasyprint - WARNING - Using fontTools instead of HarfBuzz-Subset for font "Noto Color Emoji". This will be unsupported in future versions of WeasyPrint. Please install HarfBuzz-Subset >= 4.1.0 with your package manager.
2026-10-05 12:24:08,241 - fontTools.subset - INFO - maxp pruned
2026-10-05 12:24:08,241 - fontTools.subset - INFO - cmap pruned
2026-10-05 12:24:08,241 - fontTools.subset - INFO - post pruned
2026-10-05 12:24:08,241 - fontTools.subset - INFO - GSUB dropped
2026-10-05 12:24:08,244 - fontTools.subset - INFO - Added .notdef to subset
2026-10-05 12:24:08,246 - fontTools.subset - INFO - Retaining 2 glyphs
2026-10-05 12:24:08,246 - fontTools.subset - INFO - head subsetting not needed
2026-10-05 12:24:08,246 - fontTools.subset - INFO - hhea subsetting not needed
2026-10-05 12:24:08,246 - fontTools.subset - INFO - maxp subsetting not needed
2026-10-05 12:24:08,246 - fontTools.subset - INFO - OS/2 subsetting not needed
2026-10-05 12:24:08,247 - fontTools.subset - INFO - hmtx subsetted
2026-10-05 12:24:08,248 - fontTools.subset - INFO - cmap subsetted
2026-10-05 12:24:08,248 - fontTools.subset - INFO - post subsetted
2026-10-05 12:24:08,258 - fontTools.subset - INFO - CBDT subsetted
2026-10-05 12:24:08,259 - fontTools.subset - INFO - CBLC subsetted
2026-10-05 12:24:08,259 - fontTools.subset - INFO - vhea subsetting not needed
2026-10-05 12:24:08,259 - fontTools.subset - INFO - vmtx subsetted
2026-10-05 12:24:08,259 - fontTools.subset - INFO - name subsetting not needed
2026-10-05 12:24:08,260 - fontTools.subset - INFO - head pruned
2026-10-05 12:24:08,260 - fontTools.subset - INFO - OS/2 Unicode ranges pruned: []
2026-10-05 12:24:08,260 - fontTools.subset - INFO - name pruned
2026-10-05 12:24:08,273 - agents.proposal_generator_agent - INFO - ✅ PDF generado: data/proposals/PROPUESTA_ConsultorLabs_20.pdf
2026-10-05 12:24:08,275 - orchestrator - INFO - ✅ Archivos de propuesta 20 actualizados
2026-10-05 12:24:08,275 - agents.proposal_generator_agent - INFO - ✅ Propuesta generada: ID 20
2026-10-05 12:24:08,275 - main_orchestrator - INFO - ✅ Proposal Gen | ConsultorLabs (ID: 20)
2026-10-05 12:24:08,275 - main_orchestrator - INFO - ❌ Email Send | 'EmailSenderAgent' object has no attribute 'send_proposal_email'
2026-10-05 12:24:08,275 - main_orchestrator - INFO - ❌ Email Send | 'EmailSenderAgent' object has no attribute 'send_proposal_email'
2026-10-05 12:24:08,275 - main_orchestrator - INFO - ❌ Email Send | 'EmailSenderAgent' object has no attribute 'send_proposal_email'
2026-10-05 12:24:08,275 - agents.followup_agent - INFO - ⚠️  Ya existe una secuencia activa para Raíces de Cauquenes
2026-10-05 12:24:08,275 - main_orchestrator - INFO - ✅ Follow-up Init | Raíces de Cauquenes (Seq: N/A)
2026-10-05 12:24:08,275 - agents.followup_agent - INFO - ⚠️  Ya existe una secuencia activa para TechShop Premium
2026-10-05 12:24:08,275 - main_orchestrator - INFO - ✅ Follow-up Init | TechShop Premium (Seq: N/A)
2026-10-05 12:24:08,276 - agents.followup_agent - INFO - ⚠️  Ya existe una secuencia activa para ConsultorLabs
2026-10-05 12:24:08,276 - main_orchestrator - INFO - ✅ Follow-up Init | ConsultorLabs (Seq: N/A)
2026-10-05 12:24:08,276 - agents.funnel_management_agent - INFO - ✅ Cliente Raíces de Cauquenes movido a etapa: PROPUESTA
2026-10-05 12:24:08,276 - main_orchestrator - INFO - ✅ Pipeline Update | Raíces de Cauquenes → PROPUESTA
2026-10-05 12:24:08,277 - agents.funnel_management_agent - INFO - ✅ Cliente TechShop Premium movido a etapa: PROPUESTA
2026-10-05 12:24:08,277 - main_orchestrator - INFO - ✅ Pipeline Update | TechShop Premium → PROPUESTA
2026-10-05 12:24:08,278 - agents.funnel_management_agent - INFO - ✅ Cliente ConsultorLabs movido a etapa: PROPUESTA
2026-10-05 12:24:08,278 - main_orchestrator - INFO - ✅ Pipeline Update | ConsultorLabs → PROPUESTA
2026-10-05 12:24:08,278 - agents.lead_scorer_agent - INFO - ✅ Lead Scorer Agent inicializado
2026-10-05 12:24:08,278 - agents.lead_scorer_agent - INFO - 🎯 0 leads con score >= 75
2026-10-05 12:24:08,279 - agents.lead_scorer_agent - INFO - ✅ Lead Scorer Agent inicializado
2026-10-05 12:24:08,279 - agents.lead_scorer_agent - INFO - 🎯 0 leads con score >= 75
2026-10-05 12:24:08,279 - main_orchestrator - INFO - ✅ Dashboard Gen | Dashboards generados (4)
2026-10-05 12:24:08,280 - agents.sales_pipeline_agent - INFO - ✅ Analytics exportado a JSON
2026-10-05 12:24:08,280 - main_orchestrator - INFO - ✅ Reports | Todos los reportes generados
2026-10-05 12:24:08,281 - main_orchestrator - INFO - ✅ Resumen guardado en: data/fase8_execution_summary.json
2026-10-05 12:24:08,281 - orchestrator - INFO - ✅ Conexión a BD cerrada
2026-10-05 12:24:19,118 - orchestrator - INFO - ✅ Configuración cargada desde config.yaml
2026-10-05 12:24:19,118 - orchestrator - INFO - 🚀 Inicializando Felix Automation Orchestrator
2026-10-05 12:24:19,118 - orchestrator - INFO - ✅ Conectado a BD: ./felix_automation.db
2026-10-05 12:24:19,118 - agents.multi_platform_auditor_agent - INFO - ✅ Multi-Platform Auditor Agent inicializado
2026-10-05 12:24:19,118 - agents.lead_scorer_agent - INFO - ✅ Lead Scorer Agent inicializado
2026-10-05 12:24:19,118 - agents.proposal_generator_agent - INFO - ✅ Proposal Generator Agent inicializado
2026-10-05 12:24:19,118 - agents.email_sender_agent - INFO - ✅ SendGrid API key cargada correctamente
2026-10-05 12:24:19,119 - agents.email_queue_agent - INFO - ✅ Email Queue Agent inicializado
2026-10-05 12:24:19,119 - agents.email_sender_agent - INFO - ✅ Email Sender Agent inicializado
2026-10-05 12:24:19,119 - agents.followup_agent - INFO - ✅ Follow-up Agent inicializado
2026-10-05 12:24:19,119 - agents.sales_pipeline_agent - INFO - ✅ Sales Pipeline Agent inicializado
2026-10-05 12:24:19,119 - agents.funnel_management_agent - INFO - ✅ Funnel Management Agent inicializado
2026-10-05 12:24:19,119 - main_orchestrator - INFO - ✅ Main Orchestrator FASE 8 inicializado
2026-10-05 12:24:19,119 - agents.multi_platform_auditor_agent - INFO - 🔍 Auditando cliente: Raíces de Cauquenes en plataformas: ['web', 'facebook_ads', 'google_ads']
2026-10-05 12:24:19,120 - agents.multi_platform_auditor_agent - INFO -   ⚡ Computando Web para Raíces de Cauquenes
2026-10-05 12:24:19,120 - agents.multi_platform_auditor_agent - INFO -   📘 Computando Facebook Ads para Raíces de Cauquenes
2026-10-05 12:24:19,120 - agents.multi_platform_auditor_agent - INFO -   🔍 Computando Google Ads para Raíces de Cauquenes
2026-10-05 12:24:19,126 - orchestrator - INFO - ✅ Auditoría creada: web para cliente ID 1 (Audit ID: 76)
2026-10-05 12:24:19,127 - orchestrator - INFO - ✅ Auditoría 76 actualizada - Score: 72/100
2026-10-05 12:24:19,127 - agents.multi_platform_auditor_agent - INFO -   ✅ web: 72/100
2026-10-05 12:24:19,128 - orchestrator - INFO - ✅ Auditoría creada: facebook_ads para cliente ID 1 (Audit ID: 77)
2026-10-05 12:24:19,128 - orchestrator - INFO - ✅ Auditoría 77 actualizada - Score: 97/100
2026-10-05 12:24:19,128 - agents.multi_platform_auditor_agent - INFO -   ✅ facebook_ads: 97/100
2026-10-05 12:24:19,129 - orchestrator - INFO - ✅ Auditoría creada: google_ads para cliente ID 1 (Audit ID: 78)
2026-10-05 12:24:19,130 - orchestrator - INFO - ✅ Auditoría 78 actualizada - Score: 88/100
2026-10-05 12:24:19,130 - agents.multi_platform_auditor_agent - INFO -   ✅ google_ads: 88/100
2026-10-05 12:24:19,130 - agents.multi_platform_auditor_agent - INFO -   💾 Guardando resultados - Score promedio: 85/100
2026-10-05 12:24:19,130 - main_orchestrator - INFO - ✅ Audit | Cliente Raíces de Cauquenes
2026-10-05 12:24:19,130 - agents.multi_platform_auditor_agent - INFO - 🔍 Auditando cliente: TechShop Premium en plataformas: ['web', 'facebook_ads', 'google_ads']
2026-10-05 12:24:19,130 - agents.multi_platform_auditor_agent - INFO -   ⚡ Computando Web para TechShop Premium
2026-10-05 12:24:19,131 - agents.multi_platform_auditor_agent - INFO -   📘 Computando Facebook Ads para TechShop Premium
2026-10-05 12:24:19,131 - agents.multi_platform_auditor_agent - INFO -   🔍 Computando Google Ads para TechShop Premium
2026-10-05 12:24:19,132 - orchestrator - INFO - ✅ Auditoría creada: facebook_ads para cliente ID 2 (Audit ID: 79)
2026-10-05 12:24:19,133 - orchestrator - INFO - ✅ Auditoría 79 actualizada - Score: 97/100
2026-10-05 12:24:19,133 - agents.multi_platform_auditor_agent - INFO -   ✅ facebook_ads: 97/100
2026-10-05 12:24:19,133 - orchestrator - INFO - ✅ Auditoría creada: web para cliente ID 2 (Audit ID: 80)
2026-10-05 12:24:19,134 - orchestrator - INFO - ✅ Auditoría 80 actualizada - Score: 72/100
2026-10-05 12:24:19,134 - agents.multi_platform_auditor_agent - INFO -   ✅ web: 72/100
2026-10-05 12:24:19,135 - orchestrator - INFO - ✅ Auditoría creada: google_ads para cliente ID 2 (Audit ID: 81)
2026-10-05 12:24:19,136 - orchestrator - INFO - ✅ Auditoría 81 actualizada - Score: 88/100
2026-10-05 12:24:19,136 - agents.multi_platform_auditor_agent - INFO -   ✅ google_ads: 88/100
2026-10-05 12:24:19,136 - agents.multi_platform_auditor_agent - INFO -   💾 Guardando resultados - Score promedio: 85/100
2026-10-05 12:24:19,136 - main_orchestrator - INFO - ✅ Audit | Cliente TechShop Premium
2026-10-05 12:24:19,136 - agents.multi_platform_auditor_agent - INFO - 🔍 Auditando cliente: ConsultorLabs en plataformas: ['web', 'facebook_ads', 'google_ads']
2026-10-05 12:24:19,136 - agents.multi_platform_auditor_agent - INFO -   ⚡ Computando Web para ConsultorLabs
2026-10-05 12:24:19,136 - agents.multi_platform_auditor_agent - INFO -   📘 Computando Facebook Ads para ConsultorLabs
2026-10-05 12:24:19,137 - agents.multi_platform_auditor_agent - INFO -   🔍 Computando Google Ads para ConsultorLabs
2026-10-05 12:24:19,138 - orchestrator - INFO - ✅ Auditoría creada: web para cliente ID 3 (Audit ID: 82)
2026-10-05 12:24:19,139 - orchestrator - INFO - ✅ Auditoría 82 actualizada - Score: 72/100
2026-10-05 12:24:19,139 - agents.multi_platform_auditor_agent - INFO -   ✅ web: 72/100
2026-10-05 12:24:19,140 - orchestrator - INFO - ✅ Auditoría creada: facebook_ads para cliente ID 3 (Audit ID: 83)
2026-10-05 12:24:19,141 - orchestrator - INFO - ✅ Auditoría 83 actualizada - Score: 97/100
2026-10-05 12:24:19,141 - agents.multi_platform_auditor_agent - INFO -   ✅ facebook_ads: 97/100
2026-10-05 12:24:19,141 - orchestrator - INFO - ✅ Auditoría creada: google_ads para cliente ID 3 (Audit ID: 84)
2026-10-05 12:24:19,142 - orchestrator - INFO - ✅ Auditoría 84 actualizada - Score: 88/100
2026-10-05 12:24:19,142 - agents.multi_platform_auditor_agent - INFO -   ✅ google_ads: 88/100
2026-10-05 12:24:19,142 - agents.multi_platform_auditor_agent - INFO -   💾 Guardando resultados - Score promedio: 85/100
2026-10-05 12:24:19,142 - main_orchestrator - INFO - ✅ Audit | Cliente ConsultorLabs
2026-10-05 12:24:19,142 - main_orchestrator - INFO - ✅ Lead Score | Raíces de Cauquenes: 81 🟢 ALTO
2026-10-05 12:24:19,143 - main_orchestrator - INFO - ✅ Lead Score | TechShop Premium: 83 🟢 ALTO
2026-10-05 12:24:19,143 - main_orchestrator - INFO - ✅ Lead Score | ConsultorLabs: 79 🟢 ALTO
2026-10-05 12:24:19,143 - agents.proposal_generator_agent - INFO - 📝 Generando propuesta para: Raíces de Cauquenes
2026-10-05 12:24:19,144 - orchestrator - INFO - ✅ Propuesta creada: ID 21 para cliente ID 1
2026-10-05 12:24:19,540 - weasyprint.progress - INFO - Step 2 - Fetching and parsing CSS - CSS string
2026-10-05 12:24:19,591 - weasyprint.progress - INFO - Step 2 - Fetching and parsing CSS - CSS string
2026-10-05 12:24:19,612 - weasyprint.progress - INFO - Step 2 - Fetching and parsing CSS - CSS string
2026-10-05 12:24:19,754 - weasyprint.progress - INFO - Step 1 - Fetching and parsing HTML - HTML string
2026-10-05 12:24:19,799 - weasyprint.progress - INFO - Step 2 - Fetching and parsing CSS - CSS string
2026-10-05 12:24:19,804 - weasyprint.progress - INFO - Step 3 - Applying CSS
2026-10-05 12:24:19,809 - weasyprint.progress - INFO - Step 4 - Creating formatting structure
2026-10-05 12:24:19,812 - weasyprint.progress - INFO - Step 5 - Creating layout - Page 1
2026-10-05 12:24:19,872 - weasyprint.progress - INFO - Step 5 - Creating layout - Page 2
2026-10-05 12:24:19,893 - weasyprint.progress - INFO - Step 6 - Creating PDF
2026-10-05 12:24:19,963 - weasyprint.progress - INFO - Step 7 - Adding PDF metadata
2026-10-05 12:24:19,963 - weasyprint - WARNING - Using fontTools instead of HarfBuzz-Subset for font "Inter". This will be unsupported in future versions of WeasyPrint. Please install HarfBuzz-Subset >= 4.1.0 with your package manager.
2026-10-05 12:24:19,964 - fontTools.subset - INFO - maxp pruned
2026-10-05 12:24:19,969 - fontTools.subset - INFO - cmap pruned
2026-10-05 12:24:19,970 - fontTools.subset - INFO - post pruned
2026-10-05 12:24:19,971 - fontTools.subset - INFO - CFF  pruned
2026-10-05 12:24:19,971 - fontTools.subset - INFO - GPOS dropped
2026-10-05 12:24:19,971 - fontTools.subset - INFO - GSUB dropped
2026-10-05 12:24:19,972 - fontTools.subset - INFO - Added .notdef to subset
2026-10-05 12:24:19,972 - fontTools.subset - INFO - Closing glyph list over 'CFF ': 43 glyphs before
2026-10-05 12:24:19,972 - fontTools.subset - INFO - Glyph names: ['.notdef', 'A', 'D', 'I', 'L', 'M', 'N', 'O', 'P', 'Q', 'R', 'S', 'T', 'a', 'c', 'colon', 'd', 'e', 'eacute', 'eight', 'five', 'g', 'i', 'iacute', 'j', 'l', 'm', 'n', 'o', 'oacute', 'p', 'percent', 'plus.case', 'question', 'questiondown', 'r', 's', 'six', 'space', 't', 'u', 'v', 'y']
2026-10-05 12:24:19,972 - fontTools.subset - INFO - Glyph IDs:   [0, 2, 84, 197, 282, 293, 301, 322, 376, 383, 385, 398, 412, 508, 587, 598, 615, 619, 659, 690, 701, 721, 738, 768, 775, 792, 798, 845, 854, 873, 891, 917, 982, 1000, 1349, 1351, 1353, 1433, 1436, 1507, 1537, 1738, 1771]
2026-10-05 12:24:19,975 - fontTools.subset - INFO - Closed glyph list over 'CFF ': 43 glyphs after
2026-10-05 12:24:19,975 - fontTools.subset - INFO - Glyph names: ['.notdef', 'A', 'D', 'I', 'L', 'M', 'N', 'O', 'P', 'Q', 'R', 'S', 'T', 'a', 'c', 'colon', 'd', 'e', 'eacute', 'eight', 'five', 'g', 'i', 'iacute', 'j', 'l', 'm', 'n', 'o', 'oacute', 'p', 'percent', 'plus.case', 'question', 'questiondown', 'r', 's', 'six', 'space', 't', 'u', 'v', 'y']
2026-10-05 12:24:19,975 - fontTools.subset - INFO - Glyph IDs:   [0, 2, 84, 197, 282, 293, 301, 322, 376, 383, 385, 398, 412, 508, 587, 598, 615, 619, 659, 690, 701, 721, 738, 768, 775, 792, 798, 845, 854, 873, 891, 917, 982, 1000, 1349, 1351, 1353, 1433, 1436, 1507, 1537, 1738, 1771]
2026-10-05 12:24:19,976 - fontTools.subset - INFO - Retaining 43 glyphs
2026-10-05 12:24:19,976 - fontTools.subset - INFO - head subsetting not needed
2026-10-05 12:24:19,976 - fontTools.subset - INFO - hhea subsetting not needed
2026-10-05 12:24:19,976 - fontTools.subset - INFO - maxp subsetting not needed
2026-10-05 12:24:19,976 - fontTools.subset - INFO - OS/2 subsetting not needed
2026-10-05 12:24:19,977 - fontTools.subset - INFO - cmap subsetted
2026-10-05 12:24:19,977 - fontTools.subset - INFO - post subsetted
2026-10-05 12:24:19,981 - fontTools.subset - INFO - CFF  subsetted
2026-10-05 12:24:19,982 - fontTools.subset - INFO - hmtx subsetted
2026-10-05 12:24:19,983 - fontTools.subset - INFO - GDEF subsetted
2026-10-05 12:24:19,983 - fontTools.subset - INFO - name subsetting not needed
2026-10-05 12:24:19,983 - fontTools.subset - INFO - head pruned
2026-10-05 12:24:19,984 - fontTools.subset - INFO - OS/2 Unicode ranges pruned: [0, 1, 60]
2026-10-05 12:24:19,984 - fontTools.subset - INFO - OS/2 CodePage ranges pruned: [0]
2026-10-05 12:24:20,008 - fontTools.subset - INFO - CFF  pruned
2026-10-05 12:24:20,008 - fontTools.subset - INFO - GDEF pruned
2026-10-05 12:24:20,009 - fontTools.subset - INFO - name pruned
2026-10-05 12:24:20,043 - weasyprint - WARNING - Using fontTools instead of HarfBuzz-Subset for font "Inter". This will be unsupported in future versions of WeasyPrint. Please install HarfBuzz-Subset >= 4.1.0 with your package manager.
2026-10-05 12:24:20,043 - fontTools.subset - INFO - maxp pruned
2026-10-05 12:24:20,049 - fontTools.subset - INFO - cmap pruned
2026-10-05 12:24:20,049 - fontTools.subset - INFO - post pruned
2026-10-05 12:24:20,050 - fontTools.subset - INFO - CFF  pruned
2026-10-05 12:24:20,050 - fontTools.subset - INFO - GPOS dropped
2026-10-05 12:24:20,050 - fontTools.subset - INFO - GSUB dropped
2026-10-05 12:24:20,051 - fontTools.subset - INFO - Added .notdef to subset
2026-10-05 12:24:20,051 - fontTools.subset - INFO - Closing glyph list over 'CFF ': 74 glyphs before
2026-10-05 12:24:20,051 - fontTools.subset - INFO - Glyph names: ['.notdef', 'A', 'B', 'C', 'D', 'E', 'F', 'G', 'M', 'P', 'Q', 'R', 'S', 'T', 'U', 'W', 'a', 'aacute', 'ampersand', 'arrowright.case', 'asciitilde.case', 'at', 'b', 'bar', 'bullet', 'c', 'colon', 'colon.case', 'comma', 'd', 'dollar', 'e', 'eacute', 'f', 'five', 'four', 'g', 'h', 'hyphen.case', 'i', 'iacute', 'j', 'k', 'l', 'm', 'n', 'nine', 'ntilde', 'o', 'oacute', 'one', 'p', 'parenleft', 'parenleft.case', 'parenright', 'period', 'plus.case', 'q', 'r', 's', 'six', 'slash', 'space', 'space.tf', 't', 'three', 'trademark', 'two', 'u', 'v', 'w', 'y', 'z', 'zero']
2026-10-05 12:24:20,051 - fontTools.subset - INFO - Glyph IDs:   [0, 2, 65, 73, 84, 95, 137, 141, 293, 376, 383, 385, 398, 412, 425, 460, 508, 509, 579, 587, 598, 615, 619, 648, 659, 671, 690, 701, 721, 729, 738, 768, 775, 776, 792, 798, 845, 851, 854, 873, 891, 917, 982, 986, 1000, 1024, 1311, 1343, 1344, 1345, 1347, 1348, 1349, 1351, 1354, 1424, 1427, 1439, 1440, 1447, 1448, 1457, 1458, 1466, 1473, 1503, 1504, 1507, 1508, 1537, 1543, 1555, 1771, 1823]
2026-10-05 12:24:20,055 - fontTools.subset - INFO - Closed glyph list over 'CFF ': 74 glyphs after
2026-10-05 12:24:20,055 - fontTools.subset - INFO - Glyph names: ['.notdef', 'A', 'B', 'C', 'D', 'E', 'F', 'G', 'M', 'P', 'Q', 'R', 'S', 'T', 'U', 'W', 'a', 'aacute', 'ampersand', 'arrowright.case', 'asciitilde.case', 'at', 'b', 'bar', 'bullet', 'c', 'colon', 'colon.case', 'comma', 'd', 'dollar', 'e', 'eacute', 'f', 'five', 'four', 'g', 'h', 'hyphen.case', 'i', 'iacute', 'j', 'k', 'l', 'm', 'n', 'nine', 'ntilde', 'o', 'oacute', 'one', 'p', 'parenleft', 'parenleft.case', 'parenright', 'period', 'plus.case', 'q', 'r', 's', 'six', 'slash', 'space', 'space.tf', 't', 'three', 'trademark', 'two', 'u', 'v', 'w', 'y', 'z', 'zero']
2026-10-05 12:24:20,055 - fontTools.subset - INFO - Glyph IDs:   [0, 2, 65, 73, 84, 95, 137, 141, 293, 376, 383, 385, 398, 412, 425, 460, 508, 509, 579, 587, 598, 615, 619, 648, 659, 671, 690, 701, 721, 729, 738, 768, 775, 776, 792, 798, 845, 851, 854, 873, 891, 917, 982, 986, 1000, 1024, 1311, 1343, 1344, 1345, 1347, 1348, 1349, 1351, 1354, 1424, 1427, 1439, 1440, 1447, 1448, 1457, 1458, 1466, 1473, 1503, 1504, 1507, 1508, 1537, 1543, 1555, 1771, 1823]
2026-10-05 12:24:20,056 - fontTools.subset - INFO - Retaining 74 glyphs
2026-10-05 12:24:20,057 - fontTools.subset - INFO - head subsetting not needed
2026-10-05 12:24:20,057 - fontTools.subset - INFO - hhea subsetting not needed
2026-10-05 12:24:20,057 - fontTools.subset - INFO - maxp subsetting not needed
2026-10-05 12:24:20,057 - fontTools.subset - INFO - OS/2 subsetting not needed
2026-10-05 12:24:20,058 - fontTools.subset - INFO - cmap subsetted
2026-10-05 12:24:20,058 - fontTools.subset - INFO - post subsetted
2026-10-05 12:24:20,062 - fontTools.subset - INFO - CFF  subsetted
2026-10-05 12:24:20,063 - fontTools.subset - INFO - hmtx subsetted
2026-10-05 12:24:20,064 - fontTools.subset - INFO - GDEF subsetted
2026-10-05 12:24:20,064 - fontTools.subset - INFO - name subsetting not needed
2026-10-05 12:24:20,064 - fontTools.subset - INFO - head pruned
2026-10-05 12:24:20,064 - fontTools.subset - INFO - OS/2 Unicode ranges pruned: [0, 1, 31, 35, 60]
2026-10-05 12:24:20,064 - fontTools.subset - INFO - OS/2 CodePage ranges pruned: [0]
2026-10-05 12:24:20,093 - fontTools.subset - INFO - CFF  pruned
2026-10-05 12:24:20,093 - fontTools.subset - INFO - GDEF pruned
2026-10-05 12:24:20,094 - fontTools.subset - INFO - name pruned
2026-10-05 12:24:20,134 - weasyprint - WARNING - Using fontTools instead of HarfBuzz-Subset for font "Noto Color Emoji". This will be unsupported in future versions of WeasyPrint. Please install HarfBuzz-Subset >= 4.1.0 with your package manager.
2026-10-05 12:24:20,134 - fontTools.subset - INFO - maxp pruned
2026-10-05 12:24:20,134 - fontTools.subset - INFO - cmap pruned
2026-10-05 12:24:20,134 - fontTools.subset - INFO - post pruned
2026-10-05 12:24:20,135 - fontTools.subset - INFO - GSUB dropped
2026-10-05 12:24:20,143 - fontTools.subset - INFO - Added .notdef to subset
2026-10-05 12:24:20,145 - fontTools.subset - INFO - Retaining 3 glyphs
2026-10-05 12:24:20,145 - fontTools.subset - INFO - head subsetting not needed
2026-10-05 12:24:20,145 - fontTools.subset - INFO - hhea subsetting not needed
2026-10-05 12:24:20,145 - fontTools.subset - INFO - maxp subsetting not needed
2026-10-05 12:24:20,145 - fontTools.subset - INFO - OS/2 subsetting not needed
2026-10-05 12:24:20,146 - fontTools.subset - INFO - hmtx subsetted
2026-10-05 12:24:20,146 - fontTools.subset - INFO - cmap subsetted
2026-10-05 12:24:20,146 - fontTools.subset - INFO - post subsetted
2026-10-05 12:24:20,210 - fontTools.subset - INFO - CBDT subsetted
2026-10-05 12:24:20,211 - fontTools.subset - INFO - CBLC subsetted
2026-10-05 12:24:20,211 - fontTools.subset - INFO - vhea subsetting not needed
2026-10-05 12:24:20,211 - fontTools.subset - INFO - vmtx subsetted
2026-10-05 12:24:20,212 - fontTools.subset - INFO - name subsetting not needed
2026-10-05 12:24:20,212 - fontTools.subset - INFO - head pruned
2026-10-05 12:24:20,212 - fontTools.subset - INFO - OS/2 Unicode ranges pruned: []
2026-10-05 12:24:20,212 - fontTools.subset - INFO - name pruned
2026-10-05 12:24:20,219 - weasyprint - WARNING - Using fontTools instead of HarfBuzz-Subset for font "Noto Color Emoji". This will be unsupported in future versions of WeasyPrint. Please install HarfBuzz-Subset >= 4.1.0 with your package manager.
2026-10-05 12:24:20,219 - fontTools.subset - INFO - maxp pruned
2026-10-05 12:24:20,219 - fontTools.subset - INFO - cmap pruned
2026-10-05 12:24:20,219 - fontTools.subset - INFO - post pruned
2026-10-05 12:24:20,219 - fontTools.subset - INFO - GSUB dropped
2026-10-05 12:24:20,223 - fontTools.subset - INFO - Added .notdef to subset
2026-10-05 12:24:20,224 - fontTools.subset - INFO - Retaining 2 glyphs
2026-10-05 12:24:20,224 - fontTools.subset - INFO - head subsetting not needed
2026-10-05 12:24:20,224 - fontTools.subset - INFO - hhea subsetting not needed
2026-10-05 12:24:20,224 - fontTools.subset - INFO - maxp subsetting not needed
2026-10-05 12:24:20,224 - fontTools.subset - INFO - OS/2 subsetting not needed
2026-10-05 12:24:20,225 - fontTools.subset - INFO - hmtx subsetted
2026-10-05 12:24:20,225 - fontTools.subset - INFO - cmap subsetted
2026-10-05 12:24:20,225 - fontTools.subset - INFO - post subsetted
2026-10-05 12:24:20,250 - fontTools.subset - INFO - CBDT subsetted
2026-10-05 12:24:20,251 - fontTools.subset - INFO - CBLC subsetted
2026-10-05 12:24:20,251 - fontTools.subset - INFO - vhea subsetting not needed
2026-10-05 12:24:20,251 - fontTools.subset - INFO - vmtx subsetted
2026-10-05 12:24:20,251 - fontTools.subset - INFO - name subsetting not needed
2026-10-05 12:24:20,252 - fontTools.subset - INFO - head pruned
2026-10-05 12:24:20,252 - fontTools.subset - INFO - OS/2 Unicode ranges pruned: []
2026-10-05 12:24:20,252 - fontTools.subset - INFO - name pruned
2026-10-05 12:24:20,265 - agents.proposal_generator_agent - INFO - ✅ PDF generado: data/proposals/PROPUESTA_Raíces_de_Cauquenes_21.pdf
2026-10-05 12:24:20,267 - orchestrator - INFO - ✅ Archivos de propuesta 21 actualizados
2026-10-05 12:24:20,267 - agents.proposal_generator_agent - INFO - ✅ Propuesta generada: ID 21
2026-10-05 12:24:20,267 - main_orchestrator - INFO - ✅ Proposal Gen | Raíces de Cauquenes (ID: 21)
2026-10-05 12:24:20,268 - agents.proposal_generator_agent - INFO - 📝 Generando propuesta para: TechShop Premium
2026-10-05 12:24:20,269 - orchestrator - INFO - ✅ Propuesta creada: ID 22 para cliente ID 2
2026-10-05 12:24:20,269 - weasyprint.progress - INFO - Step 1 - Fetching and parsing HTML - HTML string
2026-10-05 12:24:20,310 - weasyprint.progress - INFO - Step 2 - Fetching and parsing CSS - CSS string
2026-10-05 12:24:20,315 - weasyprint.progress - INFO - Step 3 - Applying CSS
2026-10-05 12:24:20,320 - weasyprint.progress - INFO - Step 4 - Creating formatting structure
2026-10-05 12:24:20,323 - weasyprint.progress - INFO - Step 5 - Creating layout - Page 1
2026-10-05 12:24:20,357 - weasyprint.progress - INFO - Step 5 - Creating layout - Page 2
2026-10-05 12:24:20,372 - weasyprint.progress - INFO - Step 6 - Creating PDF
2026-10-05 12:24:20,413 - weasyprint.progress - INFO - Step 7 - Adding PDF metadata
2026-10-05 12:24:20,413 - weasyprint - WARNING - Using fontTools instead of HarfBuzz-Subset for font "Inter". This will be unsupported in future versions of WeasyPrint. Please install HarfBuzz-Subset >= 4.1.0 with your package manager.
2026-10-05 12:24:20,413 - fontTools.subset - INFO - maxp pruned
2026-10-05 12:24:20,419 - fontTools.subset - INFO - cmap pruned
2026-10-05 12:24:20,420 - fontTools.subset - INFO - post pruned
2026-10-05 12:24:20,421 - fontTools.subset - INFO - CFF  pruned
2026-10-05 12:24:20,421 - fontTools.subset - INFO - GPOS dropped
2026-10-05 12:24:20,421 - fontTools.subset - INFO - GSUB dropped
2026-10-05 12:24:20,422 - fontTools.subset - INFO - Added .notdef to subset
2026-10-05 12:24:20,422 - fontTools.subset - INFO - Closing glyph list over 'CFF ': 45 glyphs before
2026-10-05 12:24:20,423 - fontTools.subset - INFO - Glyph names: ['.notdef', 'A', 'D', 'I', 'L', 'M', 'N', 'O', 'P', 'Q', 'R', 'S', 'T', 'a', 'c', 'colon', 'd', 'e', 'eacute', 'eight', 'five', 'g', 'i', 'iacute', 'j', 'l', 'm', 'n', 'o', 'oacute', 'p', 'percent', 'plus.case', 'question', 'questiondown', 'r', 's', 'six', 'space', 't', 'two', 'u', 'v', 'y', 'zero']
2026-10-05 12:24:20,423 - fontTools.subset - INFO - Glyph IDs:   [0, 2, 84, 197, 282, 293, 301, 322, 376, 383, 385, 398, 412, 508, 587, 598, 615, 619, 659, 690, 701, 721, 738, 768, 775, 792, 798, 845, 854, 873, 891, 917, 982, 1000, 1343, 1345, 1349, 1351, 1353, 1433, 1436, 1507, 1537, 1738, 1771]
2026-10-05 12:24:20,426 - fontTools.subset - INFO - Closed glyph list over 'CFF ': 45 glyphs after
2026-10-05 12:24:20,426 - fontTools.subset - INFO - Glyph names: ['.notdef', 'A', 'D', 'I', 'L', 'M', 'N', 'O', 'P', 'Q', 'R', 'S', 'T', 'a', 'c', 'colon', 'd', 'e', 'eacute', 'eight', 'five', 'g', 'i', 'iacute', 'j', 'l', 'm', 'n', 'o', 'oacute', 'p', 'percent', 'plus.case', 'question', 'questiondown', 'r', 's', 'six', 'space', 't', 'two', 'u', 'v', 'y', 'zero']
2026-10-05 12:24:20,426 - fontTools.subset - INFO - Glyph IDs:   [0, 2, 84, 197, 282, 293, 301, 322, 376, 383, 385, 398, 412, 508, 587, 598, 615, 619, 659, 690, 701, 721, 738, 768, 775, 792, 798, 845, 854, 873, 891, 917, 982, 1000, 1343, 1345, 1349, 1351, 1353, 1433, 1436, 1507, 1537, 1738, 1771]
2026-10-05 12:24:20,427 - fontTools.subset - INFO - Retaining 45 glyphs
2026-10-05 12:24:20,427 - fontTools.subset - INFO - head subsetting not needed
2026-10-05 12:24:20,427 - fontTools.subset - INFO - hhea subsetting not needed
2026-10-05 12:24:20,428 - fontTools.subset - INFO - maxp subsetting not needed
2026-10-05 12:24:20,428 - fontTools.subset - INFO - OS/2 subsetting not needed
2026-10-05 12:24:20,428 - fontTools.subset - INFO - cmap subsetted
2026-10-05 12:24:20,429 - fontTools.subset - INFO - post subsetted
2026-10-05 12:24:20,433 - fontTools.subset - INFO - CFF  subsetted
2026-10-05 12:24:20,434 - fontTools.subset - INFO - hmtx subsetted
2026-10-05 12:24:20,435 - fontTools.subset - INFO - GDEF subsetted
2026-10-05 12:24:20,436 - fontTools.subset - INFO - name subsetting not needed
2026-10-05 12:24:20,436 - fontTools.subset - INFO - head pruned
2026-10-05 12:24:20,436 - fontTools.subset - INFO - OS/2 Unicode ranges pruned: [0, 1, 60]
2026-10-05 12:24:20,436 - fontTools.subset - INFO - OS/2 CodePage ranges pruned: [0]
2026-10-05 12:24:20,467 - fontTools.subset - INFO - CFF  pruned
2026-10-05 12:24:20,468 - fontTools.subset - INFO - GDEF pruned
2026-10-05 12:24:20,468 - fontTools.subset - INFO - name pruned
2026-10-05 12:24:20,502 - weasyprint - WARNING - Using fontTools instead of HarfBuzz-Subset for font "Inter". This will be unsupported in future versions of WeasyPrint. Please install HarfBuzz-Subset >= 4.1.0 with your package manager.
2026-10-05 12:24:20,502 - fontTools.subset - INFO - maxp pruned
2026-10-05 12:24:20,507 - fontTools.subset - INFO - cmap pruned
2026-10-05 12:24:20,508 - fontTools.subset - INFO - post pruned
2026-10-05 12:24:20,509 - fontTools.subset - INFO - CFF  pruned
2026-10-05 12:24:20,509 - fontTools.subset - INFO - GPOS dropped
2026-10-05 12:24:20,509 - fontTools.subset - INFO - GSUB dropped
2026-10-05 12:24:20,510 - fontTools.subset - INFO - Added .notdef to subset
2026-10-05 12:24:20,510 - fontTools.subset - INFO - Closing glyph list over 'CFF ': 73 glyphs before
2026-10-05 12:24:20,510 - fontTools.subset - INFO - Glyph names: ['.notdef', 'A', 'B', 'C', 'D', 'E', 'F', 'G', 'M', 'P', 'Q', 'R', 'S', 'T', 'U', 'W', 'a', 'aacute', 'ampersand', 'arrowright.case', 'asciitilde.case', 'at', 'b', 'bar', 'bullet', 'c', 'colon', 'colon.case', 'comma', 'd', 'dollar', 'e', 'eacute', 'eight', 'f', 'five', 'four', 'g', 'h', 'hyphen.case', 'i', 'iacute', 'j', 'k', 'l', 'm', 'n', 'ntilde', 'o', 'oacute', 'one', 'p', 'parenleft', 'parenleft.case', 'parenright', 'period', 'plus.case', 'r', 's', 'six', 'slash', 'space', 'space.tf', 't', 'three', 'trademark', 'two', 'u', 'v', 'w', 'y', 'z', 'zero']
2026-10-05 12:24:20,510 - fontTools.subset - INFO - Glyph IDs:   [0, 2, 65, 73, 84, 95, 137, 141, 293, 376, 383, 385, 398, 412, 425, 460, 508, 509, 579, 587, 598, 615, 619, 648, 659, 671, 690, 701, 721, 729, 738, 768, 775, 776, 792, 798, 845, 854, 873, 891, 917, 982, 986, 1000, 1024, 1311, 1343, 1344, 1345, 1347, 1348, 1349, 1351, 1353, 1424, 1427, 1439, 1440, 1447, 1448, 1457, 1458, 1466, 1473, 1503, 1504, 1507, 1508, 1537, 1543, 1555, 1771, 1823]
2026-10-05 12:24:20,514 - fontTools.subset - INFO - Closed glyph list over 'CFF ': 73 glyphs after
2026-10-05 12:24:20,514 - fontTools.subset - INFO - Glyph names: ['.notdef', 'A', 'B', 'C', 'D', 'E', 'F', 'G', 'M', 'P', 'Q', 'R', 'S', 'T', 'U', 'W', 'a', 'aacute', 'ampersand', 'arrowright.case', 'asciitilde.case', 'at', 'b', 'bar', 'bullet', 'c', 'colon', 'colon.case', 'comma', 'd', 'dollar', 'e', 'eacute', 'eight', 'f', 'five', 'four', 'g', 'h', 'hyphen.case', 'i', 'iacute', 'j', 'k', 'l', 'm', 'n', 'ntilde', 'o', 'oacute', 'one', 'p', 'parenleft', 'parenleft.case', 'parenright', 'period', 'plus.case', 'r', 's', 'six', 'slash', 'space', 'space.tf', 't', 'three', 'trademark', 'two', 'u', 'v', 'w', 'y', 'z', 'zero']
2026-10-05 12:24:20,514 - fontTools.subset - INFO - Glyph IDs:   [0, 2, 65, 73, 84, 95, 137, 141, 293, 376, 383, 385, 398, 412, 425, 460, 508, 509, 579, 587, 598, 615, 619, 648, 659, 671, 690, 701, 721, 729, 738, 768, 775, 776, 792, 798, 845, 854, 873, 891, 917, 982, 986, 1000, 1024, 1311, 1343, 1344, 1345, 1347, 1348, 1349, 1351, 1353, 1424, 1427, 1439, 1440, 1447, 1448, 1457, 1458, 1466, 1473, 1503, 1504, 1507, 1508, 1537, 1543, 1555, 1771, 1823]
2026-10-05 12:24:20,515 - fontTools.subset - INFO - Retaining 73 glyphs
2026-10-05 12:24:20,516 - fontTools.subset - INFO - head subsetting not needed
2026-10-05 12:24:20,516 - fontTools.subset - INFO - hhea subsetting not needed
2026-10-05 12:24:20,516 - fontTools.subset - INFO - maxp subsetting not needed
2026-10-05 12:24:20,516 - fontTools.subset - INFO - OS/2 subsetting not needed
2026-10-05 12:24:20,517 - fontTools.subset - INFO - cmap subsetted
2026-10-05 12:24:20,517 - fontTools.subset - INFO - post subsetted
2026-10-05 12:24:20,521 - fontTools.subset - INFO - CFF  subsetted
2026-10-05 12:24:20,522 - fontTools.subset - INFO - hmtx subsetted
2026-10-05 12:24:20,523 - fontTools.subset - INFO - GDEF subsetted
2026-10-05 12:24:20,523 - fontTools.subset - INFO - name subsetting not needed
2026-10-05 12:24:20,524 - fontTools.subset - INFO - head pruned
2026-10-05 12:24:20,524 - fontTools.subset - INFO - OS/2 Unicode ranges pruned: [0, 1, 31, 35, 60]
2026-10-05 12:24:20,524 - fontTools.subset - INFO - OS/2 CodePage ranges pruned: [0]
2026-10-05 12:24:20,553 - fontTools.subset - INFO - CFF  pruned
2026-10-05 12:24:20,554 - fontTools.subset - INFO - GDEF pruned
2026-10-05 12:24:20,554 - fontTools.subset - INFO - name pruned
2026-10-05 12:24:20,604 - weasyprint - WARNING - Using fontTools instead of HarfBuzz-Subset for font "Noto Color Emoji". This will be unsupported in future versions of WeasyPrint. Please install HarfBuzz-Subset >= 4.1.0 with your package manager.
2026-10-05 12:24:20,604 - fontTools.subset - INFO - maxp pruned
2026-10-05 12:24:20,604 - fontTools.subset - INFO - cmap pruned
2026-10-05 12:24:20,605 - fontTools.subset - INFO - post pruned
2026-10-05 12:24:20,605 - fontTools.subset - INFO - GSUB dropped
2026-10-05 12:24:20,608 - fontTools.subset - INFO - Added .notdef to subset
2026-10-05 12:24:20,610 - fontTools.subset - INFO - Retaining 3 glyphs
2026-10-05 12:24:20,610 - fontTools.subset - INFO - head subsetting not needed
2026-10-05 12:24:20,610 - fontTools.subset - INFO - hhea subsetting not needed
2026-10-05 12:24:20,610 - fontTools.subset - INFO - maxp subsetting not needed
2026-10-05 12:24:20,610 - fontTools.subset - INFO - OS/2 subsetting not needed
2026-10-05 12:24:20,612 - fontTools.subset - INFO - hmtx subsetted
2026-10-05 12:24:20,612 - fontTools.subset - INFO - cmap subsetted
2026-10-05 12:24:20,612 - fontTools.subset - INFO - post subsetted
2026-10-05 12:24:20,747 - fontTools.subset - INFO - CBDT subsetted
2026-10-05 12:24:20,747 - fontTools.subset - INFO - CBLC subsetted
2026-10-05 12:24:20,747 - fontTools.subset - INFO - vhea subsetting not needed
2026-10-05 12:24:20,748 - fontTools.subset - INFO - vmtx subsetted
2026-10-05 12:24:20,748 - fontTools.subset - INFO - name subsetting not needed
2026-10-05 12:24:20,748 - fontTools.subset - INFO - head pruned
2026-10-05 12:24:20,749 - fontTools.subset - INFO - OS/2 Unicode ranges pruned: []
2026-10-05 12:24:20,749 - fontTools.subset - INFO - name pruned
2026-10-05 12:24:20,758 - weasyprint - WARNING - Using fontTools instead of HarfBuzz-Subset for font "Noto Color Emoji". This will be unsupported in future versions of WeasyPrint. Please install HarfBuzz-Subset >= 4.1.0 with your package manager.
2026-10-05 12:24:20,759 - fontTools.subset - INFO - maxp pruned
2026-10-05 12:24:20,759 - fontTools.subset - INFO - cmap pruned
2026-10-05 12:24:20,759 - fontTools.subset - INFO - post pruned
2026-10-05 12:24:20,759 - fontTools.subset - INFO - GSUB dropped
2026-10-05 12:24:20,763 - fontTools.subset - INFO - Added .notdef to subset
2026-10-05 12:24:20,764 - fontTools.subset - INFO - Retaining 2 glyphs
2026-10-05 12:24:20,764 - fontTools.subset - INFO - head subsetting not needed
2026-10-05 12:24:20,764 - fontTools.subset - INFO - hhea subsetting not needed
2026-10-05 12:24:20,765 - fontTools.subset - INFO - maxp subsetting not needed
2026-10-05 12:24:20,765 - fontTools.subset - INFO - OS/2 subsetting not needed
2026-10-05 12:24:20,765 - fontTools.subset - INFO - hmtx subsetted
2026-10-05 12:24:20,766 - fontTools.subset - INFO - cmap subsetted
2026-10-05 12:24:20,766 - fontTools.subset - INFO - post subsetted
2026-10-05 12:24:20,825 - fontTools.subset - INFO - CBDT subsetted
2026-10-05 12:24:20,826 - fontTools.subset - INFO - CBLC subsetted
2026-10-05 12:24:20,826 - fontTools.subset - INFO - vhea subsetting not needed
2026-10-05 12:24:20,826 - fontTools.subset - INFO - vmtx subsetted
2026-10-05 12:24:20,826 - fontTools.subset - INFO - name subsetting not needed
2026-10-05 12:24:20,826 - fontTools.subset - INFO - head pruned
2026-10-05 12:24:20,827 - fontTools.subset - INFO - OS/2 Unicode ranges pruned: []
2026-10-05 12:24:20,827 - fontTools.subset - INFO - name pruned
2026-10-05 12:24:20,840 - agents.proposal_generator_agent - INFO - ✅ PDF generado: data/proposals/PROPUESTA_TechShop_Premium_22.pdf
2026-10-05 12:24:20,842 - orchestrator - INFO - ✅ Archivos de propuesta 22 actualizados
2026-10-05 12:24:20,842 - agents.proposal_generator_agent - INFO - ✅ Propuesta generada: ID 22
2026-10-05 12:24:20,842 - main_orchestrator - INFO - ✅ Proposal Gen | TechShop Premium (ID: 22)
2026-10-05 12:24:20,842 - agents.proposal_generator_agent - INFO - 📝 Generando propuesta para: ConsultorLabs
2026-10-05 12:24:20,844 - orchestrator - INFO - ✅ Propuesta creada: ID 23 para cliente ID 3
2026-10-05 12:24:20,844 - weasyprint.progress - INFO - Step 1 - Fetching and parsing HTML - HTML string
2026-10-05 12:24:20,878 - weasyprint.progress - INFO - Step 2 - Fetching and parsing CSS - CSS string
2026-10-05 12:24:20,883 - weasyprint.progress - INFO - Step 3 - Applying CSS
2026-10-05 12:24:20,887 - weasyprint.progress - INFO - Step 4 - Creating formatting structure
2026-10-05 12:24:20,891 - weasyprint.progress - INFO - Step 5 - Creating layout - Page 1
2026-10-05 12:24:20,931 - weasyprint.progress - INFO - Step 5 - Creating layout - Page 2
2026-10-05 12:24:20,946 - weasyprint.progress - INFO - Step 6 - Creating PDF
2026-10-05 12:24:20,977 - weasyprint.progress - INFO - Step 7 - Adding PDF metadata
2026-10-05 12:24:20,977 - weasyprint - WARNING - Using fontTools instead of HarfBuzz-Subset for font "Inter". This will be unsupported in future versions of WeasyPrint. Please install HarfBuzz-Subset >= 4.1.0 with your package manager.
2026-10-05 12:24:20,977 - fontTools.subset - INFO - maxp pruned
2026-10-05 12:24:20,983 - fontTools.subset - INFO - cmap pruned
2026-10-05 12:24:20,983 - fontTools.subset - INFO - post pruned
2026-10-05 12:24:20,984 - fontTools.subset - INFO - CFF  pruned
2026-10-05 12:24:20,984 - fontTools.subset - INFO - GPOS dropped
2026-10-05 12:24:20,984 - fontTools.subset - INFO - GSUB dropped
2026-10-05 12:24:20,985 - fontTools.subset - INFO - Added .notdef to subset
2026-10-05 12:24:20,985 - fontTools.subset - INFO - Closing glyph list over 'CFF ': 45 glyphs before
2026-10-05 12:24:20,985 - fontTools.subset - INFO - Glyph names: ['.notdef', 'A', 'D', 'I', 'L', 'M', 'N', 'O', 'P', 'Q', 'R', 'S', 'T', 'a', 'c', 'colon', 'd', 'e', 'eacute', 'eight', 'five', 'g', 'i', 'iacute', 'j', 'l', 'm', 'n', 'o', 'oacute', 'p', 'percent', 'plus.case', 'question', 'questiondown', 'r', 's', 'six', 'space', 't', 'two', 'u', 'v', 'y', 'zero']
2026-10-05 12:24:20,985 - fontTools.subset - INFO - Glyph IDs:   [0, 2, 84, 197, 282, 293, 301, 322, 376, 383, 385, 398, 412, 508, 587, 598, 615, 619, 659, 690, 701, 721, 738, 768, 775, 792, 798, 845, 854, 873, 891, 917, 982, 1000, 1343, 1345, 1349, 1351, 1353, 1433, 1436, 1507, 1537, 1738, 1771]
2026-10-05 12:24:20,988 - fontTools.subset - INFO - Closed glyph list over 'CFF ': 45 glyphs after
2026-10-05 12:24:20,988 - fontTools.subset - INFO - Glyph names: ['.notdef', 'A', 'D', 'I', 'L', 'M', 'N', 'O', 'P', 'Q', 'R', 'S', 'T', 'a', 'c', 'colon', 'd', 'e', 'eacute', 'eight', 'five', 'g', 'i', 'iacute', 'j', 'l', 'm', 'n', 'o', 'oacute', 'p', 'percent', 'plus.case', 'question', 'questiondown', 'r', 's', 'six', 'space', 't', 'two', 'u', 'v', 'y', 'zero']
2026-10-05 12:24:20,988 - fontTools.subset - INFO - Glyph IDs:   [0, 2, 84, 197, 282, 293, 301, 322, 376, 383, 385, 398, 412, 508, 587, 598, 615, 619, 659, 690, 701, 721, 738, 768, 775, 792, 798, 845, 854, 873, 891, 917, 982, 1000, 1343, 1345, 1349, 1351, 1353, 1433, 1436, 1507, 1537, 1738, 1771]
2026-10-05 12:24:20,989 - fontTools.subset - INFO - Retaining 45 glyphs
2026-10-05 12:24:20,990 - fontTools.subset - INFO - head subsetting not needed
2026-10-05 12:24:20,990 - fontTools.subset - INFO - hhea subsetting not needed
2026-10-05 12:24:20,990 - fontTools.subset - INFO - maxp subsetting not needed
2026-10-05 12:24:20,990 - fontTools.subset - INFO - OS/2 subsetting not needed
2026-10-05 12:24:20,991 - fontTools.subset - INFO - cmap subsetted
2026-10-05 12:24:20,991 - fontTools.subset - INFO - post subsetted
2026-10-05 12:24:20,994 - fontTools.subset - INFO - CFF  subsetted
2026-10-05 12:24:20,995 - fontTools.subset - INFO - hmtx subsetted
2026-10-05 12:24:20,996 - fontTools.subset - INFO - GDEF subsetted
2026-10-05 12:24:20,997 - fontTools.subset - INFO - name subsetting not needed
2026-10-05 12:24:20,997 - fontTools.subset - INFO - head pruned
2026-10-05 12:24:20,997 - fontTools.subset - INFO - OS/2 Unicode ranges pruned: [0, 1, 60]
2026-10-05 12:24:20,997 - fontTools.subset - INFO - OS/2 CodePage ranges pruned: [0]
2026-10-05 12:24:21,023 - fontTools.subset - INFO - CFF  pruned
2026-10-05 12:24:21,023 - fontTools.subset - INFO - GDEF pruned
2026-10-05 12:24:21,024 - fontTools.subset - INFO - name pruned
2026-10-05 12:24:21,062 - weasyprint - WARNING - Using fontTools instead of HarfBuzz-Subset for font "Inter". This will be unsupported in future versions of WeasyPrint. Please install HarfBuzz-Subset >= 4.1.0 with your package manager.
2026-10-05 12:24:21,063 - fontTools.subset - INFO - maxp pruned
2026-10-05 12:24:21,069 - fontTools.subset - INFO - cmap pruned
2026-10-05 12:24:21,069 - fontTools.subset - INFO - post pruned
2026-10-05 12:24:21,071 - fontTools.subset - INFO - CFF  pruned
2026-10-05 12:24:21,071 - fontTools.subset - INFO - GPOS dropped
2026-10-05 12:24:21,071 - fontTools.subset - INFO - GSUB dropped
2026-10-05 12:24:21,071 - fontTools.subset - INFO - Added .notdef to subset
2026-10-05 12:24:21,072 - fontTools.subset - INFO - Closing glyph list over 'CFF ': 73 glyphs before
2026-10-05 12:24:21,072 - fontTools.subset - INFO - Glyph names: ['.notdef', 'A', 'B', 'C', 'D', 'E', 'F', 'G', 'L', 'M', 'P', 'Q', 'R', 'S', 'T', 'U', 'W', 'a', 'aacute', 'ampersand', 'arrowright.case', 'asciitilde.case', 'at', 'b', 'bar', 'bullet', 'c', 'colon', 'colon.case', 'comma', 'd', 'dollar', 'e', 'eacute', 'f', 'five', 'four', 'g', 'h', 'hyphen.case', 'i', 'iacute', 'j', 'k', 'l', 'm', 'n', 'ntilde', 'o', 'oacute', 'one', 'p', 'parenleft', 'parenleft.case', 'parenright', 'period', 'plus.case', 'r', 's', 'six', 'slash', 'space', 'space.tf', 't', 'three', 'trademark', 'two', 'u', 'v', 'w', 'y', 'z', 'zero']
2026-10-05 12:24:21,072 - fontTools.subset - INFO - Glyph IDs:   [0, 2, 65, 73, 84, 95, 137, 141, 282, 293, 376, 383, 385, 398, 412, 425, 460, 508, 509, 579, 587, 598, 615, 619, 648, 659, 671, 690, 701, 721, 729, 738, 768, 775, 776, 792, 798, 845, 854, 873, 891, 917, 982, 986, 1000, 1024, 1311, 1343, 1344, 1345, 1347, 1348, 1349, 1351, 1424, 1427, 1439, 1440, 1447, 1448, 1457, 1458, 1466, 1473, 1503, 1504, 1507, 1508, 1537, 1543, 1555, 1771, 1823]
2026-10-05 12:24:21,076 - fontTools.subset - INFO - Closed glyph list over 'CFF ': 73 glyphs after
2026-10-05 12:24:21,076 - fontTools.subset - INFO - Glyph names: ['.notdef', 'A', 'B', 'C', 'D', 'E', 'F', 'G', 'L', 'M', 'P', 'Q', 'R', 'S', 'T', 'U', 'W', 'a', 'aacute', 'ampersand', 'arrowright.case', 'asciitilde.case', 'at', 'b', 'bar', 'bullet', 'c', 'colon', 'colon.case', 'comma', 'd', 'dollar', 'e', 'eacute', 'f', 'five', 'four', 'g', 'h', 'hyphen.case', 'i', 'iacute', 'j', 'k', 'l', 'm', 'n', 'ntilde', 'o', 'oacute', 'one', 'p', 'parenleft', 'parenleft.case', 'parenright', 'period', 'plus.case', 'r', 's', 'six', 'slash', 'space', 'space.tf', 't', 'three', 'trademark', 'two', 'u', 'v', 'w', 'y', 'z', 'zero']
2026-10-05 12:24:21,076 - fontTools.subset - INFO - Glyph IDs:   [0, 2, 65, 73, 84, 95, 137, 141, 282, 293, 376, 383, 385, 398, 412, 425, 460, 508, 509, 579, 587, 598, 615, 619, 648, 659, 671, 690, 701, 721, 729, 738, 768, 775, 776, 792, 798, 845, 854, 873, 891, 917, 982, 986, 1000, 1024, 1311, 1343, 1344, 1345, 1347, 1348, 1349, 1351, 1424, 1427, 1439, 1440, 1447, 1448, 1457, 1458, 1466, 1473, 1503, 1504, 1507, 1508, 1537, 1543, 1555, 1771, 1823]
2026-10-05 12:24:21,077 - fontTools.subset - INFO - Retaining 73 glyphs
2026-10-05 12:24:21,078 - fontTools.subset - INFO - head subsetting not needed
2026-10-05 12:24:21,078 - fontTools.subset - INFO - hhea subsetting not needed
2026-10-05 12:24:21,078 - fontTools.subset - INFO - maxp subsetting not needed
2026-10-05 12:24:21,078 - fontTools.subset - INFO - OS/2 subsetting not needed
2026-10-05 12:24:21,079 - fontTools.subset - INFO - cmap subsetted
2026-10-05 12:24:21,079 - fontTools.subset - INFO - post subsetted
2026-10-05 12:24:21,083 - fontTools.subset - INFO - CFF  subsetted
2026-10-05 12:24:21,084 - fontTools.subset - INFO - hmtx subsetted
2026-10-05 12:24:21,085 - fontTools.subset - INFO - GDEF subsetted
2026-10-05 12:24:21,085 - fontTools.subset - INFO - name subsetting not needed
2026-10-05 12:24:21,085 - fontTools.subset - INFO - head pruned
2026-10-05 12:24:21,086 - fontTools.subset - INFO - OS/2 Unicode ranges pruned: [0, 1, 31, 35, 60]
2026-10-05 12:24:21,089 - fontTools.subset - INFO - OS/2 CodePage ranges pruned: [0]
2026-10-05 12:24:21,133 - fontTools.subset - INFO - CFF  pruned
2026-10-05 12:24:21,133 - fontTools.subset - INFO - GDEF pruned
2026-10-05 12:24:21,134 - fontTools.subset - INFO - name pruned
2026-10-05 12:24:21,186 - weasyprint - WARNING - Using fontTools instead of HarfBuzz-Subset for font "Noto Color Emoji". This will be unsupported in future versions of WeasyPrint. Please install HarfBuzz-Subset >= 4.1.0 with your package manager.
2026-10-05 12:24:21,186 - fontTools.subset - INFO - maxp pruned
2026-10-05 12:24:21,186 - fontTools.subset - INFO - cmap pruned
2026-10-05 12:24:21,186 - fontTools.subset - INFO - post pruned
2026-10-05 12:24:21,186 - fontTools.subset - INFO - GSUB dropped
2026-10-05 12:24:21,190 - fontTools.subset - INFO - Added .notdef to subset
2026-10-05 12:24:21,191 - fontTools.subset - INFO - Retaining 3 glyphs
2026-10-05 12:24:21,191 - fontTools.subset - INFO - head subsetting not needed
2026-10-05 12:24:21,192 - fontTools.subset - INFO - hhea subsetting not needed
2026-10-05 12:24:21,192 - fontTools.subset - INFO - maxp subsetting not needed
2026-10-05 12:24:21,192 - fontTools.subset - INFO - OS/2 subsetting not needed
2026-10-05 12:24:21,193 - fontTools.subset - INFO - hmtx subsetted
2026-10-05 12:24:21,193 - fontTools.subset - INFO - cmap subsetted
2026-10-05 12:24:21,193 - fontTools.subset - INFO - post subsetted
2026-10-05 12:24:21,211 - fontTools.subset - INFO - CBDT subsetted
2026-10-05 12:24:21,211 - fontTools.subset - INFO - CBLC subsetted
2026-10-05 12:24:21,211 - fontTools.subset - INFO - vhea subsetting not needed
2026-10-05 12:24:21,212 - fontTools.subset - INFO - vmtx subsetted
2026-10-05 12:24:21,212 - fontTools.subset - INFO - name subsetting not needed
2026-10-05 12:24:21,212 - fontTools.subset - INFO - head pruned
2026-10-05 12:24:21,212 - fontTools.subset - INFO - OS/2 Unicode ranges pruned: []
2026-10-05 12:24:21,213 - fontTools.subset - INFO - name pruned
2026-10-05 12:24:21,220 - weasyprint - WARNING - Using fontTools instead of HarfBuzz-Subset for font "Noto Color Emoji". This will be unsupported in future versions of WeasyPrint. Please install HarfBuzz-Subset >= 4.1.0 with your package manager.
2026-10-05 12:24:21,220 - fontTools.subset - INFO - maxp pruned
2026-10-05 12:24:21,221 - fontTools.subset - INFO - cmap pruned
2026-10-05 12:24:21,221 - fontTools.subset - INFO - post pruned
2026-10-05 12:24:21,221 - fontTools.subset - INFO - GSUB dropped
2026-10-05 12:24:21,224 - fontTools.subset - INFO - Added .notdef to subset
2026-10-05 12:24:21,225 - fontTools.subset - INFO - Retaining 2 glyphs
2026-10-05 12:24:21,225 - fontTools.subset - INFO - head subsetting not needed
2026-10-05 12:24:21,225 - fontTools.subset - INFO - hhea subsetting not needed
2026-10-05 12:24:21,225 - fontTools.subset - INFO - maxp subsetting not needed
2026-10-05 12:24:21,225 - fontTools.subset - INFO - OS/2 subsetting not needed
2026-10-05 12:24:21,226 - fontTools.subset - INFO - hmtx subsetted
2026-10-05 12:24:21,227 - fontTools.subset - INFO - cmap subsetted
2026-10-05 12:24:21,227 - fontTools.subset - INFO - post subsetted
2026-10-05 12:24:21,237 - fontTools.subset - INFO - CBDT subsetted
2026-10-05 12:24:21,238 - fontTools.subset - INFO - CBLC subsetted
2026-10-05 12:24:21,238 - fontTools.subset - INFO - vhea subsetting not needed
2026-10-05 12:24:21,238 - fontTools.subset - INFO - vmtx subsetted
2026-10-05 12:24:21,238 - fontTools.subset - INFO - name subsetting not needed
2026-10-05 12:24:21,239 - fontTools.subset - INFO - head pruned
2026-10-05 12:24:21,239 - fontTools.subset - INFO - OS/2 Unicode ranges pruned: []
2026-10-05 12:24:21,239 - fontTools.subset - INFO - name pruned
2026-10-05 12:24:21,253 - agents.proposal_generator_agent - INFO - ✅ PDF generado: data/proposals/PROPUESTA_ConsultorLabs_23.pdf
2026-10-05 12:24:21,255 - orchestrator - INFO - ✅ Archivos de propuesta 23 actualizados
2026-10-05 12:24:21,255 - agents.proposal_generator_agent - INFO - ✅ Propuesta generada: ID 23
2026-10-05 12:24:21,255 - main_orchestrator - INFO - ✅ Proposal Gen | ConsultorLabs (ID: 23)
2026-10-05 12:24:21,255 - agents.email_sender_agent - INFO - 📧 Enviando propuesta a: info@raices.cl
2026-10-05 12:24:21,291 - agents.email_sender_agent - INFO -   📤 Enviando via SendGrid: info@raices.cl
2026-10-05 12:24:21,699 - agents.email_sender_agent - ERROR -   ❌ Error al enviar email: <urlopen error Tunnel connection failed: 403 Forbidden>
2026-10-05 12:24:21,703 - orchestrator - INFO - ✅ Email registrado - Tipo: proposal, Destinatario: info@raices.cl
2026-10-05 12:24:21,703 - agents.email_sender_agent - INFO -   ✅ Email propuesta registrado
2026-10-05 12:24:21,703 - agents.email_sender_agent - INFO - 📧 Enviando propuesta a: admin@techshop.cl
2026-10-05 12:24:21,703 - agents.email_sender_agent - INFO -   📤 Enviando via SendGrid: admin@techshop.cl
2026-10-05 12:24:22,006 - agents.email_sender_agent - ERROR -   ❌ Error al enviar email: <urlopen error Tunnel connection failed: 403 Forbidden>
2026-10-05 12:24:22,008 - orchestrator - INFO - ✅ Email registrado - Tipo: proposal, Destinatario: admin@techshop.cl
2026-10-05 12:24:22,008 - agents.email_sender_agent - INFO -   ✅ Email propuesta registrado
2026-10-05 12:24:22,008 - agents.email_sender_agent - INFO - 📧 Enviando propuesta a: hello@consultorlabs.cl
2026-10-05 12:24:22,009 - agents.email_sender_agent - INFO -   📤 Enviando via SendGrid: hello@consultorlabs.cl
2026-10-05 12:24:22,376 - agents.email_sender_agent - ERROR -   ❌ Error al enviar email: <urlopen error Tunnel connection failed: 403 Forbidden>
2026-10-05 12:24:22,377 - orchestrator - INFO - ✅ Email registrado - Tipo: proposal, Destinatario: hello@consultorlabs.cl
2026-10-05 12:24:22,377 - agents.email_sender_agent - INFO -   ✅ Email propuesta registrado
2026-10-05 12:24:22,378 - agents.followup_agent - INFO - ⚠️  Ya existe una secuencia activa para Raíces de Cauquenes
2026-10-05 12:24:22,378 - main_orchestrator - INFO - ✅ Follow-up Init | Raíces de Cauquenes (Seq: N/A)
2026-10-05 12:24:22,378 - agents.followup_agent - INFO - ⚠️  Ya existe una secuencia activa para TechShop Premium
2026-10-05 12:24:22,378 - main_orchestrator - INFO - ✅ Follow-up Init | TechShop Premium (Seq: N/A)
2026-10-05 12:24:22,378 - agents.followup_agent - INFO - ⚠️  Ya existe una secuencia activa para ConsultorLabs
2026-10-05 12:24:22,378 - main_orchestrator - INFO - ✅ Follow-up Init | ConsultorLabs (Seq: N/A)
2026-10-05 12:24:22,379 - agents.funnel_management_agent - INFO - ✅ Cliente Raíces de Cauquenes movido a etapa: PROPUESTA
2026-10-05 12:24:22,379 - main_orchestrator - INFO - ✅ Pipeline Update | Raíces de Cauquenes → PROPUESTA
2026-10-05 12:24:22,379 - agents.funnel_management_agent - INFO - ✅ Cliente TechShop Premium movido a etapa: PROPUESTA
2026-10-05 12:24:22,379 - main_orchestrator - INFO - ✅ Pipeline Update | TechShop Premium → PROPUESTA
2026-10-05 12:24:22,380 - agents.funnel_management_agent - INFO - ✅ Cliente ConsultorLabs movido a etapa: PROPUESTA
2026-10-05 12:24:22,380 - main_orchestrator - INFO - ✅ Pipeline Update | ConsultorLabs → PROPUESTA
2026-10-05 12:24:22,380 - agents.lead_scorer_agent - INFO - ✅ Lead Scorer Agent inicializado
2026-10-05 12:24:22,380 - agents.lead_scorer_agent - INFO - 🎯 0 leads con score >= 75
2026-10-05 12:24:22,381 - agents.lead_scorer_agent - INFO - ✅ Lead Scorer Agent inicializado
2026-10-05 12:24:22,382 - agents.lead_scorer_agent - INFO - 🎯 0 leads con score >= 75
2026-10-05 12:24:22,382 - main_orchestrator - INFO - ✅ Dashboard Gen | Dashboards generados (4)
2026-10-05 12:24:22,383 - agents.sales_pipeline_agent - INFO - ✅ Analytics exportado a JSON
2026-10-05 12:24:22,383 - main_orchestrator - INFO - ✅ Reports | Todos los reportes generados
2026-10-05 12:24:22,384 - main_orchestrator - INFO - ✅ Resumen guardado en: data/fase8_execution_summary.json
2026-10-05 12:24:22,384 - orchestrator - INFO - ✅ Conexión a BD cerrada
2026-10-05 12:28:19,736 - orchestrator - INFO - ✅ Configuración cargada desde config.yaml
2026-10-05 12:28:19,736 - orchestrator - INFO - 🚀 Inicializando Felix Automation Orchestrator
2026-10-05 12:28:19,736 - orchestrator - INFO - ✅ Conectado a BD: ./felix_automation.db
2026-10-05 12:28:19,736 - agents.multi_platform_auditor_agent - INFO - ✅ Multi-Platform Auditor Agent inicializado
2026-10-05 12:28:19,736 - agents.lead_scorer_agent - INFO - ✅ Lead Scorer Agent inicializado
2026-10-05 12:28:19,737 - agents.proposal_generator_agent - INFO - ✅ Proposal Generator Agent inicializado
2026-10-05 12:28:19,737 - agents.email_sender_agent - INFO - ✅ SendGrid API key cargada correctamente
2026-10-05 12:28:19,737 - agents.email_queue_agent - INFO - ✅ Email Queue Agent inicializado
2026-10-05 12:28:19,737 - agents.email_sender_agent - INFO - ✅ Email Sender Agent inicializado
2026-10-05 12:28:19,737 - agents.followup_agent - INFO - ✅ Follow-up Agent inicializado
2026-10-05 12:28:19,737 - agents.sales_pipeline_agent - INFO - ✅ Sales Pipeline Agent inicializado
2026-10-05 12:28:19,737 - agents.funnel_management_agent - INFO - ✅ Funnel Management Agent inicializado
2026-10-05 12:28:19,737 - main_orchestrator - INFO - ✅ Main Orchestrator FASE 8 inicializado
2026-10-05 12:28:19,738 - agents.multi_platform_auditor_agent - INFO - 🔍 Auditando cliente: Raíces de Cauquenes en plataformas: ['web', 'facebook_ads', 'google_ads']
2026-10-05 12:28:19,738 - agents.multi_platform_auditor_agent - INFO -   ⚡ Computando Web para Raíces de Cauquenes
2026-10-05 12:28:19,738 - agents.multi_platform_auditor_agent - INFO -   📘 Computando Facebook Ads para Raíces de Cauquenes
2026-10-05 12:28:19,738 - agents.multi_platform_auditor_agent - INFO -   🔍 Computando Google Ads para Raíces de Cauquenes
2026-10-05 12:28:19,741 - orchestrator - INFO - ✅ Auditoría creada: web para cliente ID 1 (Audit ID: 85)
2026-10-05 12:28:19,743 - orchestrator - INFO - ✅ Auditoría 85 actualizada - Score: 72/100
2026-10-05 12:28:19,743 - agents.multi_platform_auditor_agent - INFO -   ✅ web: 72/100
2026-10-05 12:28:19,744 - orchestrator - INFO - ✅ Auditoría creada: facebook_ads para cliente ID 1 (Audit ID: 86)
2026-10-05 12:28:19,745 - orchestrator - INFO - ✅ Auditoría 86 actualizada - Score: 97/100
2026-10-05 12:28:19,745 - agents.multi_platform_auditor_agent - INFO -   ✅ facebook_ads: 97/100
2026-10-05 12:28:19,746 - orchestrator - INFO - ✅ Auditoría creada: google_ads para cliente ID 1 (Audit ID: 87)
2026-10-05 12:28:19,747 - orchestrator - INFO - ✅ Auditoría 87 actualizada - Score: 88/100
2026-10-05 12:28:19,747 - agents.multi_platform_auditor_agent - INFO -   ✅ google_ads: 88/100
2026-10-05 12:28:19,747 - agents.multi_platform_auditor_agent - INFO -   💾 Guardando resultados - Score promedio: 85/100
2026-10-05 12:28:19,747 - main_orchestrator - INFO - ✅ Audit | Cliente Raíces de Cauquenes
2026-10-05 12:28:19,747 - agents.multi_platform_auditor_agent - INFO - 🔍 Auditando cliente: TechShop Premium en plataformas: ['web', 'facebook_ads', 'google_ads']
2026-10-05 12:28:19,748 - agents.multi_platform_auditor_agent - INFO -   ⚡ Computando Web para TechShop Premium
2026-10-05 12:28:19,748 - agents.multi_platform_auditor_agent - INFO -   🔍 Computando Google Ads para TechShop Premium
2026-10-05 12:28:19,748 - agents.multi_platform_auditor_agent - INFO -   📘 Computando Facebook Ads para TechShop Premium
2026-10-05 12:28:19,749 - orchestrator - INFO - ✅ Auditoría creada: web para cliente ID 2 (Audit ID: 88)
2026-10-05 12:28:19,750 - orchestrator - INFO - ✅ Auditoría 88 actualizada - Score: 72/100
2026-10-05 12:28:19,750 - agents.multi_platform_auditor_agent - INFO -   ✅ web: 72/100
2026-10-05 12:28:19,751 - orchestrator - INFO - ✅ Auditoría creada: google_ads para cliente ID 2 (Audit ID: 89)
2026-10-05 12:28:19,752 - orchestrator - INFO - ✅ Auditoría 89 actualizada - Score: 88/100
2026-10-05 12:28:19,752 - agents.multi_platform_auditor_agent - INFO -   ✅ google_ads: 88/100
2026-10-05 12:28:19,753 - orchestrator - INFO - ✅ Auditoría creada: facebook_ads para cliente ID 2 (Audit ID: 90)
2026-10-05 12:28:19,754 - orchestrator - INFO - ✅ Auditoría 90 actualizada - Score: 97/100
2026-10-05 12:28:19,754 - agents.multi_platform_auditor_agent - INFO -   ✅ facebook_ads: 97/100
2026-10-05 12:28:19,754 - agents.multi_platform_auditor_agent - INFO -   💾 Guardando resultados - Score promedio: 85/100
2026-10-05 12:28:19,754 - main_orchestrator - INFO - ✅ Audit | Cliente TechShop Premium
2026-10-05 12:28:19,755 - agents.multi_platform_auditor_agent - INFO - 🔍 Auditando cliente: ConsultorLabs en plataformas: ['web', 'facebook_ads', 'google_ads']
2026-10-05 12:28:19,755 - agents.multi_platform_auditor_agent - INFO -   ⚡ Computando Web para ConsultorLabs
2026-10-05 12:28:19,755 - agents.multi_platform_auditor_agent - INFO -   📘 Computando Facebook Ads para ConsultorLabs
2026-10-05 12:28:19,755 - agents.multi_platform_auditor_agent - INFO -   🔍 Computando Google Ads para ConsultorLabs
2026-10-05 12:28:19,757 - orchestrator - INFO - ✅ Auditoría creada: web para cliente ID 3 (Audit ID: 91)
2026-10-05 12:28:19,758 - orchestrator - INFO - ✅ Auditoría 91 actualizada - Score: 72/100
2026-10-05 12:28:19,758 - agents.multi_platform_auditor_agent - INFO -   ✅ web: 72/100
2026-10-05 12:28:19,758 - orchestrator - INFO - ✅ Auditoría creada: facebook_ads para cliente ID 3 (Audit ID: 92)
2026-10-05 12:28:19,759 - orchestrator - INFO - ✅ Auditoría 92 actualizada - Score: 97/100
2026-10-05 12:28:19,759 - agents.multi_platform_auditor_agent - INFO -   ✅ facebook_ads: 97/100
2026-10-05 12:28:19,760 - orchestrator - INFO - ✅ Auditoría creada: google_ads para cliente ID 3 (Audit ID: 93)
2026-10-05 12:28:19,761 - orchestrator - INFO - ✅ Auditoría 93 actualizada - Score: 88/100
2026-10-05 12:28:19,761 - agents.multi_platform_auditor_agent - INFO -   ✅ google_ads: 88/100
2026-10-05 12:28:19,761 - agents.multi_platform_auditor_agent - INFO -   💾 Guardando resultados - Score promedio: 85/100
2026-10-05 12:28:19,761 - main_orchestrator - INFO - ✅ Audit | Cliente ConsultorLabs
2026-10-05 12:28:19,762 - main_orchestrator - INFO - ✅ Lead Score | Raíces de Cauquenes: 81 🟢 ALTO
2026-10-05 12:28:19,762 - main_orchestrator - INFO - ✅ Lead Score | TechShop Premium: 83 🟢 ALTO
2026-10-05 12:28:19,762 - main_orchestrator - INFO - ✅ Lead Score | ConsultorLabs: 79 🟢 ALTO
2026-10-05 12:28:19,763 - agents.proposal_generator_agent - INFO - 📝 Generando propuesta para: Raíces de Cauquenes
2026-10-05 12:28:19,764 - orchestrator - INFO - ✅ Propuesta creada: ID 24 para cliente ID 1
2026-10-05 12:28:20,145 - weasyprint.progress - INFO - Step 2 - Fetching and parsing CSS - CSS string
2026-10-05 12:28:20,196 - weasyprint.progress - INFO - Step 2 - Fetching and parsing CSS - CSS string
2026-10-05 12:28:20,215 - weasyprint.progress - INFO - Step 2 - Fetching and parsing CSS - CSS string
2026-10-05 12:28:20,310 - weasyprint.progress - INFO - Step 1 - Fetching and parsing HTML - HTML string
2026-10-05 12:28:20,341 - weasyprint.progress - INFO - Step 2 - Fetching and parsing CSS - CSS string
2026-10-05 12:28:20,344 - weasyprint.progress - INFO - Step 3 - Applying CSS
2026-10-05 12:28:20,346 - weasyprint.progress - INFO - Step 4 - Creating formatting structure
2026-10-05 12:28:20,349 - weasyprint.progress - INFO - Step 5 - Creating layout - Page 1
2026-10-05 12:28:20,386 - weasyprint.progress - INFO - Step 5 - Creating layout - Page 2
2026-10-05 12:28:20,400 - weasyprint.progress - INFO - Step 6 - Creating PDF
2026-10-05 12:28:20,457 - weasyprint.progress - INFO - Step 7 - Adding PDF metadata
2026-10-05 12:28:20,457 - weasyprint - WARNING - Using fontTools instead of HarfBuzz-Subset for font "Inter". This will be unsupported in future versions of WeasyPrint. Please install HarfBuzz-Subset >= 4.1.0 with your package manager.
2026-10-05 12:28:20,458 - fontTools.subset - INFO - maxp pruned
2026-10-05 12:28:20,463 - fontTools.subset - INFO - cmap pruned
2026-10-05 12:28:20,464 - fontTools.subset - INFO - post pruned
2026-10-05 12:28:20,465 - fontTools.subset - INFO - CFF  pruned
2026-10-05 12:28:20,465 - fontTools.subset - INFO - GPOS dropped
2026-10-05 12:28:20,465 - fontTools.subset - INFO - GSUB dropped
2026-10-05 12:28:20,466 - fontTools.subset - INFO - Added .notdef to subset
2026-10-05 12:28:20,466 - fontTools.subset - INFO - Closing glyph list over 'CFF ': 43 glyphs before
2026-10-05 12:28:20,466 - fontTools.subset - INFO - Glyph names: ['.notdef', 'A', 'D', 'I', 'L', 'M', 'N', 'O', 'P', 'Q', 'R', 'S', 'T', 'a', 'c', 'colon', 'd', 'e', 'eacute', 'eight', 'five', 'g', 'i', 'iacute', 'j', 'l', 'm', 'n', 'o', 'oacute', 'p', 'percent', 'plus.case', 'question', 'questiondown', 'r', 's', 'six', 'space', 't', 'u', 'v', 'y']
2026-10-05 12:28:20,466 - fontTools.subset - INFO - Glyph IDs:   [0, 2, 84, 197, 282, 293, 301, 322, 376, 383, 385, 398, 412, 508, 587, 598, 615, 619, 659, 690, 701, 721, 738, 768, 775, 792, 798, 845, 854, 873, 891, 917, 982, 1000, 1349, 1351, 1353, 1433, 1436, 1507, 1537, 1738, 1771]
2026-10-05 12:28:20,468 - fontTools.subset - INFO - Closed glyph list over 'CFF ': 43 glyphs after
2026-10-05 12:28:20,468 - fontTools.subset - INFO - Glyph names: ['.notdef', 'A', 'D', 'I', 'L', 'M', 'N', 'O', 'P', 'Q', 'R', 'S', 'T', 'a', 'c', 'colon', 'd', 'e', 'eacute', 'eight', 'five', 'g', 'i', 'iacute', 'j', 'l', 'm', 'n', 'o', 'oacute', 'p', 'percent', 'plus.case', 'question', 'questiondown', 'r', 's', 'six', 'space', 't', 'u', 'v', 'y']
2026-10-05 12:28:20,469 - fontTools.subset - INFO - Glyph IDs:   [0, 2, 84, 197, 282, 293, 301, 322, 376, 383, 385, 398, 412, 508, 587, 598, 615, 619, 659, 690, 701, 721, 738, 768, 775, 792, 798, 845, 854, 873, 891, 917, 982, 1000, 1349, 1351, 1353, 1433, 1436, 1507, 1537, 1738, 1771]
2026-10-05 12:28:20,470 - fontTools.subset - INFO - Retaining 43 glyphs
2026-10-05 12:28:20,470 - fontTools.subset - INFO - head subsetting not needed
2026-10-05 12:28:20,470 - fontTools.subset - INFO - hhea subsetting not needed
2026-10-05 12:28:20,470 - fontTools.subset - INFO - maxp subsetting not needed
2026-10-05 12:28:20,470 - fontTools.subset - INFO - OS/2 subsetting not needed
2026-10-05 12:28:20,471 - fontTools.subset - INFO - cmap subsetted
2026-10-05 12:28:20,471 - fontTools.subset - INFO - post subsetted
2026-10-05 12:28:20,475 - fontTools.subset - INFO - CFF  subsetted
2026-10-05 12:28:20,476 - fontTools.subset - INFO - hmtx subsetted
2026-10-05 12:28:20,477 - fontTools.subset - INFO - GDEF subsetted
2026-10-05 12:28:20,477 - fontTools.subset - INFO - name subsetting not needed
2026-10-05 12:28:20,478 - fontTools.subset - INFO - head pruned
2026-10-05 12:28:20,478 - fontTools.subset - INFO - OS/2 Unicode ranges pruned: [0, 1, 60]
2026-10-05 12:28:20,478 - fontTools.subset - INFO - OS/2 CodePage ranges pruned: [0]
2026-10-05 12:28:20,503 - fontTools.subset - INFO - CFF  pruned
2026-10-05 12:28:20,503 - fontTools.subset - INFO - GDEF pruned
2026-10-05 12:28:20,503 - fontTools.subset - INFO - name pruned
2026-10-05 12:28:20,535 - weasyprint - WARNING - Using fontTools instead of HarfBuzz-Subset for font "Inter". This will be unsupported in future versions of WeasyPrint. Please install HarfBuzz-Subset >= 4.1.0 with your package manager.
2026-10-05 12:28:20,535 - fontTools.subset - INFO - maxp pruned
2026-10-05 12:28:20,540 - fontTools.subset - INFO - cmap pruned
2026-10-05 12:28:20,540 - fontTools.subset - INFO - post pruned
2026-10-05 12:28:20,541 - fontTools.subset - INFO - CFF  pruned
2026-10-05 12:28:20,541 - fontTools.subset - INFO - GPOS dropped
2026-10-05 12:28:20,541 - fontTools.subset - INFO - GSUB dropped
2026-10-05 12:28:20,542 - fontTools.subset - INFO - Added .notdef to subset
2026-10-05 12:28:20,542 - fontTools.subset - INFO - Closing glyph list over 'CFF ': 75 glyphs before
2026-10-05 12:28:20,542 - fontTools.subset - INFO - Glyph names: ['.notdef', 'A', 'B', 'C', 'D', 'E', 'F', 'G', 'M', 'P', 'Q', 'R', 'S', 'T', 'U', 'W', 'a', 'aacute', 'ampersand', 'arrowright.case', 'asciitilde.case', 'at', 'b', 'bar', 'bullet', 'c', 'colon', 'colon.case', 'comma', 'd', 'dollar', 'e', 'eacute', 'eight', 'f', 'five', 'four', 'g', 'h', 'hyphen.case', 'i', 'iacute', 'j', 'k', 'l', 'm', 'n', 'nine', 'ntilde', 'o', 'oacute', 'one', 'p', 'parenleft', 'parenleft.case', 'parenright', 'period', 'plus.case', 'q', 'r', 's', 'six', 'slash', 'space', 'space.tf', 't', 'three', 'trademark', 'two', 'u', 'v', 'w', 'y', 'z', 'zero']
2026-10-05 12:28:20,542 - fontTools.subset - INFO - Glyph IDs:   [0, 2, 65, 73, 84, 95, 137, 141, 293, 376, 383, 385, 398, 412, 425, 460, 508, 509, 579, 587, 598, 615, 619, 648, 659, 671, 690, 701, 721, 729, 738, 768, 775, 776, 792, 798, 845, 851, 854, 873, 891, 917, 982, 986, 1000, 1024, 1311, 1343, 1344, 1345, 1347, 1348, 1349, 1351, 1353, 1354, 1424, 1427, 1439, 1440, 1447, 1448, 1457, 1458, 1466, 1473, 1503, 1504, 1507, 1508, 1537, 1543, 1555, 1771, 1823]
2026-10-05 12:28:20,546 - fontTools.subset - INFO - Closed glyph list over 'CFF ': 75 glyphs after
2026-10-05 12:28:20,547 - fontTools.subset - INFO - Glyph names: ['.notdef', 'A', 'B', 'C', 'D', 'E', 'F', 'G', 'M', 'P', 'Q', 'R', 'S', 'T', 'U', 'W', 'a', 'aacute', 'ampersand', 'arrowright.case', 'asciitilde.case', 'at', 'b', 'bar', 'bullet', 'c', 'colon', 'colon.case', 'comma', 'd', 'dollar', 'e', 'eacute', 'eight', 'f', 'five', 'four', 'g', 'h', 'hyphen.case', 'i', 'iacute', 'j', 'k', 'l', 'm', 'n', 'nine', 'ntilde', 'o', 'oacute', 'one', 'p', 'parenleft', 'parenleft.case', 'parenright', 'period', 'plus.case', 'q', 'r', 's', 'six', 'slash', 'space', 'space.tf', 't', 'three', 'trademark', 'two', 'u', 'v', 'w', 'y', 'z', 'zero']
2026-10-05 12:28:20,547 - fontTools.subset - INFO - Glyph IDs:   [0, 2, 65, 73, 84, 95, 137, 141, 293, 376, 383, 385, 398, 412, 425, 460, 508, 509, 579, 587, 598, 615, 619, 648, 659, 671, 690, 701, 721, 729, 738, 768, 775, 776, 792, 798, 845, 851, 854, 873, 891, 917, 982, 986, 1000, 1024, 1311, 1343, 1344, 1345, 1347, 1348, 1349, 1351, 1353, 1354, 1424, 1427, 1439, 1440, 1447, 1448, 1457, 1458, 1466, 1473, 1503, 1504, 1507, 1508, 1537, 1543, 1555, 1771, 1823]
2026-10-05 12:28:20,548 - fontTools.subset - INFO - Retaining 75 glyphs
2026-10-05 12:28:20,549 - fontTools.subset - INFO - head subsetting not needed
2026-10-05 12:28:20,549 - fontTools.subset - INFO - hhea subsetting not needed
2026-10-05 12:28:20,549 - fontTools.subset - INFO - maxp subsetting not needed
2026-10-05 12:28:20,549 - fontTools.subset - INFO - OS/2 subsetting not needed
2026-10-05 12:28:20,550 - fontTools.subset - INFO - cmap subsetted
2026-10-05 12:28:20,550 - fontTools.subset - INFO - post subsetted
2026-10-05 12:28:20,556 - fontTools.subset - INFO - CFF  subsetted
2026-10-05 12:28:20,558 - fontTools.subset - INFO - hmtx subsetted
2026-10-05 12:28:20,560 - fontTools.subset - INFO - GDEF subsetted
2026-10-05 12:28:20,560 - fontTools.subset - INFO - name subsetting not needed
2026-10-05 12:28:20,560 - fontTools.subset - INFO - head pruned
2026-10-05 12:28:20,560 - fontTools.subset - INFO - OS/2 Unicode ranges pruned: [0, 1, 31, 35, 60]
2026-10-05 12:28:20,560 - fontTools.subset - INFO - OS/2 CodePage ranges pruned: [0]
2026-10-05 12:28:20,599 - fontTools.subset - INFO - CFF  pruned
2026-10-05 12:28:20,599 - fontTools.subset - INFO - GDEF pruned
2026-10-05 12:28:20,599 - fontTools.subset - INFO - name pruned
2026-10-05 12:28:20,658 - weasyprint - WARNING - Using fontTools instead of HarfBuzz-Subset for font "Noto Color Emoji". This will be unsupported in future versions of WeasyPrint. Please install HarfBuzz-Subset >= 4.1.0 with your package manager.
2026-10-05 12:28:20,659 - fontTools.subset - INFO - maxp pruned
2026-10-05 12:28:20,659 - fontTools.subset - INFO - cmap pruned
2026-10-05 12:28:20,659 - fontTools.subset - INFO - post pruned
2026-10-05 12:28:20,660 - fontTools.subset - INFO - GSUB dropped
2026-10-05 12:28:20,676 - fontTools.subset - INFO - Added .notdef to subset
2026-10-05 12:28:20,678 - fontTools.subset - INFO - Retaining 3 glyphs
2026-10-05 12:28:20,679 - fontTools.subset - INFO - head subsetting not needed
2026-10-05 12:28:20,679 - fontTools.subset - INFO - hhea subsetting not needed
2026-10-05 12:28:20,679 - fontTools.subset - INFO - maxp subsetting not needed
2026-10-05 12:28:20,679 - fontTools.subset - INFO - OS/2 subsetting not needed
2026-10-05 12:28:20,680 - fontTools.subset - INFO - hmtx subsetted
2026-10-05 12:28:20,681 - fontTools.subset - INFO - cmap subsetted
2026-10-05 12:28:20,681 - fontTools.subset - INFO - post subsetted
2026-10-05 12:28:20,764 - fontTools.subset - INFO - CBDT subsetted
2026-10-05 12:28:20,765 - fontTools.subset - INFO - CBLC subsetted
2026-10-05 12:28:20,765 - fontTools.subset - INFO - vhea subsetting not needed
2026-10-05 12:28:20,765 - fontTools.subset - INFO - vmtx subsetted
2026-10-05 12:28:20,765 - fontTools.subset - INFO - name subsetting not needed
2026-10-05 12:28:20,766 - fontTools.subset - INFO - head pruned
2026-10-05 12:28:20,766 - fontTools.subset - INFO - OS/2 Unicode ranges pruned: []
2026-10-05 12:28:20,766 - fontTools.subset - INFO - name pruned
2026-10-05 12:28:20,773 - weasyprint - WARNING - Using fontTools instead of HarfBuzz-Subset for font "Noto Color Emoji". This will be unsupported in future versions of WeasyPrint. Please install HarfBuzz-Subset >= 4.1.0 with your package manager.
2026-10-05 12:28:20,773 - fontTools.subset - INFO - maxp pruned
2026-10-05 12:28:20,773 - fontTools.subset - INFO - cmap pruned
2026-10-05 12:28:20,773 - fontTools.subset - INFO - post pruned
2026-10-05 12:28:20,773 - fontTools.subset - INFO - GSUB dropped
2026-10-05 12:28:20,776 - fontTools.subset - INFO - Added .notdef to subset
2026-10-05 12:28:20,777 - fontTools.subset - INFO - Retaining 2 glyphs
2026-10-05 12:28:20,777 - fontTools.subset - INFO - head subsetting not needed
2026-10-05 12:28:20,777 - fontTools.subset - INFO - hhea subsetting not needed
2026-10-05 12:28:20,777 - fontTools.subset - INFO - maxp subsetting not needed
2026-10-05 12:28:20,777 - fontTools.subset - INFO - OS/2 subsetting not needed
2026-10-05 12:28:20,778 - fontTools.subset - INFO - hmtx subsetted
2026-10-05 12:28:20,778 - fontTools.subset - INFO - cmap subsetted
2026-10-05 12:28:20,778 - fontTools.subset - INFO - post subsetted
2026-10-05 12:28:20,804 - fontTools.subset - INFO - CBDT subsetted
2026-10-05 12:28:20,804 - fontTools.subset - INFO - CBLC subsetted
2026-10-05 12:28:20,804 - fontTools.subset - INFO - vhea subsetting not needed
2026-10-05 12:28:20,804 - fontTools.subset - INFO - vmtx subsetted
2026-10-05 12:28:20,804 - fontTools.subset - INFO - name subsetting not needed
2026-10-05 12:28:20,805 - fontTools.subset - INFO - head pruned
2026-10-05 12:28:20,805 - fontTools.subset - INFO - OS/2 Unicode ranges pruned: []
2026-10-05 12:28:20,805 - fontTools.subset - INFO - name pruned
2026-10-05 12:28:20,818 - agents.proposal_generator_agent - INFO - ✅ PDF generado: data/proposals/PROPUESTA_Raíces_de_Cauquenes_24.pdf
2026-10-05 12:28:20,820 - orchestrator - INFO - ✅ Archivos de propuesta 24 actualizados
2026-10-05 12:28:20,820 - agents.proposal_generator_agent - INFO - ✅ Propuesta generada: ID 24
2026-10-05 12:28:20,820 - main_orchestrator - INFO - ✅ Proposal Gen | Raíces de Cauquenes (ID: 24)
2026-10-05 12:28:20,820 - main_orchestrator - INFO - ❌ Proposal Gen | [Errno 32] Broken pipe
